id,genre,director_tier,lead_actor_tier,production_budget,runtime_min,rating_age,release_month,is_sequel,is_imported,screen_count,box_office_grade
0,스릴러,4,1,3.1,142,12세,11,0,0,280,0
1,스릴러,5,1,264.8,120,15세,8,0,0,301,1
2,액션,1,4,175.8,162,15세,11,1,0,1004,0
3,애니메이션,2,3,283.6,89,청불,9,0,0,605,0
4,코미디,5,1,268.1,131,청불,1,1,1,1772,2
5,코미디,3,2,43.1,142,12세,7,0,0,1862,1
6,액션,5,3,131.3,93,15세,9,0,0,1291,1
7,호러,2,3,255.0,154,12세,12,0,0,859,3
8,코미디,2,5,99.8,175,12세,2,0,0,1307,1
9,스릴러,5,5,119.0,139,15세,5,1,1,1971,1
10,로맨스,4,4,181.6,107,15세,4,0,1,982,0
11,애니메이션,2,5,58.0,145,15세,5,0,0,2276,1
12,로맨스,1,5,211.2,156,전체관람가,12,0,1,2007,2
13,애니메이션,2,4,221.9,162,12세,8,0,0,694,0
14,애니메이션,2,3,201.8,156,15세,5,0,0,1474,2
15,드라마,3,4,145.8,95,12세,11,0,0,320,0
16,로맨스,1,2,219.1,129,12세,9,0,1,2288,2
17,로맨스,3,3,74.9,127,12세,2,0,1,1963,3
18,애니메이션,5,1,283.5,126,전체관람가,7,0,0,694,1
19,애니메이션,3,1,225.7,99,15세,3,0,1,2057,2
20,호러,4,1,144.4,135,12세,5,1,0,2008,2
21,로맨스,3,1,161.6,92,15세,4,1,1,1615,1
22,액션,2,3,181.4,86,15세,8,0,1,821,0
23,액션,3,2,206.1,138,12세,5,0,0,2035,3
24,드라마,4,3,67.1,145,12세,5,0,1,2245,0
25,스릴러,4,3,84.6,121,청불,12,0,0,224,0
26,드라마,2,1,117.7,177,15세,9,0,1,484,1
27,SF,5,3,89.7,87,15세,11,0,0,2104,1
28,드라마,5,5,290.9,118,12세,2,0,1,2166,1
29,액션,4,2,42.3,86,15세,8,0,1,2376,3
30,호러,4,3,217.6,123,전체관람가,3,0,1,2364,1
31,로맨스,4,2,233.8,172,전체관람가,2,0,1,1342,0
32,애니메이션,5,5,227.6,106,12세,11,0,1,743,0
33,스릴러,1,2,28.2,168,15세,2,0,0,2171,1
34,로맨스,5,3,247.3,97,15세,12,0,0,1618,2
35,드라마,4,3,209.4,170,청불,2,0,0,1324,0
36,드라마,2,1,208.1,131,15세,9,1,1,2061,3
37,드라마,1,2,259.9,128,15세,2,0,1,2074,3
38,호러,3,4,231.5,176,15세,1,0,1,2345,3
39,액션,3,1,227.7,145,전체관람가,11,0,0,1307,3
40,스릴러,1,2,136.4,121,12세,1,0,0,1798,3
41,코미디,2,3,293.0,132,청불,6,0,1,245,0
42,로맨스,1,2,205.0,124,15세,3,1,0,2466,3
43,호러,1,2,52.7,113,15세,9,0,0,1441,1
44,애니메이션,4,4,188.3,105,15세,3,0,1,659,0
45,호러,4,4,23.4,97,15세,5,0,1,1103,0
46,드라마,1,1,99.7,125,12세,11,0,1,1645,2
47,호러,4,1,236.2,125,12세,1,0,0,1201,2
48,코미디,4,4,138.7,122,전체관람가,2,0,0,619,0
49,액션,3,4,7.4,161,전체관람가,3,0,0,1602,0
50,액션,1,3,241.0,146,12세,1,0,0,1874,3
51,스릴러,3,4,243.8,131,전체관람가,3,0,0,1611,1
52,로맨스,5,3,188.0,119,전체관람가,8,0,1,2117,1
53,SF,1,4,207.5,176,15세,1,0,0,1500,3
54,호러,4,3,33.8,122,15세,6,0,0,1261,0
55,호러,2,4,289.2,140,청불,12,0,0,819,0
56,스릴러,1,2,147.5,84,15세,9,1,1,210,2
57,코미디,4,2,77.8,146,15세,9,0,0,1305,0
58,호러,2,5,33.8,133,12세,2,0,0,1372,0
59,호러,2,5,157.2,95,12세,11,1,1,970,0
60,코미디,2,2,261.9,91,12세,6,0,1,1612,2
61,호러,5,2,65.2,161,12세,3,0,1,1694,0
62,호러,3,2,105.6,165,15세,11,0,0,1985,0
63,스릴러,4,2,225.6,120,12세,11,1,0,1855,3
64,액션,2,4,87.3,87,12세,12,0,1,868,2
65,로맨스,2,2,182.6,93,전체관람가,10,0,1,2034,2
66,애니메이션,1,5,109.6,86,12세,7,1,0,1661,3
67,드라마,3,4,232.2,174,15세,3,0,1,2121,2
68,스릴러,3,2,208.0,166,12세,3,1,1,367,0
69,SF,4,2,176.4,91,전체관람가,7,0,0,1790,1
70,스릴러,4,2,226.5,113,15세,8,1,1,724,1
71,코미디,4,1,44.5,102,15세,9,0,1,696,1
72,호러,5,4,47.0,158,15세,6,1,0,832,0
73,액션,5,2,251.8,162,15세,2,0,0,2132,2
74,드라마,2,2,28.9,136,15세,5,0,1,1931,1
75,액션,2,1,133.1,117,15세,4,0,0,1693,3
76,애니메이션,1,4,43.9,167,15세,5,0,1,909,1
77,애니메이션,4,5,218.8,81,15세,3,0,0,1422,1
78,스릴러,3,2,63.2,108,15세,1,0,0,649,0
79,코미디,2,3,270.9,105,15세,1,0,1,2022,2
80,액션,5,4,132.8,127,15세,5,0,0,1769,1
81,스릴러,4,1,268.5,87,12세,6,0,0,864,0
82,액션,3,5,152.7,176,12세,7,0,0,2285,2
83,코미디,3,5,223.4,149,전체관람가,5,0,1,1218,0
84,액션,3,5,5.4,156,12세,12,0,1,2360,2
85,드라마,4,1,139.2,166,12세,10,1,1,753,1
86,애니메이션,5,3,133.0,174,12세,4,0,1,2112,1
87,애니메이션,5,5,97.8,179,전체관람가,7,0,1,2249,0
88,코미디,1,3,259.9,164,15세,8,1,0,945,0
89,액션,2,3,239.9,122,전체관람가,10,0,1,383,1
90,SF,2,3,107.9,163,청불,1,0,0,988,0
91,SF,2,4,190.7,84,15세,9,0,0,1455,1
92,액션,3,3,215.9,166,전체관람가,12,0,0,1541,2
93,코미디,4,4,159.6,153,12세,10,0,1,2259,2
94,드라마,1,2,219.0,154,청불,5,0,0,713,1
95,로맨스,5,3,137.3,139,15세,7,0,0,495,0
96,로맨스,2,5,200.2,102,전체관람가,2,0,0,1223,1
97,로맨스,1,2,216.2,173,15세,7,1,1,2019,3
98,액션,2,5,106.9,130,15세,6,0,0,338,0
99,호러,3,2,134.9,153,15세,12,1,1,2219,1
100,호러,2,1,78.9,140,전체관람가,1,0,1,349,0
101,로맨스,3,3,216.8,180,12세,11,0,0,1387,0
102,드라마,5,2,78.4,97,12세,12,1,0,1463,2
103,로맨스,1,4,87.8,142,15세,9,0,0,848,1
104,로맨스,1,5,253.3,138,전체관람가,1,0,1,2351,2
105,스릴러,1,1,82.9,141,전체관람가,1,0,0,1179,2
106,로맨스,1,4,62.7,124,전체관람가,8,0,0,1162,1
107,애니메이션,1,1,20.2,143,15세,10,0,1,1302,1
108,호러,5,4,111.4,110,12세,12,0,1,842,0
109,호러,5,3,59.2,81,청불,8,0,0,575,0
110,호러,4,1,272.7,138,15세,12,0,0,2134,2
111,SF,2,1,137.0,148,15세,10,0,1,1745,1
112,애니메이션,4,3,217.6,83,전체관람가,10,0,0,148,0
113,코미디,4,2,221.3,174,15세,3,1,0,1875,1
114,로맨스,4,5,110.3,143,전체관람가,9,0,1,447,0
115,호러,4,2,50.7,99,청불,11,1,1,700,0
116,코미디,2,2,209.0,159,청불,10,0,0,297,2
117,호러,5,1,41.8,85,12세,6,1,0,2415,2
118,로맨스,3,1,157.4,90,15세,5,0,1,385,0
119,SF,2,5,78.3,83,15세,2,0,1,1779,0
120,코미디,1,5,145.8,170,15세,8,0,0,629,0
121,로맨스,3,1,39.3,103,청불,2,0,0,1771,1
122,SF,5,4,296.4,94,15세,11,1,0,704,0
123,SF,2,2,257.7,93,청불,3,1,0,1563,0
124,애니메이션,2,5,169.8,138,15세,1,0,0,276,2
125,호러,5,3,291.7,176,청불,12,1,0,2313,2
126,로맨스,5,1,15.0,125,15세,4,0,0,2158,0
127,코미디,2,4,19.0,176,15세,11,0,0,2401,1
128,로맨스,3,4,23.0,142,전체관람가,5,1,0,1889,1
129,로맨스,2,2,90.7,127,12세,8,0,0,104,1
130,코미디,4,2,104.6,173,15세,6,1,0,2017,2
131,애니메이션,3,3,188.2,90,12세,8,0,0,286,1
132,호러,5,1,68.2,159,15세,9,0,1,1075,0
133,호러,3,2,276.9,100,12세,9,0,0,1048,0
134,호러,2,5,86.4,131,12세,6,0,0,1782,1
135,SF,2,5,166.2,91,15세,3,1,0,741,0
136,SF,1,3,21.5,129,12세,3,0,0,591,0
137,로맨스,2,4,179.4,172,청불,3,0,0,1723,1
138,SF,4,3,123.2,166,15세,3,0,1,248,0
139,호러,4,1,189.4,97,청불,1,0,0,2103,1
140,SF,2,3,281.1,154,12세,1,0,0,312,3
141,액션,2,4,33.5,174,12세,1,0,0,626,1
142,코미디,2,2,1.3,144,청불,7,1,0,1207,0
143,코미디,3,3,170.2,137,12세,8,0,1,805,0
144,호러,2,3,146.0,135,전체관람가,5,0,0,1274,1
145,스릴러,2,3,13.2,140,전체관람가,9,0,0,1270,1
146,드라마,2,4,233.0,157,청불,8,0,1,1578,1
147,액션,4,2,202.2,108,12세,3,1,0,1264,2
148,드라마,3,4,35.3,174,전체관람가,8,0,1,1052,0
149,호러,5,1,88.2,125,15세,12,0,0,1188,1
150,드라마,2,4,200.5,136,12세,5,0,0,1569,2
151,애니메이션,4,2,17.8,169,청불,5,0,0,2236,0
152,애니메이션,1,4,55.0,113,15세,10,0,1,1285,1
153,로맨스,4,4,231.4,134,12세,2,0,0,2240,2
154,호러,3,1,152.9,176,15세,10,0,1,2385,3
155,액션,3,2,261.9,155,전체관람가,12,0,1,2081,3
156,코미디,3,2,139.4,140,청불,6,0,0,1644,0
157,코미디,2,5,110.0,95,15세,1,0,1,1851,2
158,애니메이션,2,4,98.9,161,15세,11,0,1,1319,2
159,드라마,3,4,161.3,125,12세,11,1,0,2164,2
160,스릴러,2,3,68.5,90,15세,7,1,1,2006,2
161,애니메이션,3,3,214.1,149,12세,1,0,1,2061,3
162,SF,4,4,177.5,146,12세,11,0,1,1821,2
163,스릴러,2,3,36.1,128,청불,11,0,0,215,0
164,호러,3,5,237.0,131,12세,1,0,1,946,0
165,코미디,4,3,281.5,180,전체관람가,7,0,0,2458,3
166,SF,1,4,280.5,113,15세,6,0,0,894,1
167,로맨스,5,2,85.8,119,전체관람가,8,0,0,1940,0
168,애니메이션,1,3,204.3,86,15세,8,1,0,1150,3
169,액션,4,2,65.2,119,15세,10,0,1,2077,2
170,드라마,1,3,32.5,162,청불,7,0,0,1285,0
171,SF,5,2,33.3,104,청불,3,0,1,2414,1
172,드라마,3,5,223.5,107,12세,12,0,0,1184,0
173,SF,4,5,205.4,93,전체관람가,12,1,0,959,1
174,드라마,3,3,238.9,166,청불,4,0,0,937,0
175,코미디,2,3,292.3,161,12세,11,1,0,208,0
176,액션,1,2,270.1,118,15세,7,1,0,1213,2
177,SF,2,4,54.4,133,15세,1,1,1,836,2
178,SF,5,4,45.9,99,15세,1,0,1,828,0
179,로맨스,2,4,115.2,170,15세,11,1,0,160,1
180,스릴러,5,1,115.3,115,전체관람가,10,0,0,1678,1
181,드라마,1,3,237.8,157,12세,3,0,0,410,1
182,스릴러,1,5,277.8,132,전체관람가,1,0,0,2100,3
183,호러,2,5,209.9,148,15세,10,0,0,1378,0
184,액션,2,2,138.3,124,15세,6,0,1,2185,1
185,SF,2,1,131.3,121,15세,11,0,0,2197,2
186,애니메이션,1,3,207.9,142,12세,11,0,1,613,1
187,로맨스,4,2,160.8,175,청불,7,0,0,214,0
188,스릴러,1,4,70.5,157,12세,10,0,0,1714,2
189,코미디,3,3,244.8,114,청불,2,0,1,1369,1
190,로맨스,1,4,285.7,80,15세,7,0,0,1406,3
191,액션,3,3,202.5,91,15세,5,0,0,2033,2
192,로맨스,3,5,286.0,166,12세,11,0,1,2484,3
193,액션,4,3,139.8,142,15세,12,1,0,1913,3
194,코미디,5,1,45.0,84,12세,2,0,1,489,0
195,애니메이션,2,2,264.6,159,15세,5,0,0,723,2
196,스릴러,1,3,224.3,122,전체관람가,11,0,1,933,1
197,코미디,5,5,181.3,117,15세,10,0,1,319,0
198,애니메이션,4,3,298.4,88,15세,10,0,1,2180,3
199,애니메이션,2,5,76.0,147,12세,10,1,1,1316,0
200,드라마,3,1,102.2,147,15세,1,0,0,142,0
201,호러,4,5,57.7,140,15세,1,0,1,995,0
202,호러,2,2,64.5,164,15세,10,0,0,2367,0
203,액션,5,5,206.7,154,12세,3,1,0,1495,1
204,드라마,3,5,264.3,102,12세,1,0,1,1761,2
205,SF,3,4,120.9,118,청불,5,0,1,1934,0
206,스릴러,4,3,152.3,166,전체관람가,4,0,0,2111,1
207,액션,3,3,286.3,170,청불,12,0,0,595,1
208,액션,1,4,245.5,169,청불,8,0,0,1958,2
209,코미디,5,3,253.6,111,전체관람가,5,0,0,1964,1
210,스릴러,3,1,156.9,86,전체관람가,12,0,0,676,2
211,로맨스,4,1,175.7,83,12세,9,0,0,1509,1
212,SF,4,3,88.8,175,15세,5,0,0,832,0
213,로맨스,4,1,2.2,151,12세,8,0,1,1255,0
214,SF,5,5,204.5,106,15세,8,0,0,621,0
215,애니메이션,5,1,276.2,161,12세,7,0,0,1521,1
216,호러,5,1,267.3,147,전체관람가,8,1,0,951,2
217,스릴러,1,5,276.7,148,15세,4,0,0,330,1
218,스릴러,5,1,35.7,91,15세,8,0,0,2354,1
219,호러,1,2,190.7,116,12세,12,0,0,518,2
220,SF,1,1,245.3,120,15세,2,0,1,519,2
221,애니메이션,3,3,176.6,91,12세,4,0,1,1584,0
222,호러,1,4,25.5,141,15세,11,0,1,1036,0
223,호러,2,2,23.8,87,12세,11,0,0,2314,2
224,드라마,2,5,244.7,93,15세,2,0,0,1371,2
225,애니메이션,2,1,170.2,112,15세,9,0,0,1772,1
226,로맨스,1,1,188.3,148,전체관람가,2,0,1,586,1
227,호러,2,4,133.0,154,15세,3,0,0,2231,2
228,로맨스,3,3,256.0,126,15세,1,0,1,310,1
229,드라마,1,4,292.7,101,12세,10,1,0,1464,2
230,로맨스,1,4,135.8,111,15세,8,0,1,445,1
231,드라마,1,1,77.0,113,청불,9,0,0,1009,0
232,SF,5,3,111.9,101,청불,7,0,1,230,0
233,스릴러,1,3,137.5,179,청불,6,1,1,1525,0
234,애니메이션,4,2,234.4,176,12세,5,0,0,660,0
235,호러,5,4,197.5,145,청불,8,0,1,865,0
236,스릴러,3,5,45.4,124,청불,12,0,1,1085,0
237,코미디,5,4,75.1,154,전체관람가,2,0,0,2343,1
238,애니메이션,1,2,299.3,127,15세,12,0,0,1033,1
239,코미디,4,4,182.3,91,15세,9,1,1,735,0
240,드라마,1,4,289.8,158,12세,7,1,0,737,1
241,액션,3,1,188.5,152,15세,5,0,1,2402,2
242,액션,3,1,143.5,169,12세,7,0,0,1684,2
243,드라마,4,2,78.1,177,청불,7,0,0,527,0
244,SF,5,2,102.4,135,15세,6,0,0,2008,1
245,드라마,3,1,108.6,105,12세,8,1,0,2153,3
246,호러,4,4,171.0,159,15세,1,1,0,1116,1
247,코미디,4,4,233.9,117,15세,8,1,1,910,0
248,코미디,3,2,70.4,180,15세,11,0,0,110,1
249,드라마,3,3,107.0,102,15세,1,0,0,1604,2
250,스릴러,5,5,96.7,179,청불,2,0,1,333,0
251,로맨스,4,5,37.0,125,12세,6,0,1,477,0
252,호러,3,4,50.5,126,12세,2,0,1,1607,0
253,액션,4,1,13.5,98,청불,8,0,1,1636,1
254,애니메이션,3,4,273.5,105,12세,2,0,0,810,1
255,스릴러,4,1,165.4,159,전체관람가,9,0,0,1777,2
256,호러,4,3,158.6,121,12세,2,0,0,2115,1
257,로맨스,2,4,205.1,164,15세,4,0,1,788,0
258,액션,1,5,229.4,117,12세,2,0,1,1813,2
259,액션,5,1,155.5,141,12세,9,1,0,1598,2
260,드라마,5,1,242.2,111,청불,4,0,0,906,1
261,애니메이션,5,5,183.0,122,15세,8,0,0,1744,1
262,로맨스,3,5,89.3,174,15세,3,0,0,1319,0
263,SF,4,2,269.2,98,전체관람가,10,0,0,1853,2
264,로맨스,2,2,96.9,157,전체관람가,8,0,0,1037,0
265,코미디,3,3,170.6,164,15세,6,0,0,742,0
266,호러,2,2,63.3,162,12세,7,0,1,2035,3
267,호러,1,4,30.8,167,15세,10,0,1,2311,2
268,코미디,1,5,257.9,179,15세,5,0,1,1040,1
269,드라마,3,3,121.9,120,15세,7,0,1,2254,3
270,드라마,4,5,142.2,177,전체관람가,9,0,0,652,0
271,코미디,1,5,33.2,98,12세,4,1,0,903,2
272,액션,4,3,83.6,148,전체관람가,1,0,1,883,1
273,액션,1,2,163.9,159,15세,3,0,1,313,3
274,SF,2,5,120.5,151,전체관람가,10,0,1,164,0
275,호러,4,2,52.7,84,청불,5,0,0,630,0
276,코미디,1,1,143.5,144,12세,6,0,1,1067,2
277,애니메이션,2,4,189.7,92,전체관람가,8,0,1,1314,0
278,코미디,3,4,112.4,132,청불,8,1,0,818,0
279,코미디,5,5,20.5,138,15세,2,0,0,608,0
280,드라마,5,4,2.3,132,청불,2,0,0,1704,0
281,스릴러,5,1,110.0,160,12세,8,1,1,1614,2
282,호러,1,4,270.0,141,15세,2,0,1,1863,2
283,로맨스,2,2,11.7,166,15세,5,0,1,519,0
284,SF,3,4,268.8,120,15세,2,0,1,364,0
285,로맨스,3,2,245.6,137,12세,2,0,0,1487,3
286,호러,3,3,138.4,117,12세,8,0,0,2466,2
287,SF,1,3,82.3,101,15세,4,1,0,1936,3
288,드라마,3,4,83.3,102,15세,8,0,0,1800,1
289,코미디,4,1,232.5,137,15세,6,0,1,2186,2
290,코미디,1,5,18.3,96,청불,5,0,0,609,0
291,호러,1,2,239.5,102,15세,5,0,0,1286,2
292,로맨스,4,2,291.9,81,전체관람가,2,0,1,1763,2
293,코미디,5,3,146.1,107,15세,6,0,1,1292,0
294,코미디,5,4,38.7,136,15세,3,0,0,256,0
295,스릴러,4,3,97.4,96,청불,6,0,1,2242,1
296,액션,2,1,294.0,108,청불,6,0,0,1030,2
297,드라마,1,5,172.5,153,12세,9,0,0,1905,2
298,스릴러,5,2,3.9,170,15세,7,0,1,451,0
299,애니메이션,2,3,152.5,134,15세,9,0,1,963,1
300,애니메이션,2,3,163.6,89,15세,10,0,1,1891,2
301,코미디,1,5,12.7,80,청불,3,0,1,1150,0
302,로맨스,2,2,284.9,155,12세,9,0,0,1856,2
303,드라마,4,1,116.9,111,전체관람가,2,0,1,1978,2
304,SF,3,1,97.0,122,12세,8,1,0,1619,3
305,스릴러,2,4,128.3,115,15세,5,1,1,2055,1
306,드라마,5,3,144.7,131,15세,7,0,0,2321,2
307,드라마,2,4,197.4,94,청불,1,0,1,2062,1
308,호러,2,3,49.8,145,전체관람가,3,0,0,2195,1
309,애니메이션,1,1,161.4,180,15세,7,0,0,663,1
310,SF,3,5,216.3,107,전체관람가,9,1,0,1159,0
311,SF,4,5,190.0,122,15세,7,0,1,668,0
312,로맨스,3,5,141.3,167,12세,3,0,0,1300,0
313,드라마,4,2,128.9,91,12세,3,0,1,740,0
314,호러,5,1,51.5,152,15세,7,0,1,296,0
315,호러,4,1,51.1,106,15세,5,0,0,1597,0
316,코미디,2,2,257.8,101,12세,2,0,0,433,1
317,SF,5,3,116.0,176,15세,5,0,1,1026,0
318,액션,3,5,63.6,118,12세,4,1,0,2204,2
319,액션,3,1,266.2,122,청불,4,0,0,2102,3
320,드라마,2,2,266.8,179,15세,11,0,1,2034,2
321,액션,5,3,189.4,126,전체관람가,12,1,1,951,2
322,로맨스,5,5,197.2,113,청불,2,0,0,2074,0
323,드라마,1,3,292.0,112,15세,9,0,0,852,1
324,애니메이션,1,2,143.3,158,15세,4,0,0,748,2
325,액션,1,3,242.3,99,전체관람가,6,0,1,222,0
326,SF,2,4,227.4,149,15세,8,0,1,835,1
327,코미디,4,5,14.9,103,전체관람가,11,0,1,1531,0
328,코미디,1,4,12.0,157,15세,10,0,0,205,0
329,애니메이션,3,4,116.2,116,전체관람가,5,1,0,865,1
330,액션,3,1,171.7,178,15세,10,0,0,2280,3
331,로맨스,5,5,92.3,113,15세,4,0,0,1909,0
332,SF,1,4,130.6,104,15세,4,0,1,2493,3
333,로맨스,2,5,266.4,102,청불,12,0,0,1084,0
334,액션,1,1,243.9,118,청불,11,0,0,1963,3
335,애니메이션,5,1,239.7,117,15세,3,0,0,134,0
336,SF,1,5,216.1,167,15세,12,1,1,1111,1
337,SF,5,4,218.8,161,12세,8,0,0,1555,1
338,드라마,3,3,136.0,81,15세,12,0,0,2286,2
339,로맨스,5,4,135.8,170,15세,2,0,0,805,0
340,SF,1,3,292.7,177,15세,10,0,1,1857,2
341,코미디,5,3,276.4,107,청불,9,0,1,1922,0
342,액션,1,1,167.7,176,15세,2,0,0,1673,3
343,액션,1,2,9.1,112,청불,12,0,1,1782,1
344,드라마,3,4,120.6,142,15세,3,0,0,2014,2
345,액션,1,3,280.9,178,청불,11,0,0,1738,2
346,액션,3,5,167.9,155,전체관람가,3,0,0,2069,2
347,드라마,2,1,286.5,121,12세,1,0,0,1972,3
348,로맨스,5,5,251.5,166,청불,1,1,1,1894,0
349,호러,3,5,92.6,118,청불,12,0,0,1051,0
350,SF,3,3,272.4,137,12세,7,0,0,1660,2
351,스릴러,4,1,111.3,113,전체관람가,4,1,1,193,0
352,애니메이션,4,3,121.4,101,전체관람가,5,0,1,974,0
353,호러,5,5,22.9,137,청불,12,1,1,1748,0
354,스릴러,4,1,87.7,155,12세,11,0,1,2455,2
355,액션,4,1,205.1,112,전체관람가,7,0,1,2308,2
356,코미디,3,5,198.6,146,전체관람가,11,0,1,1717,1
357,호러,5,3,294.4,155,15세,6,0,0,1614,0
358,호러,2,1,41.4,92,15세,8,1,0,1973,3
359,드라마,3,2,247.4,84,15세,6,0,0,509,1
360,애니메이션,2,5,109.0,104,청불,2,0,1,2180,1
361,스릴러,2,1,21.8,125,12세,10,0,0,2080,1
362,SF,3,3,227.4,88,15세,4,0,0,2253,1
363,코미디,5,4,197.1,151,12세,6,0,1,1584,1
364,액션,4,4,230.5,152,15세,1,0,0,229,0
365,호러,5,1,276.4,115,15세,11,0,0,808,0
366,SF,5,1,114.4,98,15세,12,0,0,208,0
367,SF,1,1,23.8,106,전체관람가,6,0,0,891,2
368,코미디,2,3,228.2,92,15세,7,0,1,1367,2
369,호러,2,5,145.9,93,15세,10,1,1,2422,2
370,드라마,1,3,247.7,148,15세,3,1,0,280,2
371,SF,1,2,266.0,158,15세,3,0,0,162,0
372,SF,2,2,52.2,112,15세,8,0,0,602,0
373,코미디,4,2,186.7,150,15세,2,0,1,645,0
374,액션,3,3,62.1,174,15세,5,1,0,649,0
375,로맨스,1,2,272.9,112,15세,8,0,1,335,1
376,액션,3,5,53.3,149,전체관람가,9,1,0,1907,3
377,SF,3,3,163.6,143,15세,11,1,0,1380,1
378,로맨스,5,4,41.1,107,12세,6,0,0,264,0
379,로맨스,1,4,130.1,157,15세,7,0,0,2009,1
380,스릴러,2,1,220.3,86,15세,10,1,0,1426,2
381,스릴러,4,3,271.0,178,15세,2,0,0,1294,2
382,로맨스,2,3,273.9,172,15세,6,0,0,428,0
383,로맨스,4,2,241.8,162,15세,2,0,0,159,0
384,코미디,5,5,41.0,86,12세,3,0,1,607,0
385,스릴러,1,1,252.8,167,청불,6,1,1,693,1
386,드라마,2,5,64.9,178,청불,5,0,0,226,0
387,스릴러,3,3,225.3,179,전체관람가,1,0,0,1828,2
388,액션,1,1,73.9,84,15세,9,0,1,1606,3
389,코미디,2,3,86.2,180,전체관람가,5,0,0,2051,1
390,호러,4,1,256.9,82,12세,3,0,0,563,0
391,SF,4,1,138.0,125,전체관람가,5,0,0,211,0
392,로맨스,2,1,161.5,167,15세,10,0,1,1323,2
393,액션,4,5,216.7,130,전체관람가,8,0,0,2060,1
394,액션,2,1,45.3,92,12세,3,0,0,1132,0
395,호러,4,3,276.7,104,12세,11,0,1,999,0
396,로맨스,5,1,25.0,80,15세,6,0,0,2116,0
397,호러,5,3,57.9,164,청불,11,0,1,1382,0
398,호러,3,4,58.2,155,12세,3,1,0,1883,0
399,SF,3,4,46.3,82,전체관람가,1,0,0,1761,1
400,SF,2,1,274.5,98,15세,8,0,0,2195,3
401,호러,3,5,172.4,132,15세,10,0,1,1373,0
402,코미디,1,2,160.2,170,12세,3,0,1,1886,2
403,로맨스,4,1,223.2,83,15세,6,0,0,586,0
404,SF,4,3,289.5,154,15세,1,0,1,962,2
405,애니메이션,2,3,23.7,101,12세,5,0,1,931,0
406,SF,1,1,263.2,137,15세,3,0,0,2017,3
407,로맨스,3,5,96.6,148,청불,9,0,1,1179,0
408,스릴러,4,5,56.7,169,12세,11,0,0,262,0
409,스릴러,5,2,276.6,152,전체관람가,4,0,1,810,0
410,애니메이션,5,5,133.6,155,15세,9,0,1,1756,0
411,코미디,1,5,154.0,151,전체관람가,8,0,0,854,1
412,SF,3,3,274.2,110,15세,9,0,1,1681,1
413,애니메이션,3,2,189.9,111,청불,11,0,0,1569,1
414,드라마,1,1,282.3,91,12세,6,0,0,1249,3
415,액션,2,5,171.4,143,전체관람가,10,0,0,1970,3
416,드라마,3,5,201.7,153,청불,12,0,1,2499,1
417,스릴러,3,4,219.6,139,전체관람가,4,0,0,312,1
418,스릴러,1,3,8.6,90,12세,2,0,1,790,0
419,스릴러,2,3,24.6,146,15세,7,0,0,651,1
420,액션,5,4,22.1,113,청불,7,0,0,2243,1
421,로맨스,3,1,110.8,109,12세,6,0,1,1683,0
422,호러,1,4,21.8,137,15세,5,0,1,248,0
423,스릴러,1,5,169.4,145,12세,5,0,1,2457,2
424,로맨스,4,1,263.3,119,청불,5,0,1,1426,1
425,로맨스,5,1,13.0,100,청불,3,0,0,983,0
426,로맨스,5,5,80.8,146,청불,8,1,0,1244,0
427,호러,3,4,43.3,104,12세,8,1,0,1186,2
428,스릴러,1,5,117.5,169,12세,10,1,0,1054,1
429,애니메이션,2,1,252.0,103,12세,4,1,0,1986,3
430,스릴러,4,1,254.9,167,12세,1,1,0,1598,2
431,호러,3,1,232.4,80,12세,8,0,0,855,1
432,로맨스,3,4,260.1,146,12세,2,1,0,515,1
433,액션,3,2,296.3,142,전체관람가,10,0,1,1525,1
434,애니메이션,3,4,266.8,132,15세,5,0,0,1787,3
435,로맨스,3,4,106.6,85,15세,4,0,0,2261,1
436,코미디,4,1,226.1,148,청불,12,1,1,639,1
437,로맨스,5,5,166.5,92,15세,10,0,1,1538,0
438,드라마,1,2,136.9,84,15세,9,0,0,2041,2
439,호러,5,4,83.5,90,15세,6,0,1,2402,1
440,드라마,1,5,147.2,160,12세,2,0,0,1849,3
441,스릴러,5,4,121.9,103,15세,3,0,1,744,0
442,스릴러,5,1,29.1,87,15세,1,0,1,947,0
443,코미디,1,2,257.6,174,전체관람가,1,1,0,404,1
444,애니메이션,5,3,30.0,124,15세,2,0,0,1129,1
445,애니메이션,5,5,38.0,161,15세,6,0,1,1963,0
446,SF,3,4,138.7,91,15세,9,0,0,639,0
447,스릴러,2,2,203.9,101,전체관람가,3,0,0,1350,1
448,SF,5,5,253.3,178,청불,7,1,0,1623,1
449,액션,2,3,58.1,175,15세,1,0,1,731,0
450,로맨스,5,1,279.7,90,12세,11,0,1,132,0
451,코미디,4,3,22.4,170,15세,9,1,1,2287,1
452,액션,2,2,63.0,133,12세,10,0,1,691,1
453,SF,1,2,231.8,82,12세,3,0,0,391,0
454,호러,1,2,267.7,81,15세,8,0,0,1473,2
455,스릴러,2,5,91.3,143,15세,6,0,0,1559,0
456,호러,1,1,293.3,130,12세,6,0,1,1906,3
457,스릴러,1,3,197.5,157,15세,9,0,1,828,0
458,코미디,1,4,13.9,161,12세,3,0,0,1813,0
459,스릴러,3,3,218.1,86,15세,9,1,1,1025,1
460,코미디,4,1,118.0,179,12세,8,0,0,2055,1
461,스릴러,4,3,117.9,80,청불,1,0,0,451,0
462,스릴러,3,4,15.1,176,청불,5,0,1,2032,0
463,스릴러,1,1,62.7,169,전체관람가,3,1,0,1918,3
464,애니메이션,2,3,160.6,115,전체관람가,11,0,1,1579,2
465,SF,2,1,64.1,103,12세,12,0,0,1644,1
466,SF,1,1,232.3,120,12세,3,1,0,941,3
467,애니메이션,5,2,218.2,84,12세,7,0,1,641,0
468,호러,1,1,282.0,152,12세,11,0,0,509,1
469,호러,5,2,258.9,102,전체관람가,3,0,1,155,0
470,액션,3,1,173.1,120,15세,7,1,1,2153,2
471,로맨스,4,5,272.0,150,12세,11,1,0,190,0
472,액션,5,4,262.3,155,12세,10,0,0,1881,0
473,호러,4,5,194.9,126,12세,1,0,1,1461,0
474,호러,5,2,189.1,113,전체관람가,7,1,0,1167,0
475,SF,1,2,62.2,95,청불,7,0,0,1391,1
476,코미디,4,1,85.2,151,청불,3,0,1,2187,1
477,스릴러,3,4,17.0,94,12세,6,0,0,2094,0
478,SF,4,3,50.3,145,15세,10,0,1,1520,0
479,코미디,5,2,7.9,102,15세,5,0,1,1919,0
480,로맨스,2,1,151.3,110,전체관람가,8,0,0,2309,3
481,애니메이션,1,4,184.6,104,12세,8,0,0,678,2
482,드라마,2,5,95.0,105,12세,8,0,0,303,0
483,호러,2,3,259.8,99,15세,7,0,1,2308,2
484,SF,2,2,58.0,125,전체관람가,5,0,0,1524,3
485,SF,5,3,260.7,82,12세,10,0,0,1233,1
486,애니메이션,4,3,251.0,117,12세,1,1,0,1841,3
487,코미디,2,5,145.4,152,청불,6,0,0,1501,1
488,로맨스,2,4,190.0,96,15세,7,0,0,1195,1
489,스릴러,3,5,164.3,154,전체관람가,3,0,1,2253,1
490,액션,5,5,132.7,141,12세,5,0,0,1313,0
491,애니메이션,2,2,63.0,97,12세,2,0,0,349,1
492,액션,5,3,5.0,147,15세,11,0,0,1465,0
493,로맨스,1,4,118.4,139,전체관람가,11,0,0,579,0
494,SF,3,4,209.5,110,12세,11,0,0,946,0
495,SF,2,1,85.1,124,15세,9,0,0,1296,1
496,드라마,4,3,211.8,148,12세,2,0,0,1034,2
497,SF,1,5,286.1,86,12세,9,0,1,1545,2
498,SF,3,3,174.8,130,15세,3,0,0,1277,0
499,액션,4,5,41.4,89,12세,8,0,1,689,0
500,코미디,2,5,237.8,100,12세,5,1,1,1663,2
501,SF,4,5,44.9,98,청불,11,1,0,453,0
502,호러,3,2,31.6,162,전체관람가,4,0,0,1633,1
503,스릴러,3,2,179.8,98,청불,2,0,1,251,0
504,로맨스,1,3,47.4,82,15세,9,0,0,283,0
505,액션,5,5,134.1,114,전체관람가,5,0,0,428,0
506,스릴러,1,3,129.4,124,청불,9,0,1,1807,2
507,SF,5,1,154.3,146,15세,4,0,1,1218,1
508,로맨스,3,2,110.9,125,청불,5,1,0,1280,0
509,SF,4,4,149.5,169,15세,4,0,1,2371,3
510,호러,3,3,251.5,105,청불,12,0,0,2366,0
511,호러,2,4,241.7,129,청불,5,0,1,342,0
512,SF,1,5,56.0,125,청불,11,0,0,1465,0
513,코미디,4,4,222.5,150,12세,1,1,0,1224,2
514,호러,1,1,89.3,117,12세,6,0,0,2044,3
515,스릴러,3,1,11.2,123,청불,6,0,0,1253,0
516,드라마,2,4,77.2,87,12세,7,0,1,2454,2
517,코미디,4,5,236.0,104,12세,5,0,0,2041,2
518,호러,1,5,155.3,107,12세,7,1,0,169,0
519,호러,5,1,173.0,87,청불,9,0,0,199,0
520,SF,1,5,277.7,167,전체관람가,6,0,0,1021,2
521,스릴러,4,2,121.7,132,전체관람가,7,0,1,411,1
522,액션,4,4,288.6,81,청불,3,1,0,380,0
523,애니메이션,2,2,171.6,165,12세,3,1,1,1428,2
524,코미디,3,2,8.7,128,12세,1,0,1,1149,1
525,로맨스,2,4,266.0,179,15세,2,0,0,661,1
526,애니메이션,1,2,262.6,174,12세,5,0,1,1326,2
527,애니메이션,4,5,212.3,141,전체관람가,3,0,1,2449,2
528,SF,2,2,237.7,105,12세,4,0,0,2349,3
529,코미디,4,3,261.3,139,15세,2,0,0,1554,0
530,드라마,5,3,197.2,167,청불,2,0,0,847,0
531,드라마,3,3,279.3,108,전체관람가,3,1,0,1828,3
532,호러,1,3,124.6,157,전체관람가,12,0,1,556,2
533,액션,1,3,187.7,165,12세,1,0,1,2067,2
534,코미디,5,3,222.4,130,12세,12,0,1,2274,2
535,호러,4,1,269.6,170,12세,12,0,0,1329,1
536,애니메이션,3,1,59.5,173,전체관람가,5,0,0,1487,2
537,호러,4,5,282.2,84,전체관람가,8,0,0,2055,1
538,스릴러,1,5,88.1,102,15세,10,0,0,1573,0
539,SF,1,1,20.6,105,전체관람가,4,0,0,1121,2
540,호러,4,4,221.6,115,15세,10,0,1,420,0
541,스릴러,1,5,208.0,116,전체관람가,9,0,1,2062,2
542,로맨스,5,4,282.1,161,청불,7,1,0,1858,0
543,스릴러,1,5,145.5,135,15세,5,1,0,1043,0
544,스릴러,2,5,166.4,160,청불,12,0,0,443,0
545,로맨스,4,1,65.1,171,전체관람가,8,0,0,520,0
546,애니메이션,1,2,60.6,105,15세,7,0,0,2210,2
547,드라마,4,2,5.4,180,15세,2,1,0,2192,1
548,액션,1,3,69.5,167,15세,6,1,0,1319,1
549,SF,3,1,289.0,163,15세,2,0,0,1791,2
550,호러,3,5,110.3,89,전체관람가,3,0,0,852,0
551,액션,3,1,120.5,110,청불,5,1,1,668,0
552,액션,4,3,139.1,158,전체관람가,9,0,0,249,0
553,드라마,2,5,31.7,100,전체관람가,7,0,0,134,0
554,호러,5,2,77.8,170,15세,6,0,1,1720,0
555,액션,5,3,62.5,111,12세,7,0,0,1489,0
556,스릴러,4,3,286.5,130,12세,2,0,0,1863,2
557,드라마,4,2,36.2,180,12세,5,0,0,2053,0
558,액션,3,2,31.3,167,15세,1,0,1,1889,2
559,코미디,4,3,232.6,95,12세,6,0,0,1081,1
560,SF,5,1,33.5,129,15세,1,0,1,1060,1
561,액션,1,4,138.7,114,15세,6,0,0,1702,2
562,드라마,1,3,110.6,108,전체관람가,7,0,0,2204,2
563,호러,1,3,253.1,139,15세,8,1,1,2019,3
564,스릴러,3,2,38.1,109,15세,10,0,0,1265,0
565,로맨스,2,2,219.4,115,청불,7,0,0,162,0
566,드라마,4,1,271.0,113,15세,11,0,1,285,0
567,SF,4,2,103.9,97,전체관람가,5,0,1,2478,2
568,로맨스,3,5,61.3,94,15세,11,0,1,1147,0
569,코미디,1,3,89.7,132,전체관람가,11,0,0,121,1
570,호러,1,1,78.9,158,전체관람가,7,0,0,943,0
571,코미디,2,1,228.6,82,15세,1,0,1,188,2
572,애니메이션,4,4,257.5,150,15세,4,1,0,470,0
573,코미디,1,3,208.6,112,15세,7,1,0,1372,2
574,애니메이션,5,5,64.8,151,12세,12,1,1,1799,0
575,드라마,2,4,44.1,166,전체관람가,5,1,1,2046,3
576,코미디,3,2,150.3,139,청불,4,1,1,535,1
577,스릴러,4,5,297.2,149,15세,5,0,1,1557,0
578,코미디,4,1,34.9,112,15세,8,0,1,496,0
579,호러,2,1,180.1,103,12세,11,0,1,734,1
580,애니메이션,4,4,195.1,172,15세,3,0,0,430,0
581,SF,5,3,100.0,93,전체관람가,12,0,1,2311,1
582,액션,2,3,197.0,110,12세,7,1,0,1785,3
583,SF,2,3,42.8,156,15세,1,1,0,1616,1
584,로맨스,1,2,83.1,134,15세,12,0,0,397,1
585,액션,2,4,34.0,169,15세,10,0,0,1761,2
586,코미디,2,5,251.2,125,15세,8,0,1,1110,2
587,액션,5,5,224.4,122,15세,3,1,0,710,0
588,로맨스,5,5,192.4,161,전체관람가,9,0,0,736,0
589,드라마,2,2,149.5,135,청불,3,0,1,137,0
590,액션,5,3,139.0,87,12세,9,1,1,2198,3
591,SF,3,4,125.4,163,12세,12,0,1,2337,1
592,SF,1,1,242.3,130,12세,5,0,0,1554,3
593,드라마,2,4,191.4,100,청불,9,0,0,1026,1
594,애니메이션,4,5,293.9,163,청불,5,1,0,1157,1
595,로맨스,2,5,245.9,149,15세,1,0,1,2433,3
596,액션,5,1,177.8,154,12세,7,0,0,1749,2
597,스릴러,2,4,135.5,179,12세,8,0,1,1387,2
598,스릴러,3,1,109.3,161,15세,12,0,0,1619,2
599,액션,1,1,83.6,122,15세,2,1,0,336,3
600,드라마,5,1,108.4,102,12세,4,0,0,482,0
601,스릴러,5,3,66.4,113,12세,7,0,1,458,0
602,호러,1,3,189.6,137,전체관람가,7,0,0,2386,3
603,애니메이션,2,5,199.4,167,전체관람가,1,0,0,890,2
604,로맨스,4,1,74.2,170,15세,3,0,1,1612,0
605,애니메이션,4,1,103.0,141,15세,2,0,0,1553,2
606,코미디,3,2,35.0,90,청불,11,1,0,334,0
607,애니메이션,2,4,160.3,114,전체관람가,1,1,0,1496,2
608,드라마,1,1,65.8,108,15세,2,0,0,1109,2
609,코미디,5,4,211.8,145,15세,4,0,1,1189,0
610,애니메이션,3,1,210.2,132,청불,4,0,0,1678,2
611,SF,3,4,128.3,136,15세,4,0,0,235,0
612,코미디,4,1,117.7,107,15세,3,0,0,2333,2
613,코미디,1,4,52.5,166,15세,9,1,0,557,2
614,SF,4,2,213.5,133,15세,9,0,0,1910,1
615,SF,3,3,207.6,85,전체관람가,11,0,1,1137,1
616,호러,2,5,298.6,113,15세,7,0,0,1517,0
617,호러,3,3,135.2,105,15세,1,1,0,2389,2
618,액션,2,2,185.8,156,청불,12,0,1,844,1
619,코미디,5,4,103.8,85,15세,10,0,0,1208,0
620,호러,1,1,11.4,150,15세,4,0,0,228,0
621,드라마,2,3,196.6,88,12세,6,0,1,654,1
622,애니메이션,4,5,45.1,151,15세,6,1,1,817,0
623,스릴러,5,3,82.4,179,15세,2,0,1,1280,1
624,호러,4,3,209.5,121,15세,11,0,0,2351,1
625,드라마,4,2,70.7,133,15세,2,0,0,1221,0
626,호러,3,5,231.8,157,12세,10,0,0,478,1
627,스릴러,2,3,106.2,154,12세,6,0,0,494,1
628,코미디,2,3,249.9,83,청불,3,0,1,2048,2
629,코미디,5,2,299.0,147,전체관람가,10,0,0,1530,1
630,스릴러,3,1,164.3,178,청불,10,0,0,319,0
631,호러,3,1,140.1,163,15세,11,0,0,124,0
632,드라마,3,3,60.4,131,12세,1,1,0,566,1
633,로맨스,3,1,140.3,114,15세,9,0,1,1833,1
634,SF,4,1,36.8,149,12세,8,0,0,415,2
635,드라마,4,3,77.0,133,15세,5,0,0,1523,1
636,SF,4,1,277.0,123,15세,3,0,1,1881,2
637,드라마,3,3,160.8,170,12세,7,0,0,1727,1
638,애니메이션,2,5,36.7,112,15세,7,0,0,1397,1
639,애니메이션,3,1,52.7,109,청불,10,0,1,1732,2
640,SF,3,3,93.0,177,12세,8,0,0,2224,2
641,SF,5,3,35.5,141,전체관람가,7,1,1,1091,0
642,로맨스,3,2,145.0,171,12세,1,0,0,643,0
643,액션,4,1,39.7,140,15세,5,0,0,184,0
644,코미디,5,5,213.8,141,12세,4,0,0,1752,1
645,애니메이션,4,5,58.1,162,청불,1,0,0,1767,0
646,액션,5,2,237.6,143,전체관람가,6,0,0,2050,2
647,스릴러,1,1,157.1,127,전체관람가,3,1,0,241,1
648,애니메이션,1,2,107.5,126,청불,1,0,0,1559,1
649,SF,5,2,172.4,141,15세,12,0,0,1881,2
650,액션,5,5,294.3,121,전체관람가,8,1,0,144,0
651,애니메이션,3,4,121.5,130,12세,8,0,0,2252,2
652,액션,1,5,78.3,130,15세,8,0,0,2341,3
653,호러,1,2,210.0,88,15세,3,0,1,1235,1
654,코미디,1,5,195.5,137,12세,6,0,0,523,1
655,호러,5,1,2.5,150,15세,2,0,0,1522,0
656,코미디,3,2,147.5,98,청불,12,0,1,1811,2
657,스릴러,5,2,271.9,117,15세,11,0,0,787,0
658,드라마,2,1,80.9,112,청불,9,0,1,865,0
659,코미디,3,1,97.6,167,15세,5,0,0,396,0
660,애니메이션,1,4,165.1,140,청불,7,1,0,386,1
661,애니메이션,1,2,107.8,166,15세,8,0,0,394,1
662,호러,2,3,68.9,130,15세,12,0,0,1491,1
663,호러,4,1,219.7,122,청불,3,0,0,2016,1
664,로맨스,3,5,256.1,117,15세,5,0,0,1806,1
665,호러,1,1,237.4,91,청불,4,0,0,1458,2
666,SF,2,5,207.5,80,15세,6,0,0,383,0
667,스릴러,3,4,201.4,179,12세,6,0,1,2146,1
668,로맨스,1,5,134.5,127,청불,3,1,0,1378,1
669,SF,5,2,115.7,152,12세,6,0,0,1611,1
670,애니메이션,1,2,86.9,175,12세,3,0,0,1010,1
671,액션,5,2,106.8,131,전체관람가,7,0,0,1183,1
672,스릴러,1,1,222.2,169,12세,1,0,0,111,2
673,SF,3,4,246.4,98,12세,8,0,0,2332,3
674,코미디,5,3,203.7,86,15세,2,0,0,1355,1
675,애니메이션,4,3,235.0,150,12세,3,0,0,1210,1
676,로맨스,1,3,127.0,112,12세,5,0,0,699,1
677,호러,2,1,126.2,96,15세,2,0,1,2018,2
678,SF,3,3,97.2,100,12세,7,0,0,1706,1
679,SF,5,1,207.3,114,전체관람가,5,0,0,1118,1
680,SF,5,5,272.5,136,12세,1,1,1,863,1
681,드라마,2,2,280.9,86,15세,9,1,1,726,1
682,액션,4,5,163.1,133,12세,8,0,0,143,0
683,코미디,1,2,268.4,141,15세,3,0,1,1347,1
684,SF,5,2,120.2,164,15세,2,0,0,1543,1
685,스릴러,1,1,81.2,167,전체관람가,11,0,0,1166,0
686,코미디,2,5,229.0,132,전체관람가,3,0,0,983,0
687,코미디,5,3,241.6,138,12세,4,1,0,572,1
688,SF,1,4,266.1,161,15세,4,0,0,581,1
689,액션,1,5,172.5,87,12세,9,1,0,1474,2
690,SF,4,5,130.5,144,15세,2,0,0,2481,2
691,애니메이션,2,5,185.6,85,전체관람가,5,1,1,2479,2
692,액션,5,3,225.4,146,15세,10,0,0,2351,1
693,코미디,3,4,260.1,180,청불,11,1,0,876,0
694,애니메이션,3,4,79.0,112,15세,9,0,1,1267,0
695,액션,4,4,109.4,86,전체관람가,9,0,0,371,0
696,로맨스,1,1,39.4,157,12세,4,0,0,1564,1
697,코미디,5,1,229.1,106,15세,11,0,0,1090,0
698,호러,3,5,122.5,178,12세,6,0,0,1336,1
699,코미디,4,3,156.7,179,12세,7,0,0,545,0
700,호러,4,3,238.2,147,15세,2,0,0,2351,2
701,애니메이션,3,4,105.9,159,12세,7,0,1,2374,2
702,로맨스,4,3,183.3,151,12세,7,1,0,734,1
703,로맨스,2,3,73.8,144,15세,9,1,0,1724,1
704,호러,5,5,282.7,134,청불,7,0,1,904,0
705,SF,4,4,208.8,117,전체관람가,6,1,1,1438,2
706,액션,4,2,12.7,128,15세,6,0,1,1137,1
707,스릴러,2,2,112.7,164,12세,12,0,0,2193,2
708,코미디,3,3,51.8,161,12세,12,0,0,1224,1
709,코미디,3,5,95.9,130,15세,6,0,1,1683,1
710,드라마,5,1,193.0,142,15세,1,0,0,1084,2
711,호러,2,1,22.1,119,12세,2,0,0,2028,1
712,SF,3,1,162.9,177,12세,9,0,1,1014,0
713,스릴러,5,3,283.0,130,12세,4,0,1,1429,1
714,애니메이션,2,5,19.4,89,12세,11,0,0,1149,0
715,코미디,1,2,118.1,137,청불,3,0,0,914,1
716,호러,3,3,288.8,173,청불,5,0,0,1398,0
717,SF,2,3,78.8,130,청불,10,0,0,2118,0
718,드라마,3,1,98.9,123,15세,9,0,1,1092,0
719,애니메이션,5,1,180.7,129,12세,3,0,0,1362,0
720,애니메이션,1,2,164.1,145,15세,2,0,0,136,2
721,애니메이션,2,4,276.1,163,청불,3,1,0,440,0
722,드라마,4,5,38.4,98,청불,6,0,1,2305,0
723,드라마,3,2,56.4,157,15세,2,1,0,1532,1
724,스릴러,3,3,129.7,151,전체관람가,12,0,0,614,0
725,호러,4,2,119.1,167,12세,9,0,1,2324,2
726,SF,5,1,44.2,84,전체관람가,12,1,0,192,2
727,액션,3,3,78.6,104,15세,2,0,0,2333,1
728,코미디,4,4,165.6,119,15세,2,0,1,2333,3
729,SF,3,5,193.4,147,15세,6,0,0,2277,2
730,호러,1,5,98.1,93,12세,10,0,0,552,0
731,코미디,1,1,167.4,166,12세,2,0,0,408,2
732,코미디,4,1,98.0,179,15세,1,0,0,1860,2
733,호러,2,3,99.2,158,12세,6,0,1,1364,0
734,스릴러,5,1,61.3,159,전체관람가,3,0,0,2317,1
735,액션,1,1,62.7,94,12세,1,0,0,725,1
736,액션,2,4,75.6,87,15세,5,1,0,2046,3
737,스릴러,2,3,269.4,154,12세,10,0,1,983,1
738,로맨스,3,2,240.7,131,12세,10,0,1,1021,2
739,로맨스,3,4,296.0,162,15세,12,0,0,2286,2
740,액션,4,3,17.5,179,15세,11,0,0,526,0
741,SF,4,2,264.4,90,15세,12,0,1,773,1
742,스릴러,2,4,279.5,167,12세,11,0,1,1510,1
743,애니메이션,5,2,74.8,83,12세,7,0,1,1559,1
744,애니메이션,5,2,104.9,175,전체관람가,9,0,1,1116,2
745,액션,5,4,215.9,144,15세,3,0,0,1480,0
746,코미디,5,3,177.0,122,12세,8,0,0,1331,2
747,액션,4,4,299.0,119,12세,1,0,1,675,0
748,SF,1,5,168.8,153,15세,2,0,1,716,2
749,액션,5,5,170.2,179,15세,6,1,0,2049,0
750,SF,2,2,239.4,84,15세,8,0,0,1326,1
751,호러,3,4,278.4,137,15세,7,0,1,129,0
752,코미디,4,3,139.1,150,12세,9,0,0,2006,1
753,로맨스,3,1,33.5,173,12세,3,0,0,885,1
754,스릴러,5,3,290.5,175,12세,12,0,0,1476,0
755,호러,1,2,286.0,115,청불,10,1,0,696,0
756,드라마,4,2,189.5,115,12세,6,0,0,1331,1
757,애니메이션,1,5,153.5,168,전체관람가,5,0,0,1592,1
758,스릴러,4,1,241.4,180,12세,6,0,0,929,2
759,코미디,2,5,177.7,82,15세,12,0,0,1021,1
760,액션,3,3,169.3,146,15세,6,0,1,639,0
761,애니메이션,3,4,3.8,157,전체관람가,11,0,1,1545,0
762,스릴러,1,1,197.5,138,15세,10,0,0,1369,1
763,드라마,4,4,267.9,170,전체관람가,2,1,1,306,0
764,SF,3,4,80.9,173,전체관람가,11,0,0,1945,0
765,애니메이션,1,5,50.6,143,15세,8,0,1,2340,2
766,드라마,2,1,166.9,130,15세,2,0,1,2477,3
767,스릴러,4,3,10.7,163,12세,11,0,1,727,0
768,드라마,2,5,10.5,164,15세,5,0,0,790,0
769,SF,1,2,18.8,101,15세,1,0,1,2056,2
770,드라마,4,2,213.7,98,청불,9,1,0,214,0
771,SF,1,4,282.9,161,15세,12,0,1,340,1
772,코미디,3,3,177.9,122,15세,3,0,0,934,0
773,SF,5,2,82.3,118,전체관람가,12,0,0,418,1
774,호러,4,5,193.2,152,전체관람가,3,1,0,622,0
775,액션,2,2,42.6,97,12세,7,1,0,1994,3
776,호러,1,1,15.9,123,청불,5,0,0,1317,0
777,스릴러,1,4,268.0,108,12세,6,0,1,1412,2
778,코미디,5,3,12.2,127,15세,12,0,1,1697,0
779,애니메이션,1,4,187.8,129,12세,9,1,1,2187,1
780,SF,5,3,165.0,166,15세,9,0,1,2279,1
781,SF,1,4,211.2,146,청불,11,1,0,1819,2
782,스릴러,2,2,42.4,121,12세,1,0,0,1488,1
783,드라마,4,2,216.1,157,15세,9,0,0,780,0
784,스릴러,4,4,92.4,100,전체관람가,12,0,0,900,0
785,호러,4,4,26.8,165,15세,11,0,0,1441,0
786,호러,3,3,133.6,147,전체관람가,6,0,1,867,0
787,로맨스,5,5,274.5,152,12세,12,0,1,1195,0
788,호러,3,2,17.4,98,12세,5,0,1,2020,2
789,로맨스,2,2,91.7,121,청불,3,0,1,900,0
790,애니메이션,4,5,59.0,150,15세,9,0,1,1596,0
791,SF,3,3,120.6,92,12세,8,0,1,1396,1
792,로맨스,4,3,104.1,113,15세,10,0,0,844,0
793,코미디,5,2,233.9,128,15세,9,0,0,105,0
794,액션,1,3,177.1,108,청불,9,0,0,374,1
795,로맨스,3,4,132.8,121,15세,3,0,0,1288,0
796,드라마,2,3,94.2,81,15세,4,0,0,1339,2
797,드라마,1,3,144.7,105,전체관람가,11,0,0,2066,3
798,애니메이션,3,2,234.4,141,15세,6,0,0,2404,3
799,드라마,1,3,25.4,161,15세,9,0,1,1154,0
800,코미디,2,4,241.5,153,12세,1,1,1,2355,3
801,액션,3,2,230.2,140,15세,6,0,0,147,0
802,로맨스,4,3,47.8,122,12세,5,1,1,1043,0
803,액션,2,3,227.1,166,12세,4,1,1,1790,3
804,SF,2,3,181.2,95,12세,6,0,1,1232,1
805,호러,1,1,52.3,174,12세,3,0,0,1767,0
806,SF,1,3,91.5,136,전체관람가,3,1,1,831,2
807,SF,1,5,190.6,177,15세,9,1,1,1241,3
808,코미디,4,5,101.4,155,12세,8,0,1,1294,0
809,로맨스,4,3,263.7,114,전체관람가,3,0,1,354,0
810,액션,5,3,224.3,86,청불,8,0,0,2157,1
811,액션,5,4,242.7,158,청불,1,1,1,2445,3
812,로맨스,2,2,159.5,153,12세,4,0,1,908,1
813,코미디,5,5,48.2,89,12세,7,0,1,1290,0
814,호러,3,5,54.7,177,12세,2,0,1,255,0
815,애니메이션,1,5,140.9,106,청불,10,0,0,253,0
816,로맨스,5,5,1.5,104,15세,3,0,0,2358,0
817,로맨스,4,5,212.8,130,15세,9,0,1,517,0
818,SF,1,5,13.9,90,청불,6,0,1,1696,0
819,로맨스,2,2,65.0,166,15세,6,1,0,1951,3
820,호러,1,4,51.3,119,청불,10,0,1,459,1
821,로맨스,3,3,51.8,177,12세,11,0,0,2355,1
822,호러,4,3,170.9,169,15세,5,0,1,1338,0
823,드라마,2,5,51.0,172,12세,3,0,1,375,0
824,호러,2,1,169.9,83,12세,8,0,0,1103,2
825,코미디,3,1,196.4,158,15세,7,0,1,1402,1
826,액션,1,1,231.5,93,12세,9,1,1,382,3
827,호러,1,5,134.8,138,전체관람가,10,0,0,571,0
828,호러,1,5,199.8,178,15세,3,0,1,1502,1
829,액션,2,4,261.3,168,15세,3,0,0,907,2
830,호러,4,5,137.2,180,12세,2,0,0,742,0
831,호러,2,5,143.5,96,12세,3,1,0,490,0
832,로맨스,3,5,187.3,93,12세,7,0,0,591,1
833,호러,2,5,247.6,114,15세,4,0,0,1271,1
834,코미디,4,2,241.1,125,전체관람가,3,0,0,1854,0
835,코미디,5,4,106.6,136,전체관람가,6,1,0,2305,1
836,SF,2,2,114.3,104,12세,7,0,0,1908,3
837,로맨스,2,1,279.3,143,15세,8,0,1,1439,2
838,호러,4,2,85.8,174,12세,11,1,1,1443,1
839,호러,1,2,194.3,172,12세,5,0,0,2076,2
840,스릴러,4,1,135.9,113,15세,2,0,0,1919,2
841,스릴러,5,2,27.6,138,15세,10,0,1,2395,0
842,스릴러,2,5,197.9,92,전체관람가,7,0,0,740,1
843,호러,2,4,280.0,120,12세,5,0,1,338,0
844,코미디,2,4,271.4,149,15세,9,0,0,677,0
845,드라마,1,5,121.3,92,청불,8,0,0,1791,2
846,스릴러,4,1,75.9,105,12세,6,0,0,2275,1
847,로맨스,4,3,141.9,124,12세,12,0,1,2166,3
848,로맨스,4,5,241.8,113,12세,5,0,0,294,0
849,드라마,5,4,216.0,119,전체관람가,8,1,1,1957,1
850,드라마,3,1,255.7,133,15세,4,0,0,1730,2
851,코미디,4,5,173.2,154,15세,1,0,0,951,0
852,SF,3,5,6.7,177,15세,11,0,1,565,0
853,드라마,3,2,58.7,113,12세,6,0,0,1281,2
854,코미디,4,1,67.1,156,15세,9,0,0,1873,1
855,드라마,2,3,185.5,134,15세,9,0,1,394,0
856,스릴러,2,3,267.9,164,전체관람가,5,0,0,1129,1
857,액션,4,3,157.5,177,전체관람가,2,0,1,1109,1
858,스릴러,4,3,61.1,163,12세,3,0,0,2389,1
859,드라마,4,3,202.2,99,15세,7,0,0,205,0
860,드라마,5,5,219.1,136,15세,5,0,0,1354,0
861,코미디,1,5,278.3,129,12세,4,1,0,925,1
862,호러,1,5,102.4,172,15세,10,0,1,1983,0
863,SF,3,1,210.6,127,전체관람가,6,0,0,1441,1
864,애니메이션,1,1,215.2,171,12세,5,1,1,1521,3
865,로맨스,1,3,170.6,95,청불,5,0,1,132,0
866,드라마,5,1,17.3,150,15세,4,0,0,2291,2
867,스릴러,5,5,89.5,126,15세,7,0,1,1489,0
868,호러,4,3,17.9,173,15세,3,0,1,1236,1
869,로맨스,5,4,81.4,103,청불,4,0,0,372,0
870,액션,5,4,188.5,92,15세,7,0,0,413,0
871,호러,4,3,226.8,164,15세,10,1,0,1547,2
872,드라마,5,1,207.0,114,15세,6,0,0,2461,1
873,액션,5,4,178.0,180,전체관람가,3,1,0,2156,2
874,스릴러,3,1,227.2,133,12세,4,0,1,2412,2
875,SF,1,5,173.9,150,12세,4,0,1,2154,1
876,액션,1,5,257.3,92,15세,10,0,1,812,1
877,SF,1,4,167.5,165,15세,10,0,1,2070,1
878,애니메이션,1,3,155.2,124,청불,8,0,1,1873,3
879,로맨스,5,3,4.5,107,청불,7,0,0,1770,0
880,스릴러,5,1,255.9,101,전체관람가,4,0,1,1964,1
881,SF,2,5,36.3,135,15세,11,0,1,2131,1
882,SF,5,4,241.2,92,15세,2,1,1,1730,3
883,코미디,1,2,260.9,117,12세,1,0,0,941,2
884,스릴러,3,3,71.8,160,12세,9,0,0,461,1
885,호러,1,2,22.6,127,전체관람가,3,0,0,633,0
886,스릴러,1,4,211.6,157,12세,9,1,0,814,1
887,로맨스,2,3,85.8,105,12세,10,0,1,732,0
888,애니메이션,2,1,150.0,143,15세,9,1,1,613,1
889,드라마,3,3,214.6,110,12세,12,0,0,2309,3
890,호러,5,5,109.9,177,전체관람가,9,0,0,1714,0
891,액션,1,2,238.3,177,15세,3,1,1,1820,2
892,액션,3,2,158.5,133,청불,10,1,0,1671,2
893,코미디,5,5,173.5,111,15세,9,0,0,2172,0
894,드라마,3,2,172.6,88,청불,3,0,0,1867,1
895,코미디,5,4,124.9,157,15세,9,0,0,1065,0
896,로맨스,5,5,2.8,140,전체관람가,11,0,0,2432,0
897,드라마,4,2,59.2,118,전체관람가,1,0,1,274,0
898,액션,3,5,25.5,84,12세,7,0,0,465,0
899,코미디,5,5,183.0,127,12세,7,0,0,257,0
900,코미디,4,3,248.8,108,청불,4,0,0,1700,0
901,스릴러,3,1,134.2,86,12세,7,0,0,1582,2
902,드라마,4,1,14.6,164,12세,7,0,1,368,0
903,애니메이션,2,4,271.0,126,15세,9,0,0,1690,2
904,SF,2,5,291.6,142,전체관람가,8,0,0,1567,2
905,호러,1,5,124.5,148,15세,4,0,1,263,1
906,코미디,4,5,282.0,167,12세,12,1,1,1293,1
907,액션,2,3,23.7,172,전체관람가,5,0,1,1010,0
908,코미디,1,5,12.2,179,전체관람가,5,0,1,1698,1
909,드라마,1,3,98.0,143,12세,9,0,0,778,2
910,로맨스,3,5,107.5,131,12세,12,0,1,943,1
911,드라마,4,5,5.6,105,15세,8,0,0,1409,0
912,액션,5,2,222.5,139,전체관람가,11,0,0,2105,1
913,애니메이션,5,3,195.4,108,전체관람가,2,0,1,1571,1
914,애니메이션,5,2,163.8,110,12세,11,0,0,1461,0
915,코미디,5,2,96.2,114,15세,10,0,1,1282,0
916,호러,2,3,138.0,162,청불,11,1,1,1565,2
917,호러,5,3,56.2,130,전체관람가,2,0,0,1231,0
918,애니메이션,3,3,40.8,159,12세,9,0,0,2259,1
919,스릴러,4,2,207.1,169,전체관람가,9,0,1,945,0
920,애니메이션,4,5,21.7,141,12세,5,0,0,330,0
921,애니메이션,1,5,64.8,134,전체관람가,12,0,0,2462,3
922,코미디,3,4,288.2,119,12세,8,0,0,307,2
923,코미디,1,2,165.9,171,청불,4,0,0,1443,1
924,액션,3,5,54.9,80,전체관람가,11,0,0,281,0
925,드라마,2,1,199.0,87,전체관람가,3,0,0,1728,3
926,SF,5,3,75.2,171,전체관람가,1,0,0,1401,0
927,드라마,3,1,146.0,117,15세,11,0,0,1894,2
928,애니메이션,3,4,79.3,106,12세,2,0,0,1537,1
929,애니메이션,3,2,52.3,132,전체관람가,4,0,0,1490,0
930,액션,3,5,202.0,165,12세,9,0,0,615,0
931,SF,1,1,59.2,137,청불,11,0,0,521,2
932,코미디,1,1,11.9,153,12세,10,0,1,283,0
933,액션,2,5,194.7,106,청불,9,1,1,2149,0
934,애니메이션,5,2,203.2,149,15세,9,0,1,2006,1
935,애니메이션,3,2,213.8,114,15세,4,0,1,2425,3
936,호러,5,5,47.0,136,전체관람가,9,0,0,1651,0
937,SF,5,3,297.9,152,15세,4,0,0,370,1
938,로맨스,5,2,197.6,135,12세,11,0,0,2001,3
939,드라마,5,5,273.4,170,15세,6,0,1,657,0
940,스릴러,1,1,300.0,175,전체관람가,9,0,1,223,0
941,코미디,4,2,50.5,127,12세,1,0,1,2168,2
942,로맨스,1,3,171.4,137,전체관람가,2,0,0,1459,1
943,액션,2,4,285.6,176,전체관람가,1,0,0,380,1
944,드라마,2,4,128.0,167,12세,1,0,0,730,0
945,드라마,1,3,237.5,97,전체관람가,10,0,0,2270,3
946,애니메이션,1,1,242.1,104,청불,9,0,1,1458,2
947,애니메이션,4,3,110.0,149,12세,2,0,1,485,1
948,스릴러,2,3,143.3,112,15세,3,0,0,1126,0
949,애니메이션,2,1,193.0,175,12세,2,0,0,1732,2
950,액션,1,1,80.2,150,청불,7,0,0,1793,3
951,드라마,2,4,237.4,150,12세,7,1,1,768,2
952,스릴러,5,2,257.2,104,12세,8,0,0,1129,1
953,스릴러,5,1,246.0,110,12세,11,0,1,1061,0
954,액션,4,2,224.9,85,15세,12,0,0,2021,2
955,애니메이션,2,4,117.3,106,전체관람가,10,0,0,1068,0
956,코미디,5,5,65.3,125,12세,2,0,1,244,0
957,애니메이션,4,3,79.4,142,12세,12,0,0,918,1
958,액션,1,5,22.6,131,청불,11,0,0,384,0
959,코미디,3,2,25.2,87,15세,6,0,1,1540,1
960,호러,1,5,223.9,134,15세,10,0,1,1864,1
961,액션,5,3,221.5,104,전체관람가,4,0,0,1541,0
962,SF,3,5,280.2,122,12세,7,1,0,122,1
963,드라마,1,3,233.6,113,12세,1,0,1,2295,3
964,애니메이션,1,1,226.1,99,15세,7,0,1,674,3
965,로맨스,1,4,139.4,161,15세,6,0,0,2216,3
966,코미디,3,4,29.0,117,15세,10,1,1,1502,1
967,호러,2,1,267.8,152,전체관람가,10,0,1,1258,2
968,액션,2,3,252.0,162,15세,2,1,0,476,2
969,애니메이션,2,5,292.1,155,12세,6,0,1,803,0
970,드라마,5,2,162.4,173,전체관람가,8,0,0,113,0
971,로맨스,5,3,110.9,143,전체관람가,9,0,1,1459,0
972,로맨스,2,4,18.2,119,15세,12,0,0,415,0
973,로맨스,1,3,205.2,126,15세,9,0,0,439,0
974,스릴러,3,3,274.9,116,15세,1,0,1,1194,1
975,스릴러,4,1,45.9,152,15세,4,0,0,391,0
976,드라마,4,2,17.2,80,15세,4,0,0,1056,0
977,호러,5,2,282.2,161,청불,7,0,0,1325,0
978,액션,4,5,165.0,102,15세,12,0,1,1006,1
979,액션,4,5,94.7,101,12세,4,0,1,573,0
980,로맨스,2,4,106.3,160,12세,10,0,1,1267,0
981,로맨스,4,1,136.0,93,15세,10,0,0,2137,2
982,호러,2,1,96.2,154,12세,4,0,0,1512,1
983,코미디,5,1,238.7,103,12세,11,0,0,1607,2
984,애니메이션,1,4,185.8,86,12세,10,0,1,1032,0
985,스릴러,3,5,265.9,103,12세,1,0,0,749,0
986,로맨스,5,3,253.3,155,청불,1,0,1,2363,1
987,애니메이션,1,3,45.5,139,청불,6,0,0,1359,0
988,SF,2,5,204.2,94,전체관람가,1,0,0,2279,0
989,코미디,4,4,9.8,168,전체관람가,12,0,0,2420,1
990,로맨스,5,5,45.5,145,15세,2,1,0,1813,0
991,호러,2,3,8.6,117,12세,1,0,0,534,0
992,로맨스,3,1,259.4,119,전체관람가,6,0,0,2207,3
993,로맨스,3,2,286.5,97,15세,7,1,0,618,1
994,액션,2,2,217.6,167,15세,1,0,0,2483,3
995,SF,4,1,252.9,178,12세,7,0,0,1211,2
996,스릴러,4,2,293.0,175,전체관람가,9,1,0,2076,1
997,SF,4,2,44.6,82,12세,9,0,0,1791,2
998,SF,4,2,131.4,160,15세,10,0,0,311,0
999,코미디,5,2,136.0,134,12세,8,0,0,148,0
1000,로맨스,1,2,155.4,110,12세,7,0,1,131,0
1001,애니메이션,3,1,225.1,96,전체관람가,10,0,0,209,0
1002,코미디,5,1,85.4,95,15세,8,0,1,707,0
1003,호러,2,3,280.5,86,12세,4,1,1,2179,3
1004,애니메이션,3,5,190.4,94,전체관람가,1,0,1,1799,1
1005,로맨스,2,4,86.5,131,12세,5,0,0,324,0
1006,스릴러,3,3,44.0,113,전체관람가,7,0,0,2248,2
1007,드라마,2,1,232.3,176,15세,4,0,0,311,0
1008,SF,2,4,64.1,176,12세,6,0,0,635,0
1009,드라마,3,4,90.4,164,15세,2,0,1,923,0
1010,코미디,1,4,192.7,144,12세,8,0,1,1384,3
1011,애니메이션,4,1,252.0,93,전체관람가,4,0,0,593,0
1012,스릴러,5,2,282.7,147,12세,6,1,0,887,0
1013,스릴러,2,1,161.0,82,15세,2,0,1,383,0
1014,로맨스,5,5,282.7,105,전체관람가,1,1,0,855,0
1015,드라마,2,1,218.6,174,12세,11,0,0,245,0
1016,드라마,2,5,245.0,160,청불,3,0,1,1606,1
1017,호러,3,4,43.4,80,12세,2,0,0,1496,0
1018,호러,2,4,86.9,113,12세,2,0,0,409,0
1019,드라마,5,4,160.3,95,12세,8,0,0,2088,0
1020,액션,2,5,44.7,98,15세,7,1,0,2090,3
1021,SF,4,5,19.7,178,12세,4,1,0,708,0
1022,호러,4,5,219.1,157,전체관람가,5,0,1,2264,0
1023,호러,1,3,221.5,114,15세,2,0,1,325,1
1024,SF,2,5,80.6,149,15세,5,0,1,578,0
1025,로맨스,2,3,234.6,96,15세,1,0,1,1358,1
1026,스릴러,2,5,58.7,180,청불,5,0,1,639,0
1027,코미디,3,4,199.9,142,15세,6,0,1,2307,1
1028,액션,5,1,270.0,169,12세,1,0,0,2144,2
1029,액션,3,4,234.9,110,15세,5,0,0,262,0
1030,액션,2,1,62.7,153,15세,10,0,1,912,1
1031,SF,5,3,115.7,87,전체관람가,6,1,1,1793,1
1032,애니메이션,1,2,128.1,117,전체관람가,8,0,1,557,3
1033,SF,2,3,219.7,174,15세,4,0,0,1747,3
1034,스릴러,4,1,81.4,97,12세,9,0,0,822,1
1035,코미디,3,5,12.2,117,15세,11,0,1,1421,0
1036,코미디,5,4,136.2,111,12세,1,1,0,787,1
1037,애니메이션,5,4,23.2,154,15세,10,0,0,1937,0
1038,드라마,4,5,203.5,98,12세,6,0,0,186,0
1039,액션,1,5,196.9,150,전체관람가,5,0,1,838,1
1040,액션,2,1,173.8,132,전체관람가,8,0,1,1022,2
1041,드라마,1,5,239.1,127,15세,10,0,1,1060,1
1042,호러,3,5,257.7,102,15세,1,0,0,858,0
1043,코미디,4,1,259.5,165,청불,10,0,1,2297,0
1044,애니메이션,5,2,188.4,163,전체관람가,2,0,0,710,0
1045,액션,4,2,248.0,151,12세,4,0,0,185,1
1046,애니메이션,4,5,71.1,176,15세,7,0,0,1698,0
1047,드라마,1,1,293.1,129,15세,5,1,0,712,1
1048,스릴러,2,2,272.9,123,15세,8,1,1,1091,2
1049,코미디,4,2,75.7,168,청불,3,1,1,578,0
1050,액션,4,1,179.1,101,15세,10,0,0,1034,2
1051,호러,1,5,98.7,151,15세,4,1,0,264,2
1052,스릴러,3,1,82.4,144,15세,3,0,1,2205,2
1053,애니메이션,3,3,16.1,152,15세,8,0,0,1182,0
1054,애니메이션,4,1,266.4,84,12세,5,0,0,2318,1
1055,코미디,2,5,59.3,111,12세,8,0,1,2291,2
1056,로맨스,4,3,103.9,177,12세,7,0,0,1310,0
1057,스릴러,4,4,34.7,137,12세,7,0,1,1404,0
1058,애니메이션,2,5,52.0,140,12세,9,0,0,2071,2
1059,애니메이션,1,5,97.8,111,12세,6,0,1,2300,2
1060,애니메이션,3,3,132.7,87,12세,6,0,0,2303,2
1061,액션,1,4,91.0,177,전체관람가,12,0,0,2002,3
1062,로맨스,4,2,185.6,118,12세,11,0,0,306,0
1063,SF,1,5,235.5,150,청불,4,0,1,2057,1
1064,액션,3,2,17.4,180,전체관람가,2,0,1,1873,0
1065,로맨스,3,5,61.5,94,12세,1,0,0,781,0
1066,SF,4,4,81.4,130,15세,12,0,0,1978,1
1067,로맨스,4,5,96.9,108,청불,6,0,0,620,0
1068,애니메이션,5,5,16.6,158,15세,8,1,1,145,0
1069,액션,1,3,255.0,139,전체관람가,7,0,0,1708,3
1070,스릴러,1,5,285.0,95,12세,4,1,0,296,1
1071,SF,1,3,152.1,97,12세,9,0,0,1239,2
1072,액션,1,1,54.3,101,15세,8,1,1,2428,3
1073,코미디,3,5,137.0,160,15세,5,0,0,321,0
1074,스릴러,1,4,4.5,168,12세,10,0,0,1315,0
1075,로맨스,2,1,102.8,180,청불,9,0,0,2185,1
1076,액션,2,1,98.9,148,전체관람가,10,1,0,2458,3
1077,스릴러,3,5,66.3,180,12세,2,0,1,1386,0
1078,호러,1,2,87.4,171,전체관람가,7,0,0,479,1
1079,SF,4,4,275.3,81,청불,10,0,1,597,0
1080,드라마,4,2,74.0,139,전체관람가,9,0,1,2430,2
1081,드라마,5,2,200.3,155,15세,3,0,0,1815,0
1082,SF,5,5,63.2,169,전체관람가,1,0,1,1654,0
1083,SF,5,5,85.8,95,전체관람가,10,0,1,1647,0
1084,스릴러,1,3,222.9,85,12세,1,0,0,445,1
1085,액션,2,5,292.2,133,청불,3,0,0,1570,2
1086,호러,3,3,3.8,159,청불,8,0,0,1594,0
1087,호러,2,2,224.7,148,15세,10,1,0,267,0
1088,액션,1,5,264.1,91,15세,7,1,0,1028,2
1089,스릴러,1,5,109.4,143,15세,5,1,0,576,1
1090,애니메이션,5,2,4.2,157,전체관람가,8,0,1,203,0
1091,스릴러,1,5,40.0,148,청불,2,0,1,2168,1
1092,호러,4,2,227.2,152,전체관람가,4,0,0,1643,1
1093,로맨스,1,4,144.4,91,15세,10,0,0,412,0
1094,드라마,2,1,49.1,135,15세,6,1,0,261,0
1095,로맨스,5,3,30.8,177,전체관람가,3,0,1,1043,0
1096,스릴러,1,1,151.1,118,12세,6,0,0,1151,1
1097,코미디,1,3,135.9,87,15세,7,0,1,647,1
1098,스릴러,3,3,26.7,163,15세,12,0,0,449,0
1099,로맨스,5,5,171.4,176,15세,5,0,0,1226,0
1100,코미디,5,4,291.2,167,15세,4,0,1,436,0
1101,드라마,3,4,134.2,90,12세,9,0,0,1248,0
1102,액션,2,3,49.9,174,15세,10,0,0,1072,0
1103,호러,4,4,187.9,178,청불,7,1,1,1993,1
1104,코미디,1,1,199.5,98,15세,7,0,0,1144,2
1105,호러,2,4,24.9,93,12세,1,0,0,961,1
1106,로맨스,2,5,33.6,149,12세,7,0,0,1654,1
1107,애니메이션,2,4,157.7,117,15세,11,1,0,1555,0
1108,스릴러,4,1,264.4,170,전체관람가,1,1,0,2287,3
1109,스릴러,4,2,57.4,125,12세,9,0,0,2460,0
1110,로맨스,1,3,60.6,127,15세,7,0,1,616,1
1111,코미디,4,1,214.0,148,12세,7,0,1,2105,3
1112,코미디,2,1,5.9,148,15세,5,1,1,1961,1
1113,애니메이션,5,2,257.2,119,청불,4,0,0,921,0
1114,애니메이션,3,3,91.0,168,15세,1,0,0,1359,1
1115,로맨스,2,4,235.8,110,청불,5,0,0,908,0
1116,스릴러,1,1,230.7,121,15세,4,0,0,1201,2
1117,SF,2,1,34.4,138,15세,2,0,0,1374,1
1118,드라마,5,1,218.0,177,12세,11,0,0,1145,0
1119,코미디,2,3,6.5,140,12세,7,0,1,1790,0
1120,SF,1,5,74.5,149,15세,6,0,1,1873,1
1121,로맨스,2,2,128.9,133,15세,6,0,0,733,0
1122,스릴러,4,5,85.3,85,전체관람가,7,1,0,1630,2
1123,스릴러,1,2,42.8,95,12세,10,0,0,1451,2
1124,스릴러,2,2,195.1,150,15세,12,1,0,952,3
1125,SF,5,4,152.0,179,15세,12,0,1,764,0
1126,드라마,4,1,110.5,135,12세,3,0,0,881,2
1127,스릴러,5,4,196.1,85,전체관람가,7,0,0,1279,1
1128,애니메이션,2,5,121.5,159,전체관람가,4,1,0,1964,3
1129,SF,2,4,53.2,152,15세,3,1,1,300,0
1130,애니메이션,1,3,82.9,134,12세,5,0,1,675,1
1131,스릴러,4,5,184.4,104,청불,11,0,0,795,0
1132,코미디,2,3,179.8,148,15세,11,0,0,611,1
1133,코미디,1,2,218.0,84,15세,5,0,0,289,2
1134,로맨스,2,4,120.0,124,15세,2,0,1,1808,1
1135,드라마,2,4,279.0,106,청불,7,1,1,2234,2
1136,로맨스,2,3,49.0,134,청불,7,0,0,2027,1
1137,로맨스,3,3,203.2,129,청불,8,0,1,327,1
1138,애니메이션,3,3,196.1,158,15세,4,0,1,649,2
1139,액션,1,5,70.6,109,15세,8,0,0,2374,2
1140,드라마,5,1,156.7,81,15세,1,1,0,163,0
1141,SF,3,4,110.3,116,15세,2,0,1,2142,1
1142,SF,4,3,149.2,116,15세,12,0,0,942,1
1143,코미디,3,2,263.8,103,12세,9,0,0,1286,1
1144,드라마,3,2,95.0,146,12세,8,0,1,109,1
1145,액션,2,1,240.7,81,15세,8,0,0,1927,3
1146,SF,4,4,144.8,154,15세,5,0,0,364,0
1147,SF,1,5,180.2,165,전체관람가,8,0,0,2110,2
1148,애니메이션,5,1,8.1,150,12세,2,0,0,2412,1
1149,스릴러,4,3,223.8,175,15세,2,0,1,1021,0
1150,드라마,4,2,182.6,180,15세,11,0,0,2045,1
1151,SF,2,4,175.1,101,12세,10,0,1,925,2
1152,드라마,4,1,186.8,121,15세,11,1,0,1716,2
1153,SF,1,2,86.8,157,15세,5,0,0,1904,3
1154,코미디,2,1,95.3,87,청불,2,0,0,2135,2
1155,드라마,3,4,73.1,135,15세,6,0,0,171,0
1156,SF,1,4,131.1,177,청불,7,0,1,2362,2
1157,드라마,4,1,41.3,83,15세,9,0,1,1819,1
1158,스릴러,3,1,278.7,128,15세,5,0,1,497,1
1159,드라마,2,2,290.2,91,12세,8,0,0,2437,3
1160,SF,3,3,138.4,88,15세,2,0,0,1165,2
1161,스릴러,2,4,229.0,92,12세,1,0,0,2234,2
1162,액션,3,1,113.7,129,15세,5,0,0,1114,1
1163,호러,1,2,7.7,153,15세,7,0,0,701,0
1164,액션,1,1,199.4,125,청불,8,0,1,2317,3
1165,호러,5,5,28.3,108,청불,4,0,0,599,0
1166,호러,5,2,92.4,134,12세,6,0,1,1639,0
1167,코미디,2,1,294.6,127,전체관람가,8,0,0,1430,2
1168,드라마,1,4,233.3,169,12세,7,0,0,2367,2
1169,액션,2,1,107.1,155,15세,8,0,0,2237,3
1170,드라마,2,5,109.9,159,청불,3,0,0,746,0
1171,로맨스,2,2,237.9,118,15세,4,0,1,1599,1
1172,애니메이션,4,4,28.7,164,15세,5,0,0,775,0
1173,코미디,3,1,268.9,135,12세,1,1,0,2094,3
1174,SF,4,5,229.7,121,전체관람가,8,1,0,372,0
1175,코미디,3,3,261.9,113,12세,10,0,0,1099,2
1176,코미디,5,2,85.8,157,15세,6,0,0,111,0
1177,스릴러,3,3,15.1,80,12세,3,0,0,1245,0
1178,스릴러,4,3,141.9,170,15세,10,1,0,2117,3
1179,로맨스,2,2,242.4,95,전체관람가,12,0,0,1852,3
1180,로맨스,4,3,64.1,143,청불,12,1,1,1916,1
1181,코미디,2,4,129.1,112,12세,2,0,0,2194,2
1182,애니메이션,1,2,217.8,87,12세,1,0,1,2472,2
1183,SF,2,2,258.9,154,15세,4,1,1,2394,3
1184,애니메이션,5,2,152.3,88,12세,6,0,0,1382,1
1185,애니메이션,1,3,285.4,154,12세,11,1,0,1373,3
1186,SF,4,4,189.1,143,전체관람가,12,0,0,2042,1
1187,로맨스,1,2,287.4,114,청불,6,0,0,1544,1
1188,호러,1,4,240.4,151,12세,1,0,0,484,1
1189,액션,2,2,104.9,92,청불,1,0,0,2163,2
1190,드라마,1,3,134.5,100,전체관람가,7,0,0,713,0
1191,액션,1,4,8.8,88,15세,8,0,0,1055,0
1192,로맨스,3,3,92.3,102,15세,12,0,0,2023,1
1193,스릴러,5,4,257.6,150,전체관람가,4,0,0,1083,0
1194,액션,5,2,131.2,147,전체관람가,1,0,1,2005,1
1195,호러,3,3,244.9,174,12세,1,0,1,1030,1
1196,코미디,4,4,83.6,87,15세,12,0,0,822,0
1197,액션,4,5,159.8,172,12세,4,0,0,2451,1
1198,SF,2,1,81.9,129,청불,4,0,1,912,0
1199,액션,3,2,48.8,155,15세,8,0,1,1266,1
1200,액션,5,5,189.7,154,전체관람가,5,1,1,201,0
1201,애니메이션,1,4,142.0,156,15세,2,0,0,1696,3
1202,SF,3,3,165.2,175,전체관람가,12,0,0,216,1
1203,스릴러,2,1,250.9,179,15세,1,0,1,2328,2
1204,액션,1,5,36.1,118,12세,2,0,1,1802,2
1205,코미디,3,5,111.1,153,전체관람가,2,0,1,2341,1
1206,애니메이션,3,3,261.5,97,15세,11,1,0,930,2
1207,호러,4,4,114.0,149,15세,10,1,1,2334,0
1208,SF,2,3,160.0,123,15세,8,0,0,1404,2
1209,로맨스,4,3,143.6,180,15세,8,0,0,1149,0
1210,액션,1,3,8.7,120,15세,9,0,1,1382,1
1211,스릴러,4,4,292.6,84,12세,6,0,0,201,0
1212,호러,1,1,197.2,150,15세,1,0,1,2279,3
1213,애니메이션,3,2,125.8,134,청불,2,0,0,1068,1
1214,로맨스,5,1,172.7,107,12세,12,0,0,709,1
1215,호러,2,4,196.6,119,15세,9,0,1,225,0
1216,스릴러,5,1,68.4,142,15세,6,0,1,1438,1
1217,드라마,4,1,19.1,179,전체관람가,10,0,0,463,0
1218,로맨스,4,4,27.4,165,15세,10,0,0,1160,0
1219,액션,3,1,266.0,168,15세,11,0,0,755,1
1220,호러,5,2,87.0,118,청불,11,0,1,948,0
1221,호러,4,2,26.2,147,청불,9,0,0,2054,0
1222,SF,1,3,39.3,130,15세,6,1,0,1987,2
1223,호러,1,3,238.0,162,12세,12,0,0,928,1
1224,코미디,2,3,135.9,106,12세,11,0,1,480,0
1225,스릴러,3,1,166.1,152,청불,11,0,1,1342,1
1226,코미디,1,4,205.1,125,12세,4,0,1,2136,2
1227,코미디,2,2,286.8,170,청불,2,0,1,1057,1
1228,로맨스,2,1,138.9,144,전체관람가,8,0,1,1592,3
1229,호러,5,1,190.2,149,15세,4,0,1,1197,1
1230,로맨스,3,4,152.3,85,청불,3,0,1,2339,1
1231,액션,4,4,281.5,108,전체관람가,4,0,1,236,0
1232,드라마,4,1,32.6,126,12세,9,0,1,224,0
1233,액션,4,1,53.4,173,15세,3,1,0,2310,2
1234,코미디,4,4,30.1,161,15세,7,0,1,101,0
1235,코미디,5,1,280.7,93,청불,8,0,1,2358,2
1236,액션,2,4,23.6,106,청불,4,0,0,1436,0
1237,호러,3,1,239.2,116,12세,12,0,0,2015,1
1238,스릴러,4,3,133.1,100,15세,8,0,1,2075,1
1239,로맨스,2,5,21.0,164,15세,2,0,0,2299,1
1240,드라마,3,5,47.9,153,12세,11,0,0,1169,0
1241,SF,1,2,52.4,144,청불,5,0,0,1589,0
1242,로맨스,4,3,253.8,177,15세,12,0,0,1608,2
1243,코미디,2,3,98.4,84,12세,9,0,1,1625,0
1244,애니메이션,2,2,90.2,180,청불,4,1,1,2257,2
1245,코미디,3,5,282.7,109,전체관람가,11,1,1,1636,2
1246,드라마,4,5,299.9,120,12세,10,0,0,134,0
1247,호러,5,3,260.6,152,15세,8,0,0,942,0
1248,드라마,1,1,272.5,115,15세,9,0,1,1509,2
1249,호러,1,4,144.4,115,청불,10,1,1,913,1
1250,로맨스,3,1,290.7,154,12세,2,1,0,1791,2
1251,SF,3,3,127.2,124,청불,6,0,0,118,0
1252,애니메이션,4,5,7.5,163,15세,10,0,0,1032,0
1253,코미디,2,4,13.2,86,15세,12,0,0,2336,1
1254,로맨스,5,2,291.8,153,15세,12,0,0,886,0
1255,스릴러,3,5,251.9,97,청불,5,0,0,139,0
1256,호러,4,3,76.5,160,15세,3,0,0,559,0
1257,액션,4,2,222.1,179,12세,10,0,1,1136,0
1258,드라마,1,1,215.2,133,15세,1,0,0,113,1
1259,호러,1,4,213.7,117,전체관람가,2,0,1,1949,2
1260,코미디,5,5,118.3,111,15세,3,0,0,2467,1
1261,애니메이션,2,2,113.9,87,전체관람가,10,0,1,1116,1
1262,드라마,1,3,261.8,136,청불,11,0,1,2056,1
1263,호러,2,2,28.5,93,전체관람가,5,1,0,1618,0
1264,로맨스,2,1,266.5,173,15세,1,0,1,773,1
1265,SF,4,4,132.9,87,15세,3,0,1,1642,1
1266,액션,1,2,74.3,173,15세,12,1,0,381,3
1267,액션,4,4,286.9,94,12세,8,0,0,1860,2
1268,애니메이션,4,4,235.3,125,12세,3,0,1,269,0
1269,액션,1,2,64.7,130,15세,8,0,0,1936,2
1270,코미디,3,1,103.3,124,15세,4,0,1,1887,1
1271,코미디,4,3,267.9,170,15세,7,1,1,1158,2
1272,SF,1,5,48.0,118,청불,9,0,0,2223,1
1273,애니메이션,4,1,13.1,135,12세,10,0,1,1612,0
1274,애니메이션,2,4,187.6,137,15세,9,0,0,2059,2
1275,스릴러,3,5,43.3,155,청불,2,0,0,1740,0
1276,액션,1,5,242.1,104,15세,9,0,0,159,0
1277,코미디,5,5,115.7,111,전체관람가,11,0,0,489,0
1278,드라마,1,2,91.6,132,15세,8,0,1,792,2
1279,드라마,4,2,139.6,173,전체관람가,1,0,0,2165,2
1280,스릴러,4,5,86.8,102,12세,6,0,1,1700,1
1281,스릴러,1,5,157.2,170,전체관람가,6,0,0,193,1
1282,액션,4,1,84.2,118,청불,4,0,1,2393,1
1283,호러,3,5,58.2,102,15세,4,0,0,1954,2
1284,SF,3,2,298.4,86,15세,12,0,1,1101,2
1285,호러,5,1,231.0,139,전체관람가,9,0,0,2204,0
1286,로맨스,2,5,17.7,89,청불,8,1,1,2464,3
1287,로맨스,4,3,292.8,164,15세,8,0,0,1149,0
1288,코미디,3,4,164.0,134,15세,7,1,0,1709,2
1289,애니메이션,2,2,294.9,145,12세,3,0,0,992,2
1290,드라마,5,2,149.9,178,15세,8,1,1,1698,1
1291,액션,1,4,171.2,135,12세,3,1,1,1528,2
1292,로맨스,1,3,213.8,84,12세,4,0,0,483,1
1293,코미디,2,4,202.0,144,15세,7,0,1,2145,3
1294,스릴러,3,1,182.0,163,15세,10,1,1,2406,1
1295,로맨스,1,1,39.0,144,12세,9,0,0,1955,3
1296,스릴러,1,3,214.6,180,청불,2,0,0,1295,2
1297,코미디,5,4,290.0,141,전체관람가,12,0,0,1900,2
1298,스릴러,2,1,286.0,96,전체관람가,12,0,0,1227,2
1299,액션,5,4,39.1,85,전체관람가,6,0,0,369,0
1300,로맨스,2,1,262.7,143,12세,5,1,0,621,2
1301,애니메이션,3,5,174.5,89,12세,7,0,1,422,0
1302,액션,2,1,255.5,125,전체관람가,8,1,0,1499,3
1303,액션,5,1,77.7,105,15세,6,0,0,2055,0
1304,SF,5,3,257.4,170,전체관람가,3,1,1,2038,3
1305,스릴러,1,5,172.1,127,청불,1,1,0,1655,1
1306,스릴러,1,2,221.9,146,12세,10,0,0,528,2
1307,애니메이션,1,3,132.6,147,15세,10,0,1,927,2
1308,애니메이션,4,2,266.5,127,15세,11,0,1,1522,1
1309,호러,5,3,55.0,106,15세,3,0,1,1315,0
1310,스릴러,5,3,276.6,102,12세,11,0,0,1626,1
1311,스릴러,3,3,171.4,141,청불,8,0,0,1915,3
1312,드라마,1,5,220.0,134,15세,7,1,0,1340,3
1313,스릴러,2,4,46.3,171,12세,11,0,0,193,0
1314,SF,5,1,86.9,113,15세,7,0,0,2474,1
1315,코미디,1,1,169.0,98,15세,3,0,1,2217,3
1316,액션,1,2,180.0,129,15세,5,0,0,1572,2
1317,액션,1,3,151.1,174,15세,10,0,0,1266,2
1318,스릴러,2,1,215.2,174,12세,10,0,0,697,0
1319,애니메이션,5,4,202.4,163,15세,9,0,1,371,0
1320,호러,3,2,223.8,150,15세,12,0,1,1605,1
1321,호러,5,4,129.6,180,15세,5,0,0,233,0
1322,스릴러,1,5,31.8,148,12세,11,0,1,788,0
1323,액션,2,4,106.9,102,15세,6,0,0,2272,2
1324,스릴러,2,5,230.8,146,12세,9,1,1,1760,2
1325,액션,1,1,79.4,82,15세,11,0,0,636,2
1326,애니메이션,5,1,260.0,176,15세,10,0,0,703,1
1327,애니메이션,4,1,168.7,173,전체관람가,4,0,1,1311,0
1328,로맨스,4,4,13.9,164,15세,10,0,0,2371,1
1329,호러,2,3,264.0,176,12세,3,0,1,930,0
1330,드라마,2,5,241.3,85,청불,7,0,0,828,1
1331,코미디,4,5,111.4,158,15세,8,0,0,759,0
1332,코미디,4,4,169.5,80,15세,12,0,0,1293,0
1333,로맨스,3,5,79.1,102,15세,1,0,1,546,0
1334,액션,1,4,103.3,164,15세,4,0,0,858,0
1335,SF,2,1,256.8,157,15세,1,1,0,257,1
1336,애니메이션,5,4,174.2,167,전체관람가,6,0,0,454,0
1337,호러,1,5,18.3,172,15세,11,0,1,319,0
1338,드라마,2,3,231.5,140,청불,1,1,0,379,0
1339,애니메이션,4,3,233.6,124,15세,7,0,0,422,0
1340,액션,5,4,35.6,170,전체관람가,4,0,1,967,0
1341,액션,1,3,49.6,126,15세,11,0,0,1064,2
1342,로맨스,5,1,199.4,149,청불,12,1,0,763,1
1343,스릴러,3,5,65.0,95,청불,1,1,1,2384,1
1344,애니메이션,2,3,264.6,81,15세,12,0,0,575,1
1345,코미디,2,2,171.2,138,12세,11,1,0,1915,3
1346,호러,4,5,199.8,157,청불,10,0,0,1036,0
1347,액션,2,5,243.5,96,청불,3,0,1,656,0
1348,호러,1,1,80.2,153,15세,2,0,1,2108,2
1349,액션,3,5,16.8,155,12세,7,0,1,537,0
1350,액션,5,1,135.2,127,12세,2,0,0,2382,3
1351,로맨스,2,4,70.5,115,전체관람가,9,0,1,267,0
1352,애니메이션,2,2,18.4,136,12세,2,1,0,2142,3
1353,애니메이션,4,5,10.2,125,15세,10,0,0,691,0
1354,로맨스,3,3,30.7,90,15세,12,0,0,1729,1
1355,로맨스,2,3,50.6,160,15세,12,0,0,1341,1
1356,로맨스,1,2,135.3,114,15세,4,1,1,119,1
1357,애니메이션,1,1,215.2,160,12세,12,0,0,862,2
1358,애니메이션,1,1,41.3,105,12세,7,0,1,1039,1
1359,액션,4,4,187.3,112,12세,4,0,1,503,0
1360,액션,4,5,146.9,107,15세,4,0,1,2013,0
1361,애니메이션,3,1,90.0,179,청불,4,1,0,1909,1
1362,호러,3,1,290.0,119,12세,6,0,1,2005,1
1363,애니메이션,5,4,104.9,126,15세,7,1,1,931,0
1364,액션,5,5,91.6,138,15세,12,0,0,2047,2
1365,SF,4,5,134.4,143,12세,6,0,0,551,0
1366,코미디,2,2,247.5,92,청불,3,1,0,1634,2
1367,코미디,5,3,169.5,127,15세,4,0,0,2240,1
1368,로맨스,5,2,187.7,80,전체관람가,7,1,0,555,0
1369,애니메이션,1,4,117.3,123,12세,6,0,0,1774,3
1370,애니메이션,1,5,262.6,84,청불,1,1,1,854,2
1371,드라마,3,4,72.9,175,12세,8,0,1,1786,2
1372,코미디,1,5,56.2,160,15세,4,0,1,2059,1
1373,호러,5,4,102.9,179,전체관람가,4,0,1,1641,1
1374,스릴러,4,5,263.6,136,12세,7,0,0,793,1
1375,드라마,4,5,149.8,140,12세,12,0,1,171,0
1376,드라마,4,2,56.3,145,12세,1,1,1,1445,1
1377,SF,2,2,180.2,134,15세,10,0,0,1972,3
1378,SF,3,1,75.7,132,12세,8,0,0,620,0
1379,스릴러,5,3,205.1,100,15세,10,0,0,219,0
1380,액션,1,1,14.0,167,12세,6,0,1,717,0
1381,스릴러,4,4,182.6,179,12세,6,0,0,2091,2
1382,애니메이션,1,2,253.4,144,청불,3,0,0,1405,1
1383,로맨스,5,4,203.7,113,15세,6,0,0,185,0
1384,로맨스,1,2,149.5,154,15세,1,0,1,1156,2
1385,코미디,3,4,240.4,101,청불,11,1,1,2424,0
1386,스릴러,2,1,158.8,154,전체관람가,8,1,0,1408,2
1387,애니메이션,3,2,241.4,163,청불,10,0,1,350,0
1388,호러,1,1,4.8,116,15세,7,0,0,240,0
1389,애니메이션,4,3,198.8,148,전체관람가,11,0,1,926,0
1390,액션,1,5,2.2,132,15세,10,0,0,2473,0
1391,액션,4,3,173.0,119,15세,11,1,0,1376,2
1392,코미디,4,1,14.4,99,청불,2,0,1,1949,0
1393,드라마,2,1,24.7,87,전체관람가,9,1,0,2099,2
1394,애니메이션,3,1,142.3,148,청불,3,0,0,127,0
1395,SF,3,1,80.4,161,12세,2,0,1,526,1
1396,호러,3,3,213.5,81,15세,1,1,1,1335,1
1397,SF,2,2,62.9,118,청불,3,0,1,498,0
1398,코미디,2,5,34.1,152,15세,11,0,0,2274,0
1399,액션,4,3,218.6,154,12세,11,0,0,543,2
1400,스릴러,1,4,294.8,116,15세,1,1,1,818,3
1401,코미디,1,4,18.6,177,15세,5,1,1,449,0
1402,액션,5,1,284.9,100,12세,7,1,0,1865,3
1403,스릴러,2,4,33.1,83,12세,5,0,1,1198,0
1404,로맨스,3,3,214.9,87,청불,10,1,1,278,0
1405,드라마,3,2,95.7,149,15세,6,0,1,781,0
1406,SF,5,1,101.9,116,청불,5,0,1,877,0
1407,로맨스,3,1,205.8,117,전체관람가,6,0,0,223,1
1408,애니메이션,1,1,267.4,94,15세,8,0,1,1129,2
1409,SF,1,2,130.0,119,15세,6,0,1,2198,2
1410,호러,1,1,44.1,116,12세,2,0,1,1745,3
1411,코미디,2,2,264.6,81,12세,9,0,0,2053,2
1412,드라마,1,5,13.5,145,15세,1,0,1,1924,0
1413,액션,1,5,193.6,117,15세,8,0,1,1302,3
1414,SF,2,4,143.6,125,15세,11,0,0,1065,1
1415,SF,4,3,180.7,120,12세,11,0,0,1327,3
1416,호러,1,5,292.8,103,청불,3,0,1,397,0
1417,로맨스,1,5,110.1,144,청불,12,1,0,813,1
1418,로맨스,4,2,103.9,125,12세,9,1,0,1355,1
1419,SF,1,4,172.0,153,15세,8,0,0,1703,1
1420,로맨스,5,1,270.6,101,15세,6,1,1,1595,2
1421,애니메이션,4,1,168.6,88,15세,3,0,0,286,0
1422,로맨스,4,3,2.7,147,12세,6,0,1,1995,1
1423,드라마,4,4,73.3,81,12세,12,0,1,863,1
1424,로맨스,2,3,48.3,180,12세,11,1,1,180,0
1425,드라마,3,1,167.8,82,15세,6,0,1,1532,2
1426,액션,1,4,198.2,177,청불,2,0,0,1174,1
1427,호러,4,5,275.8,81,15세,4,0,1,2267,1
1428,드라마,1,2,175.0,140,전체관람가,8,0,1,2478,3
1429,SF,4,1,281.1,135,12세,10,0,0,1208,1
1430,호러,3,1,16.4,165,15세,3,0,0,1441,0
1431,드라마,1,3,273.1,159,12세,9,0,1,1727,1
1432,애니메이션,1,4,171.6,165,청불,10,0,0,2130,2
1433,로맨스,5,4,208.2,80,15세,1,0,0,209,0
1434,스릴러,5,2,262.0,105,15세,10,0,1,505,1
1435,애니메이션,2,2,208.5,163,12세,5,1,1,990,1
1436,스릴러,5,2,152.8,156,청불,2,0,0,185,1
1437,SF,4,4,140.9,132,청불,8,1,0,412,0
1438,스릴러,5,5,262.8,174,12세,1,0,0,824,0
1439,로맨스,1,1,236.3,89,청불,12,0,1,1153,1
1440,애니메이션,4,2,224.5,168,12세,10,1,1,1330,2
1441,드라마,3,1,98.4,121,전체관람가,11,0,1,1133,2
1442,코미디,4,3,113.7,89,12세,12,0,1,1294,0
1443,스릴러,5,5,209.3,155,전체관람가,11,1,1,2337,1
1444,스릴러,4,3,299.1,157,15세,1,0,1,599,0
1445,로맨스,5,5,258.6,151,15세,6,0,0,159,0
1446,드라마,3,2,146.2,99,12세,7,0,0,2138,3
1447,호러,3,4,176.9,85,청불,4,0,0,889,0
1448,로맨스,2,1,143.3,151,15세,3,0,0,584,1
1449,로맨스,5,3,109.9,105,15세,8,0,1,1519,0
1450,애니메이션,2,4,220.4,167,15세,12,0,0,2490,3
1451,코미디,1,4,240.2,159,전체관람가,8,1,1,2466,3
1452,SF,5,2,31.9,128,12세,12,0,1,2489,2
1453,애니메이션,4,2,232.8,177,15세,9,0,0,1165,1
1454,스릴러,3,3,152.5,172,전체관람가,2,0,0,226,0
1455,호러,3,5,35.6,135,12세,11,1,0,618,0
1456,호러,4,3,71.7,141,청불,5,0,1,688,0
1457,SF,1,2,133.9,102,12세,8,1,0,300,1
1458,코미디,2,2,94.3,125,15세,3,0,1,287,0
1459,로맨스,2,4,51.6,103,12세,5,0,1,536,0
1460,SF,1,4,42.3,105,15세,7,0,1,2489,3
1461,코미디,5,2,263.4,137,15세,5,0,0,437,0
1462,드라마,3,1,235.8,108,청불,6,0,0,443,1
1463,SF,5,3,54.6,153,전체관람가,12,0,1,1719,0
1464,스릴러,3,5,172.3,139,청불,9,1,1,1188,1
1465,로맨스,4,3,127.5,158,15세,6,1,1,2111,1
1466,SF,4,1,14.2,148,12세,3,1,1,1906,0
1467,코미디,1,4,230.1,130,12세,2,1,0,2261,3
1468,호러,4,1,70.5,93,청불,1,0,1,2265,0
1469,애니메이션,1,5,216.9,158,15세,4,0,0,555,0
1470,SF,2,5,255.2,85,15세,5,0,0,621,0
1471,액션,4,5,145.0,139,청불,9,1,0,641,0
1472,애니메이션,1,4,289.0,87,15세,10,0,0,1232,2
1473,스릴러,5,5,270.8,125,12세,12,0,0,2390,3
1474,호러,3,1,255.3,133,12세,6,0,1,296,0
1475,호러,2,4,9.8,104,12세,8,0,1,1108,0
1476,SF,5,3,279.5,100,12세,10,0,0,1658,0
1477,호러,5,3,273.1,100,15세,1,1,1,263,0
1478,SF,3,1,100.6,159,12세,10,0,0,2001,2
1479,드라마,4,4,57.1,160,청불,7,0,1,1128,0
1480,액션,5,5,256.4,105,12세,2,0,0,735,0
1481,코미디,5,2,184.7,118,전체관람가,2,0,0,1718,3
1482,액션,4,5,214.1,140,12세,7,0,1,1061,0
1483,로맨스,3,2,254.3,127,청불,6,0,0,664,0
1484,애니메이션,3,3,68.5,121,15세,12,0,1,767,0
1485,드라마,3,5,166.9,143,전체관람가,6,0,1,1996,1
1486,액션,3,2,136.2,168,15세,5,0,1,858,0
1487,SF,1,5,286.4,124,12세,5,0,1,1079,0
1488,드라마,3,4,200.3,85,15세,4,1,0,1748,1
1489,드라마,1,1,66.8,126,15세,5,0,0,233,1
1490,코미디,1,2,216.2,116,15세,6,0,0,608,2
1491,로맨스,5,5,17.1,127,15세,9,0,1,1141,0
1492,액션,2,2,273.8,143,전체관람가,9,0,1,405,2
1493,액션,2,4,290.4,89,15세,12,0,0,2403,2
1494,SF,2,4,23.3,164,12세,12,0,1,449,0
1495,로맨스,3,2,250.1,145,15세,5,0,0,864,1
1496,액션,3,5,193.3,152,15세,12,0,0,2474,3
1497,호러,1,2,298.5,88,15세,10,0,1,2347,3
1498,SF,1,1,22.4,141,15세,4,1,0,1621,2
1499,드라마,2,1,143.5,114,15세,9,0,0,2302,2
1500,액션,1,1,180.5,82,전체관람가,12,0,0,2361,3
1501,스릴러,1,1,101.8,102,12세,3,0,1,404,2
1502,코미디,4,5,190.5,132,전체관람가,7,0,0,1509,1
1503,호러,1,3,266.9,125,12세,2,0,0,880,2
1504,스릴러,1,5,33.9,132,12세,1,0,1,2185,1
1505,스릴러,4,1,128.6,115,청불,9,0,0,1485,0
1506,코미디,3,4,110.5,171,15세,10,0,1,1408,0
1507,SF,5,3,284.5,81,12세,1,0,0,1857,2
1508,스릴러,1,1,65.6,83,12세,1,0,0,1864,2
1509,SF,4,1,265.8,122,15세,9,0,1,847,0
1510,애니메이션,1,2,170.1,138,12세,3,1,1,1078,2
1511,애니메이션,4,1,139.5,129,15세,7,0,0,1021,1
1512,코미디,5,4,12.7,95,12세,6,0,1,950,0
1513,SF,1,2,227.5,93,청불,5,0,0,396,1
1514,스릴러,2,5,135.4,109,12세,1,0,0,785,0
1515,스릴러,1,3,210.8,136,15세,9,0,0,1671,2
1516,SF,3,2,19.7,86,전체관람가,4,0,1,1484,0
1517,스릴러,1,3,95.3,169,15세,10,0,0,394,1
1518,액션,1,4,12.0,123,청불,5,0,1,343,0
1519,SF,4,1,105.3,109,12세,11,1,0,444,0
1520,액션,5,2,223.8,169,12세,6,0,1,339,0
1521,스릴러,1,4,18.1,107,전체관람가,12,1,0,1167,1
1522,액션,1,2,281.1,143,15세,12,1,1,412,3
1523,액션,1,3,278.3,173,15세,12,0,0,1304,3
1524,드라마,3,4,127.8,111,12세,6,0,0,2429,2
1525,코미디,3,5,23.8,90,12세,12,0,1,1673,1
1526,애니메이션,4,2,14.8,121,15세,6,0,0,630,0
1527,SF,5,3,100.0,158,12세,5,0,0,421,0
1528,SF,3,5,247.1,97,15세,4,0,1,924,0
1529,드라마,4,1,282.1,91,전체관람가,3,0,0,1559,2
1530,스릴러,4,3,102.5,83,15세,7,0,0,981,0
1531,SF,5,1,9.2,97,12세,3,0,0,1815,0
1532,애니메이션,3,3,138.0,103,15세,1,0,1,470,2
1533,호러,5,1,180.2,80,전체관람가,9,0,0,2139,2
1534,SF,4,4,7.6,178,12세,6,0,0,1629,1
1535,코미디,5,1,144.3,120,15세,10,0,0,1479,0
1536,스릴러,3,4,178.5,171,12세,12,0,1,2407,2
1537,호러,1,5,13.7,82,15세,12,0,0,2348,1
1538,액션,4,5,27.5,90,15세,9,0,1,2409,1
1539,애니메이션,3,3,53.8,173,전체관람가,1,0,1,684,0
1540,호러,5,5,240.0,81,청불,11,0,0,659,0
1541,드라마,2,4,101.8,120,15세,1,0,0,2183,1
1542,호러,5,5,188.2,87,12세,10,0,0,2301,0
1543,SF,5,5,143.5,106,15세,5,0,0,1807,0
1544,애니메이션,1,1,105.4,90,12세,3,0,0,678,1
1545,로맨스,4,3,272.8,125,15세,11,0,0,427,0
1546,호러,2,5,14.9,93,전체관람가,8,0,1,2363,0
1547,로맨스,1,5,96.2,122,15세,7,0,0,2198,1
1548,드라마,4,5,214.1,170,15세,6,0,0,657,0
1549,애니메이션,3,1,47.8,82,15세,1,1,1,1613,3
1550,SF,4,1,176.9,97,12세,5,0,1,2205,2
1551,드라마,2,4,272.8,110,청불,11,1,0,311,0
1552,로맨스,3,5,127.0,166,15세,3,1,0,1092,0
1553,액션,1,2,277.5,86,전체관람가,4,1,1,483,2
1554,액션,2,4,201.3,112,15세,9,0,1,2246,1
1555,SF,5,2,289.1,157,청불,1,0,0,285,0
1556,드라마,2,1,209.2,80,15세,12,0,0,234,1
1557,SF,2,3,54.2,142,청불,11,0,0,2085,1
1558,스릴러,1,2,149.9,151,15세,7,0,1,572,0
1559,코미디,5,1,268.9,99,12세,12,0,0,1212,1
1560,스릴러,3,2,18.8,97,15세,1,0,0,1374,1
1561,애니메이션,1,4,33.8,95,청불,12,0,1,1998,2
1562,애니메이션,1,5,165.5,109,청불,1,1,1,1610,1
1563,스릴러,1,2,106.6,122,15세,4,0,1,2328,3
1564,코미디,3,5,153.9,167,15세,6,0,1,2268,0
1565,액션,3,1,78.5,133,15세,3,0,0,445,0
1566,로맨스,2,3,177.7,85,15세,9,1,1,2098,2
1567,코미디,2,1,289.7,86,15세,4,0,1,1402,1
1568,액션,3,4,141.3,81,15세,4,0,1,919,1
1569,SF,3,3,226.2,123,15세,9,0,0,362,0
1570,스릴러,4,1,119.2,101,청불,6,0,1,1229,0
1571,애니메이션,5,3,186.5,177,12세,6,0,0,893,1
1572,로맨스,1,4,35.4,90,12세,5,0,1,1415,1
1573,애니메이션,1,3,117.6,123,15세,2,0,1,2227,2
1574,액션,2,5,239.1,129,12세,1,0,0,2247,3
1575,SF,1,4,156.2,94,12세,1,0,1,1788,3
1576,로맨스,2,3,29.4,99,12세,9,0,0,1956,1
1577,호러,2,1,1.3,90,15세,7,0,1,1334,0
1578,액션,2,5,81.9,110,15세,4,0,0,1810,1
1579,로맨스,2,4,163.9,81,15세,9,0,0,1205,1
1580,애니메이션,5,2,183.2,155,12세,9,1,0,1505,3
1581,SF,5,1,179.8,171,청불,2,0,1,775,0
1582,애니메이션,2,2,294.0,162,12세,2,0,0,2158,3
1583,드라마,3,3,258.7,143,12세,4,0,1,2086,1
1584,호러,4,1,151.3,169,15세,2,0,0,1839,2
1585,코미디,2,2,51.0,125,12세,2,1,0,1089,1
1586,액션,5,1,97.1,92,15세,1,0,0,1446,2
1587,스릴러,5,5,2.7,119,15세,12,0,0,1700,0
1588,코미디,5,5,252.9,98,전체관람가,8,0,1,1417,0
1589,SF,4,2,52.7,141,12세,6,0,0,131,0
1590,드라마,3,1,39.9,83,15세,1,0,0,2096,3
1591,애니메이션,2,5,145.1,144,12세,1,0,0,883,1
1592,애니메이션,4,4,170.5,97,12세,1,1,1,964,2
1593,액션,2,5,138.0,92,전체관람가,2,0,1,709,0
1594,애니메이션,5,4,106.8,92,12세,10,0,1,810,1
1595,드라마,1,1,25.5,141,15세,1,0,0,1521,3
1596,스릴러,3,4,24.8,108,12세,3,0,0,1045,0
1597,SF,5,5,182.7,162,청불,10,1,1,1278,0
1598,로맨스,2,3,116.2,144,15세,3,1,1,2052,2
1599,로맨스,2,5,217.8,87,15세,10,0,0,1357,1
1600,코미디,2,4,155.5,176,전체관람가,9,0,0,1871,2
1601,스릴러,1,5,57.2,80,12세,8,0,0,1257,1
1602,로맨스,4,1,5.9,141,15세,11,1,1,1614,1
1603,스릴러,5,5,8.4,88,청불,10,0,0,1840,0
1604,호러,5,2,140.6,98,전체관람가,8,0,0,640,0
1605,드라마,1,5,33.8,126,15세,12,0,0,1161,0
1606,SF,5,3,155.5,145,청불,3,0,1,853,0
1607,로맨스,1,4,180.9,154,15세,5,0,0,363,0
1608,애니메이션,4,2,54.7,156,15세,7,0,1,2433,2
1609,호러,5,4,48.3,109,15세,7,1,0,957,0
1610,애니메이션,2,1,18.2,107,15세,12,0,0,1128,2
1611,SF,4,2,288.6,86,청불,2,0,0,1817,0
1612,드라마,1,5,143.6,146,12세,4,0,0,1738,2
1613,SF,1,1,177.2,109,전체관람가,4,0,1,1656,2
1614,SF,2,1,280.0,144,12세,10,0,0,624,2
1615,스릴러,2,2,48.3,153,청불,9,0,1,368,0
1616,액션,4,4,195.8,136,12세,8,0,1,413,0
1617,드라마,4,5,124.4,116,전체관람가,11,0,0,2294,0
1618,드라마,5,2,268.8,129,12세,12,0,0,105,0
1619,SF,2,5,185.0,157,청불,3,0,1,1900,1
1620,코미디,2,4,259.8,88,전체관람가,9,0,0,1834,3
1621,스릴러,3,2,260.2,83,12세,9,0,1,282,0
1622,애니메이션,5,4,111.0,118,12세,4,1,1,778,0
1623,로맨스,4,4,13.1,160,15세,6,0,0,1630,0
1624,SF,3,4,242.9,160,청불,12,0,0,1966,2
1625,로맨스,3,2,288.1,139,15세,7,0,0,1398,2
1626,호러,5,4,1.8,113,15세,10,0,0,635,0
1627,스릴러,3,2,27.8,155,12세,1,0,1,445,0
1628,로맨스,4,3,143.3,123,12세,4,0,1,191,0
1629,SF,1,3,243.3,90,청불,9,0,0,1426,2
1630,로맨스,1,1,277.4,136,15세,6,0,0,2332,2
1631,로맨스,3,3,213.1,113,전체관람가,12,1,0,2301,3
1632,애니메이션,2,2,20.1,177,12세,9,1,0,1835,1
1633,호러,5,3,282.3,140,12세,4,0,0,103,0
1634,로맨스,3,4,74.1,96,청불,8,1,0,656,0
1635,애니메이션,5,5,111.8,149,전체관람가,3,0,1,751,0
1636,스릴러,5,2,286.2,116,15세,4,0,0,1536,1
1637,액션,3,1,112.0,115,전체관람가,8,0,1,1045,1
1638,액션,1,2,278.0,104,15세,7,0,1,767,1
1639,SF,1,3,203.5,151,12세,6,0,0,1611,1
1640,로맨스,3,3,100.2,93,12세,1,0,0,579,0
1641,SF,3,2,265.6,99,청불,1,0,0,2058,1
1642,드라마,4,5,161.7,118,12세,1,1,0,1055,0
1643,드라마,2,2,49.3,166,전체관람가,12,0,0,1354,0
1644,코미디,3,4,151.4,155,12세,9,1,1,627,0
1645,로맨스,3,2,282.2,141,15세,3,1,1,1262,2
1646,스릴러,3,5,128.1,111,15세,7,0,0,1483,3
1647,호러,2,2,67.2,102,12세,8,0,0,1432,1
1648,액션,1,2,125.1,146,12세,2,0,0,1669,3
1649,액션,3,4,61.5,107,전체관람가,10,0,0,1098,0
1650,애니메이션,4,4,101.2,137,15세,6,0,0,2498,1
1651,호러,4,5,79.2,98,12세,2,1,1,1298,0
1652,로맨스,3,5,296.3,112,12세,8,0,0,1354,1
1653,드라마,2,4,159.6,149,15세,1,1,1,1180,1
1654,호러,5,2,52.7,163,12세,7,0,0,2366,2
1655,드라마,2,2,215.6,116,전체관람가,1,0,0,1327,3
1656,액션,4,2,82.2,160,전체관람가,3,0,0,2224,0
1657,액션,3,5,126.5,106,12세,4,0,1,1248,2
1658,코미디,1,1,134.7,134,12세,9,0,1,2291,3
1659,애니메이션,4,5,259.8,92,전체관람가,3,0,1,1502,0
1660,로맨스,3,1,183.3,91,15세,3,0,0,1191,1
1661,SF,4,3,174.6,84,12세,11,0,0,324,1
1662,코미디,4,1,67.9,163,15세,3,0,0,1527,1
1663,SF,3,4,129.7,88,15세,5,0,0,769,0
1664,코미디,2,3,5.0,81,15세,7,0,1,641,0
1665,액션,4,3,194.1,147,15세,3,0,1,2202,2
1666,스릴러,1,2,75.5,139,12세,5,0,0,1583,1
1667,애니메이션,3,4,283.0,91,15세,10,0,0,2352,1
1668,드라마,3,5,41.4,114,15세,8,1,1,2272,2
1669,코미디,3,5,127.3,139,12세,10,0,1,467,0
1670,호러,4,4,74.4,102,15세,11,0,0,1112,0
1671,드라마,4,3,181.9,95,청불,4,0,0,2493,0
1672,드라마,4,3,192.0,112,15세,5,0,1,1590,1
1673,애니메이션,5,3,97.8,87,청불,10,0,1,2265,1
1674,액션,1,4,103.0,91,12세,6,0,0,1928,3
1675,스릴러,4,1,94.3,164,15세,10,0,0,1970,1
1676,드라마,1,3,87.6,87,15세,9,0,0,1073,1
1677,호러,2,5,65.8,154,전체관람가,4,0,0,1023,0
1678,호러,1,1,126.8,153,전체관람가,7,0,0,1721,3
1679,드라마,4,3,125.2,159,15세,6,0,1,146,0
1680,애니메이션,3,5,183.9,147,12세,6,0,0,1331,0
1681,로맨스,1,3,200.4,166,12세,2,0,0,2312,3
1682,SF,5,2,198.5,105,12세,12,0,1,1267,2
1683,스릴러,5,5,277.4,163,15세,9,0,0,525,0
1684,SF,1,5,126.7,158,15세,10,0,1,293,0
1685,코미디,2,4,88.1,172,12세,4,1,0,1999,1
1686,코미디,3,1,141.9,167,15세,12,0,1,2265,3
1687,로맨스,1,1,96.2,122,12세,2,0,1,1120,2
1688,코미디,5,2,89.8,90,15세,9,1,0,1336,0
1689,로맨스,2,3,194.9,88,청불,6,0,0,1782,0
1690,드라마,2,2,243.6,124,청불,11,0,1,2170,3
1691,스릴러,5,1,192.0,85,15세,12,0,0,1580,0
1692,코미디,4,3,80.6,142,15세,9,1,0,1608,1
1693,스릴러,3,1,299.2,172,15세,4,0,1,1399,0
1694,액션,5,5,141.9,134,15세,9,0,0,302,0
1695,스릴러,5,2,245.8,87,12세,11,0,1,181,0
1696,스릴러,1,5,149.3,88,청불,9,0,1,2264,1
1697,액션,3,5,36.2,127,12세,11,0,0,866,0
1698,호러,4,1,14.6,100,15세,12,0,1,582,0
1699,호러,3,5,87.9,124,15세,9,0,1,1176,0
1700,애니메이션,4,4,1.3,126,15세,10,1,1,1241,0
1701,애니메이션,3,3,97.1,112,전체관람가,5,1,1,827,0
1702,스릴러,2,3,35.2,114,12세,12,0,1,1671,2
1703,호러,2,1,206.3,152,청불,9,1,0,1564,1
1704,애니메이션,2,5,145.0,170,12세,12,0,0,2003,2
1705,호러,3,5,181.8,114,15세,3,0,0,629,0
1706,액션,1,4,106.8,169,15세,12,0,0,1444,1
1707,애니메이션,1,2,94.6,139,15세,5,1,0,1318,1
1708,코미디,3,5,251.3,82,15세,11,0,0,1461,0
1709,애니메이션,5,1,88.5,89,전체관람가,4,0,0,869,1
1710,로맨스,1,5,226.2,100,12세,2,0,0,1558,0
1711,로맨스,5,5,74.5,152,15세,6,0,1,874,0
1712,액션,1,3,214.7,82,15세,8,0,0,2299,2
1713,로맨스,2,5,62.0,159,15세,7,0,1,1756,1
1714,액션,5,3,57.1,144,15세,12,0,0,1774,1
1715,애니메이션,1,3,271.2,148,15세,1,0,1,1855,2
1716,코미디,5,5,269.6,138,청불,1,0,0,803,0
1717,로맨스,1,4,248.4,137,15세,5,0,0,933,1
1718,코미디,2,2,171.0,179,청불,1,1,0,1607,2
1719,드라마,1,5,58.8,111,12세,3,0,0,1424,0
1720,액션,4,2,62.5,156,전체관람가,3,0,1,1897,0
1721,코미디,4,5,95.5,105,15세,10,1,1,1846,1
1722,애니메이션,2,1,265.6,169,12세,9,0,1,2041,2
1723,호러,2,4,134.4,87,청불,2,0,0,1589,1
1724,코미디,4,4,292.0,132,전체관람가,6,0,0,2137,1
1725,애니메이션,1,2,285.3,152,15세,6,0,1,1113,2
1726,애니메이션,3,5,97.1,142,전체관람가,12,0,1,1303,1
1727,스릴러,1,5,224.3,118,전체관람가,8,0,0,1278,0
1728,스릴러,3,3,59.5,115,청불,7,0,0,2012,0
1729,드라마,4,5,146.6,169,전체관람가,4,0,0,1452,1
1730,로맨스,2,4,81.3,80,12세,6,0,0,1052,0
1731,코미디,5,1,85.0,153,12세,8,0,1,2418,2
1732,드라마,5,5,214.2,106,15세,10,0,0,716,0
1733,애니메이션,5,1,30.1,154,청불,6,0,0,1169,0
1734,애니메이션,1,3,113.4,155,12세,2,0,1,1684,3
1735,코미디,3,3,25.8,173,15세,11,0,0,876,0
1736,코미디,4,1,278.3,96,12세,1,0,1,1107,3
1737,애니메이션,1,2,170.0,154,청불,10,1,0,586,3
1738,호러,1,2,260.1,148,15세,10,0,0,2276,2
1739,액션,2,4,192.5,126,12세,1,0,0,900,1
1740,로맨스,3,5,126.6,111,전체관람가,6,0,0,446,0
1741,액션,1,3,144.7,161,12세,8,1,0,1380,3
1742,호러,2,5,100.3,119,청불,6,0,0,364,0
1743,애니메이션,2,4,148.1,140,12세,6,0,0,602,1
1744,드라마,2,4,283.8,94,15세,10,0,0,2199,1
1745,드라마,4,3,86.3,168,15세,9,0,0,1053,1
1746,SF,5,1,31.0,156,12세,7,0,1,127,0
1747,코미디,5,5,285.0,113,12세,8,0,0,374,0
1748,호러,1,5,26.5,161,12세,11,0,1,323,0
1749,드라마,4,1,281.6,166,12세,10,1,0,2484,3
1750,호러,4,4,139.4,154,청불,8,0,1,2258,1
1751,SF,1,4,113.0,107,12세,3,1,1,1548,2
1752,액션,1,5,156.6,142,전체관람가,11,0,0,1372,1
1753,SF,4,3,112.2,88,15세,4,0,1,1590,0
1754,애니메이션,2,2,170.6,135,15세,8,1,1,349,1
1755,호러,3,2,94.2,136,청불,4,0,1,1399,1
1756,SF,5,2,257.2,103,전체관람가,4,0,1,2113,2
1757,SF,2,3,219.2,125,12세,7,0,1,136,1
1758,드라마,1,2,270.3,164,15세,9,1,1,1995,3
1759,드라마,3,3,27.8,84,12세,1,0,0,1266,1
1760,드라마,4,2,41.8,143,청불,2,0,0,1249,0
1761,코미디,2,5,109.2,157,15세,1,1,1,2370,3
1762,코미디,5,3,292.5,130,12세,8,0,0,1462,0
1763,호러,5,2,237.2,137,15세,6,0,0,1507,0
1764,로맨스,4,4,183.0,131,12세,3,0,1,2093,2
1765,호러,5,5,294.4,105,청불,8,0,0,884,0
1766,호러,1,2,17.4,119,15세,6,0,1,1218,0
1767,코미디,3,5,45.5,117,12세,5,0,1,837,0
1768,드라마,4,1,34.1,163,12세,8,0,1,456,1
1769,액션,2,3,32.8,139,청불,1,0,0,749,0
1770,드라마,3,5,181.4,150,12세,1,0,0,2209,2
1771,코미디,2,5,118.5,130,청불,7,0,0,1218,0
1772,호러,2,3,14.8,120,15세,9,0,0,1803,1
1773,코미디,3,3,70.1,175,15세,4,0,1,1066,0
1774,코미디,4,2,265.0,145,15세,2,0,1,493,1
1775,SF,2,3,102.1,143,15세,9,0,0,461,0
1776,호러,2,5,262.1,129,전체관람가,9,0,1,1922,2
1777,SF,5,4,44.1,141,12세,3,0,0,1246,0
1778,SF,2,3,51.0,130,15세,4,1,0,981,0
1779,호러,4,4,56.6,132,12세,5,0,0,2282,0
1780,애니메이션,4,1,286.2,141,12세,3,0,0,1982,1
1781,호러,3,2,48.4,172,15세,7,0,1,600,0
1782,애니메이션,4,1,158.6,158,15세,8,0,0,1721,2
1783,액션,2,1,43.4,94,청불,12,0,0,1142,1
1784,애니메이션,2,3,268.6,157,12세,6,0,0,2040,1
1785,애니메이션,5,3,59.7,121,전체관람가,10,0,0,890,0
1786,코미디,2,2,240.6,157,15세,11,0,1,1376,0
1787,액션,3,3,132.2,87,15세,2,0,1,2109,2
1788,로맨스,5,4,97.2,153,청불,2,0,0,417,0
1789,액션,3,3,111.4,126,12세,1,0,0,1678,2
1790,SF,1,5,236.1,163,청불,5,0,0,189,0
1791,스릴러,1,4,76.9,92,15세,5,0,0,160,0
1792,로맨스,4,3,68.5,82,청불,6,1,0,851,0
1793,드라마,3,5,50.9,86,15세,10,0,0,1006,0
1794,SF,1,4,200.5,158,12세,12,0,0,1367,3
1795,드라마,1,3,217.9,132,청불,11,0,0,1219,1
1796,스릴러,3,3,287.7,119,청불,4,0,0,1712,0
1797,스릴러,2,2,250.5,174,청불,4,0,0,327,0
1798,로맨스,1,4,24.5,139,15세,12,0,0,1356,1
1799,스릴러,4,1,97.1,90,15세,2,0,0,2448,2
1800,액션,3,4,29.5,168,12세,8,0,0,1041,0
1801,로맨스,5,4,190.9,165,12세,11,0,0,1006,0
1802,SF,3,4,23.2,179,전체관람가,5,0,0,1245,0
1803,로맨스,1,1,102.2,146,12세,1,1,0,1161,2
1804,스릴러,3,1,5.4,149,15세,4,0,0,649,0
1805,드라마,4,1,49.1,136,15세,7,0,0,1193,1
1806,호러,5,5,191.6,171,전체관람가,8,1,0,342,0
1807,스릴러,2,2,180.5,101,12세,2,0,0,428,1
1808,액션,5,3,242.2,102,15세,6,0,0,1227,0
1809,코미디,4,5,136.3,137,전체관람가,8,0,0,2150,2
1810,SF,1,1,19.1,105,15세,9,0,1,1844,2
1811,로맨스,4,4,284.8,116,15세,8,0,1,290,0
1812,코미디,4,1,264.1,143,15세,4,0,0,1159,1
1813,드라마,4,2,263.3,145,12세,11,0,1,1203,2
1814,액션,1,4,85.5,141,12세,8,0,0,1612,3
1815,스릴러,1,5,276.9,116,전체관람가,4,0,0,364,1
1816,액션,3,4,48.2,120,15세,2,0,1,756,0
1817,드라마,1,3,290.5,121,15세,5,0,1,1515,2
1818,스릴러,4,5,130.1,146,12세,5,0,0,2175,0
1819,코미디,1,5,11.9,115,15세,9,1,0,909,0
1820,애니메이션,2,4,32.4,125,12세,12,0,0,1332,2
1821,드라마,3,5,177.7,157,15세,4,0,0,544,0
1822,애니메이션,3,1,118.1,170,12세,2,0,1,2148,2
1823,호러,2,3,44.4,179,15세,11,0,1,2295,1
1824,코미디,4,4,137.1,97,15세,7,0,0,1331,0
1825,호러,4,4,253.8,123,15세,9,0,0,2471,2
1826,SF,2,3,45.7,99,12세,2,0,1,546,0
1827,코미디,4,3,289.1,128,15세,4,1,0,2150,1
1828,로맨스,2,3,275.6,154,15세,10,0,0,471,0
1829,드라마,4,2,6.8,137,15세,10,1,1,2270,1
1830,SF,4,4,35.0,102,청불,2,0,1,2199,1
1831,SF,5,5,15.3,89,15세,12,0,0,1698,1
1832,코미디,1,4,153.2,80,12세,10,0,1,1679,0
1833,SF,5,4,171.5,122,15세,5,0,0,278,0
1834,로맨스,2,1,237.9,82,15세,2,1,1,2464,3
1835,코미디,3,2,65.8,113,청불,3,1,0,1224,1
1836,애니메이션,3,1,289.8,161,12세,8,0,1,840,2
1837,호러,3,4,211.2,168,청불,4,0,0,226,0
1838,호러,4,4,75.2,106,15세,1,0,1,973,0
1839,액션,5,4,275.3,155,전체관람가,9,1,0,1629,0
1840,로맨스,5,2,255.7,171,15세,3,0,0,1967,1
1841,호러,5,1,205.9,179,15세,8,1,1,156,0
1842,애니메이션,2,2,53.4,129,15세,7,0,1,415,1
1843,코미디,2,4,142.2,159,15세,3,0,1,146,0
1844,호러,1,2,291.1,160,12세,11,0,0,790,0
1845,SF,1,1,30.5,160,15세,9,0,1,1807,1
1846,호러,1,4,56.7,144,12세,2,0,1,1623,3
1847,애니메이션,3,4,46.0,105,전체관람가,10,0,1,2070,2
1848,SF,3,1,164.9,141,12세,10,0,1,511,1
1849,애니메이션,1,1,222.4,116,청불,9,0,1,899,1
1850,코미디,3,4,274.7,161,12세,12,0,0,1910,2
1851,드라마,1,3,50.9,113,12세,7,0,0,1469,1
1852,호러,3,2,282.0,81,청불,11,1,0,1137,1
1853,호러,4,4,235.3,91,전체관람가,9,0,1,2174,1
1854,스릴러,1,3,143.6,165,전체관람가,12,0,0,1976,3
1855,애니메이션,4,2,43.0,135,전체관람가,10,0,0,393,0
1856,호러,4,4,117.4,167,12세,6,1,0,177,0
1857,코미디,1,1,250.4,94,청불,12,0,0,2142,3
1858,코미디,2,5,117.5,98,12세,6,0,0,1375,0
1859,SF,5,3,58.6,172,전체관람가,2,0,1,686,0
1860,로맨스,1,2,192.5,162,15세,6,0,0,1191,1
1861,액션,5,1,157.8,133,전체관람가,4,0,1,998,0
1862,애니메이션,4,4,258.4,137,12세,7,0,1,2053,2
1863,애니메이션,3,2,55.1,167,전체관람가,5,0,0,793,2
1864,로맨스,5,1,157.4,94,15세,9,0,0,407,0
1865,SF,3,2,224.8,141,15세,5,1,0,2329,3
1866,SF,3,2,293.6,155,청불,1,0,0,821,0
1867,코미디,1,3,269.6,138,전체관람가,9,0,0,238,0
1868,SF,1,4,101.8,169,12세,2,1,1,2091,3
1869,코미디,4,2,220.6,89,12세,12,0,0,418,1
1870,액션,2,4,125.0,170,12세,1,0,1,449,1
1871,애니메이션,1,5,135.4,143,15세,3,0,0,2245,2
1872,액션,5,5,102.3,84,12세,6,0,0,2105,0
1873,로맨스,1,4,174.0,114,전체관람가,11,0,1,1039,1
1874,SF,4,2,21.5,170,전체관람가,10,0,0,709,0
1875,코미디,5,5,116.1,98,15세,11,0,0,601,0
1876,코미디,5,3,117.5,94,15세,10,1,1,1467,1
1877,호러,4,1,172.1,93,15세,4,0,0,1636,1
1878,로맨스,1,3,182.9,154,청불,11,0,0,1129,1
1879,호러,3,3,104.4,170,15세,5,0,0,117,0
1880,호러,3,2,293.4,130,12세,11,0,1,1726,2
1881,로맨스,2,2,3.5,139,전체관람가,8,0,1,1806,0
1882,드라마,2,4,253.1,179,12세,7,0,0,2284,3
1883,액션,4,1,128.0,88,15세,5,0,0,1283,2
1884,코미디,4,1,178.3,145,12세,6,1,1,2460,3
1885,로맨스,1,4,210.4,130,전체관람가,9,0,1,1229,2
1886,스릴러,3,2,82.2,102,전체관람가,2,1,1,493,0
1887,로맨스,5,3,131.6,172,12세,9,0,1,2440,1
1888,애니메이션,5,5,21.2,171,12세,10,0,1,926,0
1889,스릴러,2,3,200.3,118,전체관람가,6,0,1,544,0
1890,로맨스,3,5,109.3,95,15세,1,0,1,667,0
1891,드라마,3,1,17.4,144,12세,6,1,1,1512,1
1892,스릴러,1,3,256.0,113,15세,3,0,0,637,2
1893,로맨스,4,3,17.9,140,12세,1,0,0,104,0
1894,코미디,4,2,68.3,131,12세,7,0,0,1534,1
1895,로맨스,3,2,97.1,114,12세,9,1,1,592,1
1896,드라마,4,4,242.3,121,전체관람가,9,0,1,983,1
1897,로맨스,2,1,5.2,113,전체관람가,9,0,0,1400,0
1898,애니메이션,1,3,106.5,144,15세,2,1,0,1844,3
1899,로맨스,5,5,17.7,127,청불,12,0,0,2341,0
1900,SF,4,1,3.0,179,12세,1,0,0,1147,0
1901,애니메이션,2,4,112.7,173,청불,2,0,1,2238,1
1902,드라마,4,3,100.8,123,15세,12,0,1,2239,1
1903,코미디,2,1,82.6,152,12세,10,0,0,1691,2
1904,드라마,1,1,282.2,157,12세,4,0,1,885,1
1905,호러,2,5,182.2,126,전체관람가,3,0,0,1885,1
1906,스릴러,4,5,123.8,105,12세,1,0,1,221,0
1907,액션,2,3,17.3,155,15세,3,0,0,2165,1
1908,호러,5,1,64.7,120,12세,5,0,0,1054,0
1909,액션,2,3,207.7,142,15세,5,0,1,2040,2
1910,액션,3,2,270.3,84,15세,9,0,0,1287,1
1911,코미디,4,5,179.2,126,15세,10,0,0,1333,1
1912,드라마,2,1,133.4,93,12세,7,0,1,1858,3
1913,액션,1,2,61.3,122,15세,2,0,1,2466,3
1914,액션,3,2,50.0,109,12세,6,0,0,2017,1
1915,스릴러,4,4,125.7,107,청불,6,0,1,1994,0
1916,스릴러,1,1,277.8,87,12세,10,1,1,1011,2
1917,호러,2,1,114.8,129,15세,7,0,0,1442,2
1918,스릴러,2,3,70.8,122,12세,2,0,0,2280,2
1919,로맨스,4,2,166.9,134,15세,12,0,0,1344,2
1920,애니메이션,4,3,212.5,99,12세,9,0,1,640,2
1921,애니메이션,5,5,40.9,145,15세,5,0,0,567,0
1922,액션,5,1,172.3,124,12세,1,0,1,1123,2
1923,드라마,1,3,108.5,178,12세,1,0,0,1544,1
1924,애니메이션,5,1,223.8,104,청불,2,0,0,891,1
1925,SF,4,1,21.3,162,청불,12,0,0,2458,2
1926,SF,4,5,274.8,81,전체관람가,3,1,0,1804,1
1927,SF,5,2,146.9,126,청불,12,0,1,1439,1
1928,드라마,2,5,9.4,160,15세,7,0,0,2318,1
1929,액션,2,2,8.1,157,청불,4,0,0,1086,0
1930,호러,5,2,11.2,95,15세,10,0,1,1367,0
1931,호러,4,2,7.0,83,15세,9,0,0,334,0
1932,스릴러,1,5,105.9,173,15세,3,0,0,1463,1
1933,호러,4,1,76.7,99,12세,8,0,1,1282,1
1934,SF,1,2,149.1,107,청불,6,0,1,2493,2
1935,SF,2,2,3.0,164,15세,1,0,0,2492,0
1936,호러,2,1,166.5,169,전체관람가,8,1,0,1615,3
1937,코미디,2,3,1.5,151,12세,6,0,1,1269,0
1938,코미디,1,2,56.2,116,전체관람가,6,0,0,1699,2
1939,SF,5,2,233.3,109,12세,3,0,0,1752,1
1940,SF,4,1,31.8,157,12세,7,1,1,916,0
1941,코미디,5,4,89.1,110,12세,4,0,0,2085,1
1942,코미디,1,2,59.5,169,12세,1,0,1,360,2
1943,SF,5,5,180.8,108,15세,8,0,0,1645,2
1944,스릴러,4,4,99.2,129,전체관람가,11,0,1,1964,0
1945,드라마,1,5,76.8,91,청불,1,1,0,225,1
1946,드라마,3,3,56.7,145,전체관람가,1,0,1,712,0
1947,드라마,2,2,179.1,113,15세,6,0,0,1266,2
1948,애니메이션,4,5,41.2,103,청불,5,1,0,197,0
1949,SF,5,3,84.4,87,15세,5,0,0,1365,1
1950,호러,3,3,174.4,155,청불,11,1,0,289,0
1951,액션,1,1,158.4,82,15세,10,0,0,1430,2
1952,로맨스,1,3,141.3,152,청불,11,0,1,1202,0
1953,SF,3,4,117.3,133,12세,2,0,0,981,1
1954,SF,1,3,267.2,141,15세,10,0,0,1843,2
1955,드라마,4,5,177.6,132,12세,3,0,1,263,0
1956,로맨스,2,3,62.7,88,12세,1,0,1,725,2
1957,스릴러,1,5,214.3,105,12세,6,0,0,1613,1
1958,드라마,5,3,128.4,167,12세,4,0,0,1677,0
1959,로맨스,3,5,73.6,159,15세,12,0,1,1987,1
1960,스릴러,3,3,128.0,131,청불,11,1,0,201,1
1961,스릴러,1,2,127.0,109,15세,11,0,0,1308,3
1962,액션,1,4,232.5,148,12세,3,0,1,833,1
1963,액션,4,2,26.3,136,15세,6,0,0,1159,0
1964,스릴러,4,3,123.3,80,전체관람가,4,0,1,693,0
1965,애니메이션,2,3,76.3,93,청불,12,0,1,2343,3
1966,로맨스,1,5,193.0,172,12세,8,0,1,1932,3
1967,로맨스,4,1,288.7,107,12세,8,0,0,939,2
1968,액션,3,2,19.4,164,12세,5,0,0,1133,0
1969,호러,4,3,262.7,166,전체관람가,2,1,0,574,0
1970,드라마,4,5,150.1,89,청불,8,0,0,2346,0
1971,스릴러,5,1,163.7,101,12세,5,0,0,2387,2
1972,코미디,4,4,39.5,108,청불,7,0,0,1474,0
1973,SF,1,4,96.3,174,12세,6,1,0,1810,1
1974,코미디,2,3,170.7,180,청불,9,0,0,2008,1
1975,SF,1,1,85.9,170,전체관람가,2,0,0,413,2
1976,스릴러,1,1,217.0,166,12세,5,0,0,648,1
1977,호러,5,4,74.2,144,12세,7,0,0,1120,0
1978,SF,1,3,259.9,100,15세,6,1,0,1489,1
1979,스릴러,4,5,296.5,170,15세,4,0,0,2273,1
1980,로맨스,3,1,276.6,108,15세,11,0,0,1331,2
1981,로맨스,2,2,278.4,95,전체관람가,2,0,0,605,0
1982,드라마,5,2,292.1,125,15세,3,1,1,224,0
1983,스릴러,2,4,172.1,84,전체관람가,6,0,1,1318,1
1984,액션,1,4,215.0,87,15세,2,1,1,2228,3
1985,애니메이션,3,1,191.5,168,15세,3,0,0,721,1
1986,스릴러,3,1,231.7,148,15세,5,0,0,1062,1
1987,SF,2,2,250.8,82,청불,7,0,0,869,1
1988,드라마,3,4,242.9,171,15세,7,0,1,1637,1
1989,호러,4,4,271.2,168,15세,11,0,0,2106,2
1990,호러,3,5,225.4,140,12세,12,0,0,1044,1
1991,호러,1,4,53.9,149,15세,2,0,1,625,1
1992,로맨스,5,5,118.8,134,15세,2,1,0,1775,0
1993,SF,1,3,181.0,117,12세,11,0,1,158,2
1994,SF,5,1,232.9,154,12세,4,1,0,976,1
1995,코미디,4,5,54.7,131,청불,6,0,0,403,0
1996,애니메이션,3,5,26.8,85,전체관람가,12,0,1,172,0
1997,SF,1,3,98.7,109,15세,2,0,0,216,2
1998,SF,2,5,36.2,119,청불,5,0,0,1133,0
1999,스릴러,1,5,220.5,95,12세,6,0,1,2052,3
2000,애니메이션,2,2,158.7,173,15세,3,0,0,1306,1
2001,애니메이션,2,2,72.5,160,15세,2,1,0,1842,3
2002,로맨스,3,3,248.2,161,청불,10,0,0,1845,2
2003,액션,2,1,203.7,137,12세,4,0,1,1279,1
2004,SF,2,2,233.2,158,12세,11,1,1,2383,3
2005,SF,2,2,25.1,131,12세,8,0,1,1624,1
2006,SF,1,1,191.4,158,15세,9,0,0,1974,3
2007,로맨스,3,1,136.7,129,15세,3,0,1,2056,1
2008,SF,1,3,267.7,90,12세,1,1,0,1151,3
2009,로맨스,1,3,78.9,108,15세,2,0,0,1534,1
2010,로맨스,2,5,253.9,164,12세,11,1,1,2166,2
2011,액션,3,4,143.5,88,12세,10,1,0,1369,1
2012,호러,5,1,144.4,159,12세,3,0,0,110,0
2013,스릴러,1,2,263.9,137,전체관람가,10,0,1,415,1
2014,SF,4,3,68.1,95,청불,1,0,0,316,0
2015,SF,3,4,58.6,131,청불,11,0,0,696,0
2016,코미디,3,2,105.0,164,12세,9,0,0,1590,1
2017,드라마,3,4,262.8,132,12세,11,1,0,1301,2
2018,호러,2,3,190.0,133,12세,11,0,1,1964,0
2019,스릴러,2,4,24.5,155,12세,4,0,0,488,0
2020,애니메이션,4,3,267.7,145,12세,12,0,0,413,1
2021,스릴러,5,5,112.7,123,12세,4,1,0,332,0
2022,드라마,4,2,217.8,177,12세,11,0,0,1238,1
2023,호러,1,3,218.3,102,15세,1,0,0,1641,2
2024,로맨스,5,1,163.0,100,15세,12,0,1,1818,1
2025,로맨스,2,5,41.2,132,전체관람가,12,1,0,1157,0
2026,스릴러,2,4,164.2,98,청불,12,1,1,1211,3
2027,스릴러,3,2,231.2,157,12세,2,1,0,127,1
2028,로맨스,4,1,75.4,121,청불,3,0,1,1402,1
2029,코미디,2,2,145.8,176,15세,3,0,1,1125,1
2030,로맨스,2,4,162.5,116,15세,4,1,1,101,0
2031,코미디,3,1,128.6,87,15세,8,0,0,543,0
2032,드라마,2,4,273.2,119,15세,11,1,1,2260,2
2033,코미디,1,2,132.8,85,청불,1,0,1,2397,3
2034,호러,3,4,75.9,106,15세,11,0,0,1535,0
2035,스릴러,1,4,37.2,138,15세,6,0,1,2318,3
2036,드라마,2,3,264.8,85,15세,8,0,0,1714,2
2037,SF,3,2,158.6,82,청불,2,0,0,1912,1
2038,SF,4,5,119.2,157,15세,9,1,0,1218,0
2039,호러,3,2,242.4,89,12세,3,0,1,1941,1
2040,액션,4,4,240.1,128,12세,8,1,1,1356,1
2041,액션,3,2,171.3,144,15세,5,0,0,940,1
2042,액션,2,2,213.3,118,전체관람가,12,0,0,2321,3
2043,호러,1,5,147.4,134,12세,8,0,1,1015,0
2044,애니메이션,5,5,74.5,171,청불,4,1,1,281,0
2045,코미디,2,4,49.5,164,15세,12,0,1,1933,1
2046,드라마,4,3,268.3,160,청불,4,0,0,1872,0
2047,호러,4,4,128.9,146,전체관람가,4,0,0,979,0
2048,호러,5,5,36.6,84,전체관람가,4,0,0,1620,0
2049,SF,5,5,247.3,104,15세,11,0,1,1155,0
2050,액션,5,5,226.9,138,15세,2,0,0,2224,1
2051,로맨스,3,4,261.1,146,전체관람가,2,1,0,761,1
2052,드라마,2,1,49.7,138,12세,8,0,0,1421,2
2053,로맨스,2,2,231.7,91,15세,7,0,0,1950,3
2054,스릴러,3,5,218.8,96,12세,11,1,0,2392,1
2055,애니메이션,3,2,40.0,83,15세,8,0,0,2398,3
2056,SF,2,5,195.8,150,12세,6,0,0,1443,1
2057,드라마,4,1,7.7,163,15세,12,0,0,1038,0
2058,스릴러,2,3,110.1,159,전체관람가,10,1,0,1081,1
2059,액션,3,1,231.1,141,15세,11,0,0,205,0
2060,액션,4,1,20.5,174,15세,10,0,1,2016,1
2061,드라마,1,4,272.6,101,12세,11,0,0,850,2
2062,애니메이션,3,4,116.5,124,12세,2,0,0,1962,2
2063,드라마,3,4,176.2,115,12세,3,0,1,1880,1
2064,로맨스,4,2,74.9,85,12세,9,0,0,2007,0
2065,로맨스,4,2,136.6,147,15세,9,0,0,2267,0
2066,호러,5,5,251.7,109,15세,6,0,0,1447,0
2067,스릴러,3,4,269.1,101,청불,5,0,0,1074,0
2068,로맨스,4,3,176.5,151,청불,4,0,0,1375,0
2069,액션,5,2,269.4,114,15세,6,0,1,2026,1
2070,호러,2,5,114.2,119,15세,12,0,0,1248,1
2071,애니메이션,3,2,129.8,93,전체관람가,12,0,0,1501,2
2072,애니메이션,4,4,222.2,91,15세,9,0,1,724,0
2073,애니메이션,4,2,272.4,160,15세,10,0,1,2361,0
2074,액션,2,2,115.0,171,전체관람가,7,0,1,1560,2
2075,드라마,4,4,42.9,175,15세,2,0,1,642,0
2076,코미디,5,4,1.4,172,15세,11,1,0,692,0
2077,액션,3,4,34.4,99,15세,2,0,0,2140,0
2078,로맨스,2,3,238.7,106,청불,6,1,1,399,0
2079,호러,3,5,53.5,176,15세,12,0,0,474,0
2080,호러,2,5,224.6,167,15세,8,0,0,720,0
2081,스릴러,2,2,80.8,118,15세,10,0,0,1597,2
2082,애니메이션,5,3,161.0,149,15세,5,0,0,752,0
2083,스릴러,4,1,73.9,108,12세,5,1,0,621,0
2084,애니메이션,2,3,156.2,84,청불,7,0,1,2380,1
2085,드라마,1,5,236.4,134,12세,6,0,0,499,1
2086,코미디,2,2,245.2,142,청불,11,0,1,1261,1
2087,로맨스,4,5,2.7,175,12세,5,0,0,486,0
2088,호러,4,1,46.2,146,15세,5,0,1,1793,0
2089,애니메이션,4,3,156.0,102,전체관람가,9,1,0,649,0
2090,로맨스,1,5,232.6,139,15세,11,0,1,740,1
2091,스릴러,2,5,118.0,118,12세,4,1,1,1826,1
2092,액션,4,4,253.1,178,15세,3,0,0,1513,0
2093,SF,3,5,49.8,91,15세,12,0,0,659,0
2094,코미디,5,5,205.5,97,12세,4,1,0,564,0
2095,애니메이션,3,3,189.5,107,15세,2,0,1,943,1
2096,로맨스,2,2,31.8,94,12세,9,0,0,327,0
2097,애니메이션,3,1,83.1,89,15세,10,0,1,1911,1
2098,드라마,2,2,26.7,165,15세,5,1,1,610,1
2099,애니메이션,2,2,194.0,146,12세,2,0,0,599,2
2100,호러,4,5,278.9,99,12세,2,0,0,634,0
2101,코미디,4,5,30.3,92,12세,12,0,1,1674,1
2102,애니메이션,2,5,239.8,137,청불,5,0,1,232,0
2103,액션,1,3,219.4,124,청불,5,1,1,1229,2
2104,드라마,5,1,210.7,143,15세,2,0,0,2058,0
2105,드라마,5,2,171.9,98,15세,10,0,1,2229,2
2106,스릴러,4,2,120.2,96,12세,11,0,0,319,0
2107,SF,4,4,147.6,175,청불,4,0,0,1600,0
2108,SF,2,3,161.0,142,12세,2,0,1,2149,3
2109,호러,4,5,263.6,120,12세,6,0,1,1491,0
2110,스릴러,2,3,273.2,108,청불,8,0,1,1795,1
2111,로맨스,5,3,70.3,114,전체관람가,8,0,0,2319,1
2112,액션,4,5,47.2,178,12세,9,0,0,772,0
2113,드라마,2,1,103.8,104,청불,2,1,0,1414,1
2114,호러,1,4,108.6,80,청불,3,0,0,2139,0
2115,로맨스,5,3,162.2,161,청불,1,0,1,2058,0
2116,액션,5,3,58.4,116,15세,9,0,1,1377,0
2117,액션,2,1,282.0,130,15세,7,0,1,488,1
2118,로맨스,2,1,144.8,167,12세,11,0,0,761,2
2119,스릴러,5,2,216.3,89,청불,7,0,1,1560,1
2120,로맨스,3,1,264.3,110,청불,5,1,0,200,0
2121,SF,1,4,103.9,140,15세,11,1,0,1665,1
2122,애니메이션,4,5,244.5,134,15세,10,1,1,199,1
2123,SF,3,3,122.6,143,12세,11,0,1,1018,1
2124,로맨스,5,4,51.6,103,15세,7,0,0,1222,1
2125,로맨스,5,1,202.5,144,15세,7,0,0,1179,2
2126,코미디,3,1,173.2,156,15세,6,1,0,1839,3
2127,호러,1,3,221.2,99,15세,10,0,1,1305,2
2128,스릴러,1,4,21.0,136,청불,6,1,1,1849,1
2129,로맨스,2,5,226.3,93,12세,4,1,1,1281,0
2130,애니메이션,5,3,96.1,147,15세,6,0,1,1141,0
2131,로맨스,4,2,235.5,164,12세,10,0,0,702,0
2132,로맨스,3,5,43.0,164,전체관람가,11,0,0,1439,0
2133,스릴러,5,1,139.9,85,전체관람가,12,0,0,749,1
2134,로맨스,5,1,46.0,164,15세,10,0,0,2145,0
2135,드라마,5,4,275.5,152,12세,4,0,1,159,0
2136,액션,2,3,207.6,93,12세,12,0,0,2267,3
2137,로맨스,1,4,201.4,163,15세,5,0,0,1495,1
2138,SF,4,4,38.7,164,15세,8,1,1,618,0
2139,드라마,5,5,87.8,137,전체관람가,4,0,0,1699,0
2140,SF,2,1,17.7,107,12세,11,0,0,1959,1
2141,스릴러,1,5,128.0,107,15세,6,0,0,898,0
2142,스릴러,4,4,274.4,160,15세,6,0,0,117,0
2143,코미디,3,5,90.0,129,15세,9,1,1,1941,1
2144,액션,2,4,298.8,109,청불,2,1,0,2140,3
2145,SF,4,3,38.5,122,15세,8,0,0,2234,1
2146,애니메이션,4,4,85.0,173,15세,11,0,1,2264,1
2147,액션,1,3,168.5,121,12세,5,0,1,261,0
2148,스릴러,2,4,148.1,134,15세,2,1,1,861,0
2149,로맨스,5,5,16.2,130,15세,7,0,1,1560,0
2150,SF,4,4,138.8,114,청불,6,1,1,1976,0
2151,스릴러,5,2,90.4,83,15세,9,0,0,1255,1
2152,스릴러,2,3,83.6,152,12세,1,1,0,1146,2
2153,SF,2,2,161.8,95,15세,4,0,0,2127,3
2154,드라마,4,2,206.6,172,15세,5,0,1,739,1
2155,코미디,3,4,21.7,162,15세,4,0,0,2391,1
2156,호러,4,2,140.9,127,12세,4,0,0,2398,2
2157,애니메이션,5,1,197.0,119,15세,3,0,0,1957,3
2158,코미디,4,5,263.6,150,전체관람가,10,0,0,320,0
2159,드라마,1,3,242.9,152,15세,8,0,1,286,1
2160,액션,2,1,144.0,169,전체관람가,8,0,1,2102,3
2161,스릴러,5,4,29.2,85,15세,5,0,1,899,0
2162,코미디,5,2,297.6,94,전체관람가,3,0,1,410,0
2163,SF,5,4,245.9,115,15세,1,0,0,2334,2
2164,드라마,5,2,205.5,140,15세,9,1,0,2105,1
2165,호러,2,2,278.3,117,12세,6,0,0,1567,2
2166,SF,4,4,263.5,129,15세,4,0,1,1594,2
2167,로맨스,1,3,187.7,156,12세,6,0,0,390,1
2168,호러,2,2,274.7,158,청불,11,0,0,848,0
2169,코미디,5,4,32.7,173,12세,3,0,0,201,0
2170,스릴러,3,4,61.0,94,15세,9,0,1,317,0
2171,드라마,5,1,269.8,150,12세,5,0,0,1261,1
2172,SF,2,4,23.1,161,15세,5,1,1,1897,1
2173,로맨스,5,1,16.7,130,전체관람가,9,1,0,298,0
2174,액션,1,5,38.4,157,15세,2,0,0,2082,1
2175,SF,2,5,177.9,101,전체관람가,2,0,0,1857,2
2176,로맨스,2,1,52.3,136,15세,5,0,0,1576,1
2177,코미디,2,1,51.8,153,12세,2,1,1,1567,2
2178,로맨스,3,4,115.1,149,청불,3,0,0,2359,1
2179,호러,3,5,176.1,153,청불,2,0,1,710,0
2180,드라마,3,1,241.4,144,전체관람가,11,0,0,2353,2
2181,SF,4,5,193.4,110,12세,11,0,0,101,0
2182,드라마,1,1,118.8,179,전체관람가,9,0,0,302,1
2183,코미디,1,4,88.2,138,12세,1,1,0,2347,3
2184,애니메이션,1,5,107.2,109,12세,5,0,0,1767,2
2185,호러,1,5,29.5,112,12세,8,0,0,2400,3
2186,호러,3,3,127.9,159,전체관람가,9,0,0,2064,2
2187,로맨스,4,4,87.9,173,전체관람가,6,0,0,659,0
2188,액션,5,4,219.1,129,15세,10,0,0,1534,0
2189,스릴러,1,2,203.7,159,전체관람가,9,0,0,1921,3
2190,SF,3,5,20.0,103,12세,10,0,0,1107,0
2191,액션,1,3,284.4,99,15세,1,0,0,1908,2
2192,드라마,3,5,277.4,125,15세,10,0,1,1745,2
2193,SF,5,5,152.9,160,12세,9,0,0,1889,1
2194,액션,1,1,139.5,84,전체관람가,11,0,0,1063,2
2195,스릴러,2,3,276.9,84,전체관람가,9,0,1,990,0
2196,스릴러,4,3,35.7,101,전체관람가,7,0,0,1441,2
2197,애니메이션,2,1,98.0,96,12세,1,0,0,250,2
2198,코미디,5,3,87.1,133,15세,3,0,1,1918,0
2199,드라마,1,3,136.4,92,12세,6,0,1,1723,2
2200,액션,5,3,258.7,100,청불,2,0,1,2208,0
2201,액션,2,2,273.3,91,청불,6,0,0,741,1
2202,코미디,2,1,299.6,180,전체관람가,12,0,0,1414,3
2203,액션,3,3,150.9,152,15세,1,0,1,697,1
2204,액션,2,2,259.1,132,12세,10,0,1,1992,2
2205,드라마,2,5,222.3,178,15세,3,1,1,470,1
2206,액션,4,2,7.1,103,전체관람가,8,0,0,573,0
2207,액션,4,1,14.8,89,15세,1,0,0,1121,0
2208,스릴러,4,1,61.9,156,12세,12,0,1,1610,0
2209,액션,5,2,174.3,115,12세,12,0,1,2362,1
2210,드라마,4,3,36.5,108,전체관람가,9,1,0,1034,0
2211,애니메이션,4,3,266.6,80,15세,6,1,0,1374,2
2212,코미디,5,4,179.9,142,15세,9,0,0,302,0
2213,호러,2,5,57.3,120,청불,5,0,0,1120,0
2214,코미디,4,3,255.4,96,15세,7,0,0,554,1
2215,액션,1,1,83.8,96,12세,4,0,1,1293,3
2216,애니메이션,1,2,125.0,152,12세,11,0,0,2092,3
2217,코미디,1,5,108.9,110,12세,6,0,0,908,1
2218,코미디,2,5,277.2,85,15세,8,0,0,814,0
2219,액션,3,4,77.6,167,15세,6,0,1,650,0
2220,애니메이션,2,1,16.8,164,청불,12,0,1,2103,1
2221,드라마,5,4,237.5,96,청불,7,0,0,2114,1
2222,드라마,3,3,67.2,158,15세,1,0,0,935,1
2223,호러,4,5,294.0,90,청불,7,0,1,2274,0
2224,SF,3,3,196.2,124,12세,11,0,0,554,1
2225,로맨스,3,1,152.8,110,15세,4,0,1,491,0
2226,드라마,3,1,249.2,113,12세,3,1,0,1700,3
2227,액션,2,1,224.1,135,12세,11,0,0,316,1
2228,스릴러,1,1,212.4,138,15세,11,0,0,766,1
2229,SF,4,5,234.9,88,15세,10,0,0,2061,1
2230,액션,5,3,253.0,155,전체관람가,3,0,0,1053,0
2231,드라마,5,2,25.6,112,전체관람가,11,0,1,2394,0
2232,호러,2,5,177.7,119,15세,5,0,0,1618,1
2233,애니메이션,2,2,109.2,180,12세,11,0,1,994,0
2234,액션,2,4,251.7,175,15세,3,0,1,398,0
2235,호러,1,5,115.2,151,15세,5,0,0,1752,1
2236,액션,5,3,49.9,156,12세,2,1,1,2336,1
2237,SF,4,1,92.1,177,15세,3,1,1,986,1
2238,로맨스,2,3,221.4,102,15세,5,1,1,1384,2
2239,애니메이션,1,5,43.3,168,12세,2,0,1,1680,1
2240,액션,5,5,44.7,153,12세,1,0,0,882,0
2241,애니메이션,3,5,114.0,167,전체관람가,2,0,0,2374,1
2242,액션,3,1,154.8,90,15세,11,0,0,1630,2
2243,액션,1,3,167.2,179,청불,11,0,0,547,0
2244,액션,2,1,117.4,180,15세,5,1,1,655,2
2245,호러,1,4,228.5,91,전체관람가,4,0,1,1463,0
2246,스릴러,4,2,297.5,174,전체관람가,7,0,1,1742,0
2247,코미디,5,5,9.8,96,청불,12,1,1,1152,0
2248,로맨스,2,3,238.9,91,12세,8,0,1,863,0
2249,액션,5,3,135.1,84,12세,9,0,0,2368,2
2250,SF,2,2,46.8,156,12세,10,1,1,1491,1
2251,드라마,3,3,199.3,103,전체관람가,4,1,0,1153,0
2252,액션,3,1,28.9,155,15세,9,1,1,934,0
2253,스릴러,4,1,282.9,80,12세,7,0,0,849,0
2254,호러,1,1,162.4,140,12세,8,1,1,2145,3
2255,SF,1,5,193.2,99,청불,2,0,1,2294,2
2256,로맨스,1,5,257.4,180,12세,5,1,0,714,1
2257,코미디,3,3,277.4,161,15세,2,0,0,2309,3
2258,SF,2,4,46.9,87,12세,7,0,0,1518,2
2259,코미디,2,5,285.9,113,전체관람가,5,0,1,645,2
2260,액션,5,5,176.7,139,전체관람가,11,0,1,1443,0
2261,로맨스,4,3,257.5,138,12세,5,0,0,2372,1
2262,드라마,5,4,42.5,100,12세,7,0,1,2463,2
2263,코미디,1,1,4.9,107,12세,8,0,0,2480,2
2264,애니메이션,1,3,25.4,89,청불,12,0,0,1609,0
2265,드라마,4,3,275.5,135,12세,10,0,1,1396,0
2266,애니메이션,4,2,169.4,126,12세,10,1,0,414,1
2267,드라마,2,1,184.5,90,청불,2,0,0,419,1
2268,액션,1,4,262.3,118,15세,10,0,0,1603,2
2269,로맨스,3,2,292.5,171,15세,3,0,1,1024,0
2270,드라마,4,2,43.2,81,전체관람가,7,0,1,1228,0
2271,스릴러,1,1,214.7,142,15세,6,0,1,762,1
2272,액션,2,1,258.8,147,12세,9,0,0,1061,2
2273,스릴러,2,1,285.3,112,전체관람가,8,0,0,1627,3
2274,애니메이션,1,2,177.9,108,12세,6,0,0,1628,3
2275,액션,4,1,173.0,172,12세,6,0,0,1703,2
2276,액션,5,4,5.7,80,청불,9,0,1,1152,0
2277,드라마,4,1,45.1,166,전체관람가,1,0,1,901,0
2278,코미디,2,2,295.1,170,12세,2,0,0,585,1
2279,스릴러,4,2,6.2,102,전체관람가,6,0,1,1957,0
2280,액션,5,3,15.1,160,15세,3,0,1,1869,1
2281,드라마,2,3,57.7,89,청불,10,0,0,553,0
2282,호러,4,5,3.0,180,청불,2,0,0,2221,0
2283,액션,1,4,88.7,109,15세,6,0,1,314,1
2284,로맨스,4,2,188.9,166,12세,9,0,1,1485,0
2285,스릴러,5,3,77.7,174,15세,2,0,0,2320,1
2286,코미디,5,1,100.9,82,15세,3,0,0,2017,1
2287,호러,2,3,42.8,152,12세,9,0,1,1301,0
2288,호러,4,4,268.3,96,12세,12,0,0,1194,1
2289,코미디,1,1,166.4,106,청불,6,0,1,2475,3
2290,애니메이션,5,2,50.3,175,15세,10,0,0,969,0
2291,애니메이션,1,1,251.2,125,15세,5,0,0,1581,2
2292,스릴러,4,5,30.9,124,15세,1,0,0,1049,0
2293,로맨스,5,1,162.1,80,12세,4,0,0,1734,1
2294,코미디,3,4,130.9,171,15세,12,0,0,1811,1
2295,SF,2,1,294.3,131,15세,5,0,1,2423,2
2296,스릴러,2,1,52.2,122,12세,5,0,0,196,1
2297,스릴러,5,5,108.5,165,15세,10,0,0,2348,0
2298,드라마,3,3,23.8,104,15세,7,0,1,877,1
2299,스릴러,4,3,158.4,126,15세,10,0,0,1604,0
2300,코미디,1,5,197.4,120,12세,12,0,1,540,1
2301,스릴러,3,5,222.9,81,청불,12,0,0,1189,0
2302,액션,5,4,133.5,171,15세,8,0,0,685,0
2303,액션,1,1,292.7,122,12세,12,0,1,1925,3
2304,SF,2,5,227.7,178,청불,12,0,0,411,0
2305,드라마,2,3,298.1,117,전체관람가,10,0,1,640,0
2306,코미디,4,3,114.1,178,전체관람가,6,1,0,1008,0
2307,액션,5,1,293.2,100,12세,4,0,0,1349,1
2308,SF,5,5,217.5,172,15세,10,0,1,865,0
2309,호러,2,1,144.4,156,12세,10,1,1,1822,2
2310,코미디,4,5,137.8,80,청불,3,0,0,1015,0
2311,드라마,2,1,121.0,117,15세,10,1,0,1673,2
2312,호러,3,4,279.1,160,15세,11,1,1,121,0
2313,스릴러,1,4,284.6,133,15세,3,0,0,2089,3
2314,코미디,4,2,147.0,82,12세,2,0,1,2392,3
2315,액션,4,3,81.7,161,청불,9,0,0,763,0
2316,코미디,3,2,63.5,178,전체관람가,6,0,0,633,0
2317,호러,1,4,49.6,101,15세,4,0,1,698,0
2318,SF,1,3,298.3,115,15세,8,0,0,1598,3
2319,스릴러,2,3,86.7,122,15세,6,0,1,755,1
2320,코미디,5,3,293.4,173,12세,5,0,0,1842,2
2321,코미디,3,3,79.1,84,15세,12,0,1,2227,1
2322,스릴러,5,3,24.1,152,15세,9,0,1,1568,0
2323,드라마,3,2,75.7,88,12세,1,0,0,816,0
2324,애니메이션,3,5,215.2,135,청불,2,0,0,1679,0
2325,드라마,1,2,28.3,125,전체관람가,3,0,0,719,2
2326,로맨스,1,2,149.0,94,12세,11,1,0,745,2
2327,코미디,3,4,10.6,179,12세,5,0,1,1410,0
2328,액션,4,4,42.0,108,15세,6,0,0,1314,1
2329,애니메이션,2,2,239.9,113,15세,11,1,1,2257,2
2330,스릴러,4,5,195.0,150,12세,1,0,1,463,0
2331,코미디,4,4,14.6,166,청불,12,0,0,220,0
2332,호러,2,4,202.3,114,12세,2,1,0,2215,3
2333,애니메이션,4,1,133.7,87,12세,6,0,0,605,0
2334,로맨스,4,3,193.2,138,청불,12,0,0,2114,0
2335,애니메이션,4,2,278.1,126,청불,8,0,0,1145,0
2336,로맨스,2,3,111.7,112,12세,8,0,0,1146,0
2337,코미디,5,1,50.4,161,12세,5,0,1,2096,2
2338,액션,5,3,12.6,91,12세,1,0,1,2125,1
2339,스릴러,2,1,39.9,137,15세,11,1,1,1355,1
2340,로맨스,5,1,100.6,95,12세,12,0,1,1204,0
2341,액션,2,2,7.2,165,전체관람가,11,0,0,2429,3
2342,스릴러,4,3,196.9,165,전체관람가,3,1,0,838,0
2343,코미디,5,5,213.8,114,청불,9,0,1,1660,0
2344,스릴러,1,5,196.9,133,청불,9,0,0,1189,0
2345,코미디,4,1,118.4,122,12세,2,1,1,231,1
2346,SF,5,2,21.6,138,전체관람가,8,0,0,1816,2
2347,SF,3,5,73.4,108,15세,3,0,0,717,1
2348,SF,4,2,7.3,126,15세,11,0,0,1063,0
2349,로맨스,5,3,221.9,92,15세,6,0,1,1538,0
2350,스릴러,4,4,107.1,144,15세,4,0,0,445,0
2351,스릴러,4,5,152.5,148,전체관람가,3,0,0,2181,0
2352,SF,2,3,202.6,92,15세,11,0,0,1736,1
2353,호러,2,5,267.9,176,12세,5,0,1,173,0
2354,애니메이션,1,4,104.3,112,청불,12,0,0,1899,3
2355,스릴러,3,2,41.3,143,12세,8,0,1,2056,1
2356,호러,2,2,165.5,82,12세,8,0,0,674,2
2357,SF,3,4,128.2,144,12세,6,0,0,2135,1
2358,호러,1,1,61.9,128,15세,8,0,0,1804,2
2359,애니메이션,3,3,103.0,135,15세,8,0,1,2470,3
2360,코미디,5,3,170.1,149,15세,8,0,1,552,0
2361,애니메이션,1,4,91.7,103,15세,1,0,0,570,0
2362,액션,1,3,62.5,132,15세,8,0,1,700,1
2363,호러,4,4,117.0,150,15세,3,0,1,635,0
2364,코미디,2,5,196.6,116,15세,10,0,1,868,0
2365,SF,1,2,90.2,157,12세,10,0,1,793,0
2366,호러,5,3,115.7,159,12세,12,0,1,1594,2
2367,드라마,2,5,239.5,180,15세,10,1,0,1281,1
2368,애니메이션,2,1,127.3,122,12세,9,0,0,2278,3
2369,액션,5,3,111.5,157,청불,3,0,1,335,0
2370,액션,1,4,238.1,90,청불,10,0,1,2128,3
2371,드라마,5,5,24.6,104,15세,5,1,0,2020,0
2372,SF,1,4,63.4,179,15세,3,1,1,2151,1
2373,드라마,3,2,25.4,150,15세,6,0,0,402,0
2374,스릴러,3,1,275.1,178,15세,1,0,1,1768,3
2375,로맨스,3,1,263.9,132,청불,8,0,0,2450,2
2376,로맨스,2,1,27.2,86,15세,11,0,0,1873,0
2377,액션,1,1,279.8,126,15세,10,1,0,481,2
2378,코미디,3,5,189.3,149,12세,1,0,0,1134,0
2379,SF,3,3,194.1,124,12세,8,0,0,942,1
2380,로맨스,5,1,102.7,158,청불,11,1,1,2168,1
2381,SF,3,2,76.4,153,12세,10,0,1,458,0
2382,로맨스,3,5,203.7,120,15세,3,0,1,1140,1
2383,호러,3,5,127.9,149,전체관람가,9,1,1,1643,0
2384,SF,1,3,259.9,171,청불,9,1,0,1764,3
2385,호러,1,4,197.7,118,전체관람가,5,0,0,2388,2
2386,로맨스,2,3,34.3,91,15세,1,0,1,933,1
2387,코미디,2,4,1.4,133,15세,2,0,0,1755,0
2388,액션,5,2,262.2,118,전체관람가,6,1,0,245,2
2389,SF,4,3,232.7,139,12세,11,1,0,1765,2
2390,스릴러,5,5,129.0,174,15세,5,0,0,516,0
2391,코미디,1,5,18.3,146,12세,9,1,0,2156,1
2392,호러,3,5,82.6,108,12세,2,1,0,2474,2
2393,스릴러,3,2,87.3,168,12세,3,0,0,992,0
2394,애니메이션,1,3,179.9,94,12세,8,0,1,1572,1
2395,스릴러,4,3,18.5,101,15세,8,1,1,1822,1
2396,코미디,3,4,56.9,105,15세,1,0,0,695,0
2397,액션,2,5,28.4,179,15세,8,0,1,2475,1
2398,로맨스,3,3,249.2,162,청불,5,0,0,1041,1
2399,코미디,5,3,66.9,163,12세,4,0,1,2335,1
2400,SF,5,4,96.9,86,12세,8,0,0,1567,1
2401,호러,4,4,257.7,171,전체관람가,8,0,0,2180,1
2402,로맨스,2,4,234.1,134,15세,12,1,1,1293,1
2403,SF,2,5,262.0,125,청불,7,0,0,817,1
2404,코미디,2,1,154.5,107,전체관람가,9,0,0,2323,2
2405,드라마,5,2,237.7,172,12세,3,0,1,1095,1
2406,SF,5,4,232.3,110,12세,12,0,0,893,0
2407,애니메이션,2,3,285.9,126,전체관람가,10,0,0,1012,2
2408,스릴러,5,5,132.9,178,청불,10,0,1,1951,0
2409,로맨스,1,4,171.9,102,청불,8,1,0,2482,1
2410,애니메이션,5,1,239.8,90,15세,3,0,0,808,0
2411,코미디,3,5,54.6,134,전체관람가,2,1,0,1844,2
2412,액션,5,2,294.1,144,15세,5,0,0,1004,1
2413,스릴러,1,5,133.4,133,전체관람가,2,1,1,790,0
2414,액션,5,5,236.8,164,12세,2,0,0,1743,0
2415,로맨스,1,2,226.9,111,12세,6,0,1,567,1
2416,로맨스,4,2,12.4,152,15세,3,0,0,1583,0
2417,드라마,4,5,98.6,116,12세,7,0,1,1096,0
2418,SF,2,3,126.0,83,15세,7,0,0,1087,2
2419,SF,4,1,238.7,107,전체관람가,11,1,0,1126,1
2420,코미디,1,1,279.7,105,15세,11,0,1,1748,2
2421,스릴러,4,5,154.6,101,15세,2,0,1,128,0
2422,호러,3,2,148.3,159,12세,5,0,1,1315,2
2423,로맨스,5,1,42.8,112,전체관람가,5,0,1,524,0
2424,호러,2,5,20.4,131,15세,7,0,1,1311,0
2425,드라마,1,1,298.0,153,청불,2,1,0,100,3
2426,코미디,2,3,73.5,116,전체관람가,4,0,1,1367,0
2427,SF,5,1,181.7,165,15세,1,0,0,775,1
2428,애니메이션,5,5,90.7,159,12세,8,0,1,886,0
2429,코미디,4,3,46.5,135,12세,3,0,0,1719,1
2430,SF,2,3,201.3,87,15세,2,1,1,572,1
2431,호러,3,1,55.5,85,15세,3,1,0,777,0
2432,애니메이션,5,3,35.7,96,전체관람가,12,0,1,1384,1
2433,코미디,2,4,15.6,99,청불,1,1,0,1534,1
2434,애니메이션,1,1,15.8,107,15세,10,0,0,2271,2
2435,스릴러,3,4,149.4,117,12세,1,0,0,1929,1
2436,액션,1,1,77.5,109,12세,3,1,0,1382,3
2437,로맨스,5,5,178.0,113,전체관람가,9,0,1,1084,0
2438,로맨스,3,5,91.2,149,15세,5,0,0,624,0
2439,로맨스,2,1,263.6,81,청불,11,0,0,1753,1
2440,호러,2,4,50.6,139,15세,9,0,0,1860,1
2441,스릴러,5,2,83.5,111,전체관람가,10,1,1,351,0
2442,스릴러,1,1,107.3,144,15세,1,0,0,2135,3
2443,코미디,5,5,282.0,138,12세,7,0,1,2073,1
2444,호러,1,4,233.9,144,전체관람가,7,0,1,2177,3
2445,호러,2,2,135.2,167,15세,7,0,1,2353,3
2446,스릴러,3,5,162.0,148,15세,8,0,0,2086,1
2447,액션,3,5,156.7,127,12세,12,1,0,1187,1
2448,SF,5,4,65.0,179,15세,7,0,0,1229,1
2449,호러,2,2,223.5,107,전체관람가,7,0,1,869,1
2450,SF,5,4,27.6,176,15세,2,0,0,1774,0
2451,드라마,1,5,255.9,107,12세,7,0,1,713,2
2452,호러,5,2,126.8,112,15세,2,1,1,2174,2
2453,로맨스,1,5,101.4,103,12세,1,0,1,967,1
2454,스릴러,4,5,24.7,170,15세,8,0,0,2003,0
2455,코미디,2,3,268.7,125,청불,3,0,0,200,0
2456,코미디,4,1,213.3,115,12세,4,0,0,1893,1
2457,코미디,4,4,140.5,161,12세,9,0,1,2376,1
2458,코미디,5,2,146.7,136,15세,6,0,1,1045,0
2459,애니메이션,3,1,195.7,91,15세,12,0,1,1841,3
2460,호러,2,3,25.8,118,12세,7,0,0,1483,0
2461,SF,2,2,162.5,162,15세,7,0,1,849,2
2462,스릴러,3,1,4.5,124,12세,12,0,0,1124,1
2463,코미디,4,3,292.3,134,전체관람가,1,0,1,806,0
2464,호러,2,4,166.1,81,15세,5,0,1,1245,0
2465,애니메이션,4,3,273.7,96,15세,9,0,1,2087,2
2466,액션,3,2,203.4,174,15세,5,0,1,2140,2
2467,로맨스,4,5,248.8,176,12세,5,0,0,774,0
2468,SF,2,3,294.4,175,15세,12,0,0,548,2
2469,SF,2,2,102.3,98,전체관람가,7,0,0,1438,3
2470,로맨스,3,2,129.7,130,청불,9,0,1,2435,1
2471,코미디,3,5,176.8,137,15세,5,0,1,2237,1
2472,액션,2,2,267.8,103,청불,4,0,1,1672,3
2473,코미디,5,4,145.9,154,전체관람가,6,0,1,867,0
2474,SF,1,1,20.3,134,전체관람가,7,1,1,1208,3
2475,SF,5,4,117.1,114,15세,4,0,1,2134,0
2476,SF,4,4,124.7,95,15세,9,0,0,196,0
2477,드라마,5,4,220.3,127,12세,4,0,1,904,0
2478,로맨스,2,5,16.4,162,15세,6,1,0,2361,1
2479,애니메이션,3,1,256.0,88,12세,10,0,1,117,0
2480,로맨스,5,3,153.1,122,15세,3,1,1,413,1
2481,코미디,4,2,163.5,80,전체관람가,12,1,0,817,1
2482,코미디,5,5,299.2,85,15세,6,0,1,873,0
2483,호러,2,4,187.7,122,12세,1,0,1,2120,2
2484,로맨스,3,2,146.2,142,15세,2,0,1,2117,2
2485,SF,4,5,76.8,141,15세,11,0,0,2067,0
2486,드라마,4,5,191.6,111,12세,5,0,1,2049,1
2487,액션,5,2,128.3,160,전체관람가,11,1,0,763,0
2488,액션,3,2,122.7,85,15세,4,0,0,1052,0
2489,애니메이션,1,4,141.7,105,청불,2,1,0,2113,3
2490,스릴러,4,3,292.5,86,12세,7,1,0,622,0
2491,드라마,4,5,288.3,156,청불,5,0,0,1445,0
2492,드라마,5,2,19.0,133,15세,10,0,0,1200,0
2493,액션,4,3,64.5,150,전체관람가,1,0,0,1304,0
2494,SF,2,4,12.4,138,청불,6,0,1,1256,0
2495,액션,5,1,40.5,114,12세,11,1,0,2007,2
2496,애니메이션,3,2,58.4,85,청불,6,0,1,2344,0
2497,액션,4,3,100.5,92,12세,12,0,0,2370,2
2498,드라마,5,1,39.4,165,12세,8,0,1,877,0
2499,드라마,5,5,206.7,162,15세,6,1,0,161,0
2500,코미디,1,2,14.4,94,15세,9,1,0,1512,2
2501,호러,1,3,3.3,144,12세,7,0,0,1276,2
2502,애니메이션,4,2,54.6,109,12세,5,0,1,577,0
2503,드라마,3,1,237.4,173,15세,1,0,1,1168,0
2504,로맨스,5,2,281.0,97,전체관람가,12,0,1,1611,2
2505,SF,5,3,162.8,105,청불,11,1,0,1984,0
2506,SF,4,3,76.2,89,12세,11,0,0,207,0
2507,스릴러,5,2,296.4,96,전체관람가,6,0,1,952,0
2508,SF,3,2,148.0,97,청불,3,0,0,1935,0
2509,코미디,5,1,193.6,177,15세,6,0,0,1369,0
2510,드라마,5,2,111.0,146,15세,4,1,0,1263,0
2511,애니메이션,1,3,135.2,117,15세,1,0,0,653,2
2512,로맨스,1,2,169.4,105,12세,9,0,0,300,0
2513,호러,3,2,254.6,161,15세,9,0,0,2034,0
2514,호러,5,4,167.3,141,전체관람가,12,0,0,389,0
2515,애니메이션,4,4,16.2,92,청불,1,1,0,788,0
2516,스릴러,4,5,254.8,153,15세,6,0,0,2198,0
2517,액션,4,5,136.6,161,12세,4,0,0,2144,1
2518,SF,2,5,154.0,95,12세,4,0,0,1695,0
2519,로맨스,1,4,190.2,116,청불,4,0,0,1022,0
2520,드라마,2,4,4.7,161,12세,11,1,1,1292,1
2521,코미디,5,2,40.8,174,15세,12,0,0,634,0
2522,코미디,3,3,55.7,176,12세,9,0,1,1352,1
2523,스릴러,4,1,81.4,164,15세,7,0,0,794,1
2524,SF,2,4,64.9,105,청불,3,0,0,106,0
2525,코미디,1,1,76.3,128,청불,8,0,1,2040,3
2526,SF,5,4,108.3,145,15세,4,0,1,775,0
2527,액션,5,4,98.5,129,15세,3,1,1,1910,3
2528,액션,1,3,80.7,117,청불,11,0,1,1583,1
2529,코미디,3,4,81.2,177,12세,2,0,1,136,0
2530,로맨스,4,5,143.9,128,15세,3,0,1,203,0
2531,애니메이션,4,2,254.4,173,12세,8,0,0,2452,3
2532,드라마,4,4,277.5,110,12세,12,0,1,1472,0
2533,액션,1,3,131.7,145,15세,6,0,0,2402,2
2534,코미디,3,3,149.9,149,12세,4,0,0,339,1
2535,액션,3,5,17.6,87,12세,2,0,1,952,0
2536,코미디,1,5,49.7,113,12세,6,0,1,649,0
2537,호러,5,1,25.9,143,15세,8,0,1,2078,1
2538,애니메이션,4,4,111.6,127,15세,1,0,1,1019,1
2539,호러,2,1,139.9,99,12세,9,0,1,2488,3
2540,호러,4,1,264.9,122,12세,4,0,0,2365,2
2541,로맨스,2,1,26.7,107,12세,4,0,1,2173,0
2542,로맨스,5,2,229.0,105,15세,11,0,1,2124,1
2543,호러,3,2,109.7,101,15세,10,0,1,772,0
2544,로맨스,3,2,16.0,147,15세,7,0,0,154,0
2545,스릴러,1,5,19.7,170,전체관람가,4,0,1,1613,0
2546,SF,4,4,281.8,155,15세,11,0,1,555,0
2547,스릴러,1,5,299.4,114,15세,8,1,1,1444,3
2548,로맨스,2,2,193.8,121,15세,12,0,1,791,2
2549,스릴러,1,3,11.8,170,청불,7,1,1,809,0
2550,애니메이션,2,3,280.1,142,15세,9,0,0,725,1
2551,SF,3,3,131.3,86,12세,12,0,0,1118,1
2552,코미디,1,4,156.7,166,15세,2,0,0,2462,3
2553,액션,3,5,175.0,103,12세,1,0,0,1791,1
2554,스릴러,3,4,69.3,167,12세,4,0,1,639,0
2555,스릴러,5,2,168.6,95,15세,7,0,0,480,0
2556,액션,2,2,72.2,132,15세,11,0,0,232,0
2557,액션,4,1,289.7,180,15세,1,0,0,1317,2
2558,드라마,3,5,254.6,160,12세,6,0,1,1716,0
2559,로맨스,4,3,127.8,144,12세,8,0,0,1975,0
2560,스릴러,1,5,165.1,144,15세,10,0,0,860,0
2561,애니메이션,5,5,282.6,99,12세,5,1,0,788,1
2562,로맨스,1,2,177.9,132,전체관람가,3,0,0,2029,3
2563,스릴러,1,5,214.8,104,전체관람가,6,0,1,378,0
2564,애니메이션,4,1,69.2,120,15세,12,0,0,1593,3
2565,호러,3,4,296.5,110,전체관람가,4,0,0,1919,1
2566,드라마,4,5,281.3,153,15세,11,1,0,1694,0
2567,로맨스,4,4,110.7,138,15세,5,0,1,999,0
2568,애니메이션,4,1,168.6,136,12세,12,0,0,125,0
2569,애니메이션,3,5,3.9,110,전체관람가,7,0,0,1726,1
2570,애니메이션,5,4,139.4,95,12세,3,0,1,1357,0
2571,애니메이션,2,2,21.2,130,12세,12,1,1,2048,2
2572,드라마,5,2,82.2,154,12세,1,0,0,1163,0
2573,액션,2,1,185.4,170,청불,1,0,1,2073,1
2574,애니메이션,5,3,124.0,157,15세,1,0,0,1718,0
2575,SF,5,2,91.4,152,청불,3,0,0,168,0
2576,로맨스,3,1,55.2,140,12세,1,0,1,2435,3
2577,드라마,1,1,297.8,105,15세,12,1,0,311,2
2578,스릴러,2,5,145.6,83,청불,11,0,0,1456,1
2579,호러,3,5,210.5,97,청불,11,0,0,1058,0
2580,드라마,3,1,204.1,144,15세,2,0,1,1690,2
2581,드라마,2,3,55.8,170,12세,1,1,0,942,1
2582,드라마,5,1,122.4,174,청불,12,1,0,1600,1
2583,코미디,1,2,83.4,176,12세,5,0,1,1369,3
2584,스릴러,1,2,210.1,172,12세,7,0,1,318,1
2585,코미디,4,1,202.3,82,15세,5,1,0,531,0
2586,드라마,1,3,128.3,84,15세,6,0,0,1112,1
2587,액션,5,2,267.2,159,청불,9,0,0,1920,0
2588,드라마,1,4,71.5,87,12세,4,1,0,1704,2
2589,로맨스,3,1,27.5,98,전체관람가,3,0,1,1011,0
2590,SF,2,2,157.6,100,전체관람가,6,0,1,2453,3
2591,드라마,1,3,241.8,159,15세,6,0,0,2205,2
2592,스릴러,4,5,227.9,165,12세,11,0,0,1317,0
2593,코미디,2,1,109.2,116,15세,2,0,0,1234,1
2594,드라마,4,1,194.0,111,12세,11,0,1,1703,2
2595,SF,3,1,57.2,122,15세,12,1,1,1794,2
2596,액션,5,1,290.4,113,15세,4,1,1,1007,1
2597,로맨스,2,4,167.9,98,12세,5,1,0,416,0
2598,로맨스,3,1,272.6,98,15세,7,1,1,709,2
2599,드라마,4,2,80.7,124,전체관람가,4,0,1,456,0
2600,로맨스,3,1,196.8,109,청불,1,0,0,593,1
2601,로맨스,5,5,233.3,128,12세,10,0,0,1222,0
2602,호러,5,1,115.4,159,15세,4,0,0,1974,2
2603,스릴러,3,2,65.6,106,15세,6,1,0,2260,2
2604,코미디,2,3,14.1,170,15세,3,0,1,1212,0
2605,SF,5,3,97.6,114,12세,11,0,0,1043,0
2606,코미디,2,3,93.2,117,15세,10,1,1,1343,3
2607,코미디,3,4,57.8,167,12세,9,0,1,2399,2
2608,스릴러,2,3,32.4,118,15세,7,0,0,2431,2
2609,애니메이션,4,3,241.5,132,15세,4,0,1,160,1
2610,코미디,1,4,175.8,111,12세,2,0,0,1835,3
2611,호러,2,4,222.4,162,15세,11,0,0,569,0
2612,액션,2,2,247.6,142,15세,2,0,0,2453,3
2613,애니메이션,4,3,57.2,102,15세,3,0,0,908,0
2614,호러,3,4,279.1,114,전체관람가,9,1,1,2373,1
2615,애니메이션,5,2,41.3,100,15세,12,0,0,2378,1
2616,애니메이션,3,2,54.0,82,청불,7,0,0,274,0
2617,호러,5,3,292.0,97,15세,2,0,1,1413,0
2618,액션,1,5,243.5,134,15세,2,0,1,2378,3
2619,스릴러,2,1,50.8,123,15세,11,0,0,146,0
2620,호러,3,2,291.4,83,15세,1,1,0,2242,3
2621,SF,1,2,218.7,89,12세,1,0,0,2390,3
2622,드라마,5,1,283.5,143,12세,9,0,1,1646,1
2623,드라마,4,5,200.9,142,15세,5,0,0,1284,0
2624,SF,1,1,73.0,164,12세,5,0,0,900,1
2625,코미디,3,1,207.6,133,12세,4,1,1,1257,2
2626,로맨스,4,3,88.8,91,15세,11,0,0,1552,1
2627,드라마,1,2,246.2,122,15세,9,0,1,856,2
2628,애니메이션,2,1,11.6,115,15세,1,0,0,1614,3
2629,애니메이션,5,5,213.7,84,전체관람가,11,0,1,2443,1
2630,애니메이션,1,1,144.2,100,15세,11,0,0,105,1
2631,로맨스,1,4,230.7,158,15세,9,0,1,2222,2
2632,코미디,5,2,208.8,91,15세,3,0,1,664,0
2633,애니메이션,5,1,141.5,155,청불,10,0,0,1648,1
2634,애니메이션,3,1,218.6,146,15세,1,0,0,2081,3
2635,애니메이션,1,5,62.1,143,전체관람가,7,0,1,910,1
2636,로맨스,4,2,220.1,172,15세,10,0,1,2269,2
2637,로맨스,1,1,231.7,147,청불,5,1,1,986,1
2638,코미디,2,4,3.1,123,12세,7,0,0,1999,0
2639,액션,2,5,157.1,85,전체관람가,11,0,1,2326,1
2640,드라마,4,1,179.4,136,15세,3,0,1,1517,2
2641,호러,1,2,268.8,147,청불,4,0,1,215,0
2642,호러,4,1,254.9,145,15세,12,1,1,1103,2
2643,드라마,2,3,209.0,146,15세,8,0,0,288,1
2644,호러,1,4,75.0,177,15세,8,0,0,1205,1
2645,호러,1,5,32.6,136,15세,10,0,1,1490,1
2646,호러,1,3,5.7,89,12세,12,1,0,126,0
2647,드라마,1,2,175.7,103,15세,12,0,1,1258,2
2648,스릴러,1,1,289.7,88,전체관람가,6,0,0,2040,2
2649,드라마,1,3,125.8,169,15세,7,0,0,1229,1
2650,코미디,2,4,59.4,153,12세,11,0,0,977,1
2651,애니메이션,4,2,214.6,138,12세,11,0,1,251,0
2652,액션,4,4,3.5,88,전체관람가,5,0,1,1120,0
2653,드라마,1,4,138.2,84,전체관람가,4,1,0,1718,2
2654,로맨스,1,1,155.0,166,15세,3,0,0,1555,1
2655,애니메이션,4,5,127.7,174,15세,12,0,0,550,0
2656,로맨스,3,2,35.6,108,전체관람가,5,0,1,1970,0
2657,애니메이션,3,4,43.6,94,12세,12,0,1,602,1
2658,코미디,4,3,101.6,172,15세,4,0,1,1475,0
2659,코미디,5,5,14.4,85,전체관람가,8,1,0,2326,0
2660,로맨스,4,1,170.9,89,12세,12,0,0,505,1
2661,SF,2,2,71.2,133,12세,2,0,0,2430,3
2662,로맨스,4,3,49.1,163,전체관람가,8,0,0,1115,0
2663,코미디,5,2,132.7,167,15세,4,1,0,314,0
2664,호러,2,4,57.4,140,12세,1,0,1,1580,1
2665,스릴러,2,5,120.6,106,12세,2,0,1,897,0
2666,애니메이션,2,3,129.4,169,15세,4,0,0,287,0
2667,드라마,1,2,231.7,137,15세,2,0,0,2480,3
2668,SF,1,1,177.6,167,12세,1,0,0,224,2
2669,애니메이션,5,2,157.3,170,청불,7,0,0,1025,0
2670,액션,3,2,22.2,131,15세,12,1,0,2453,3
2671,코미디,2,3,152.0,179,청불,9,0,0,2369,1
2672,스릴러,4,4,21.5,124,12세,12,0,1,665,0
2673,호러,2,2,213.6,131,전체관람가,3,0,1,1706,1
2674,드라마,4,5,73.4,91,15세,4,0,1,1925,1
2675,코미디,1,2,215.6,123,12세,2,0,1,1915,2
2676,드라마,2,2,101.4,179,전체관람가,1,0,0,954,3
2677,로맨스,4,3,21.3,171,15세,9,0,0,1929,1
2678,코미디,1,4,296.3,124,전체관람가,2,0,0,2106,2
2679,로맨스,1,4,92.3,176,전체관람가,1,0,1,1709,2
2680,액션,1,5,235.2,129,15세,11,1,0,1705,2
2681,호러,3,4,131.0,98,12세,5,1,0,1130,2
2682,애니메이션,1,1,225.1,180,15세,6,0,1,1178,2
2683,로맨스,5,5,145.5,175,12세,10,0,1,1843,0
2684,드라마,1,3,53.0,95,15세,11,1,0,2347,2
2685,애니메이션,3,3,7.7,137,12세,11,0,0,327,0
2686,애니메이션,2,3,273.5,176,12세,6,1,0,1327,2
2687,호러,3,1,278.4,115,15세,3,1,0,1320,2
2688,코미디,5,1,55.8,140,15세,11,0,1,296,0
2689,SF,1,2,98.4,123,15세,8,0,1,1314,3
2690,애니메이션,5,3,199.7,93,12세,5,1,0,1158,0
2691,액션,1,5,267.1,169,15세,12,0,1,886,2
2692,호러,3,5,216.3,129,청불,11,0,0,2180,0
2693,호러,1,4,214.4,119,전체관람가,4,0,0,529,0
2694,호러,2,2,298.5,173,15세,11,0,0,2187,3
2695,SF,3,1,74.9,135,15세,11,0,0,2475,2
2696,SF,5,2,47.4,100,전체관람가,2,0,0,2218,2
2697,액션,1,1,3.1,180,청불,6,1,1,2466,3
2698,스릴러,1,3,118.2,127,15세,5,0,0,954,2
2699,액션,5,2,120.9,129,12세,11,1,1,925,1
2700,스릴러,3,1,91.5,120,전체관람가,1,0,0,1966,3
2701,코미디,5,3,233.0,115,15세,8,1,1,2327,2
2702,SF,4,4,87.3,177,전체관람가,9,0,0,2098,1
2703,드라마,1,4,85.6,172,12세,3,0,0,1826,2
2704,드라마,3,3,71.3,160,전체관람가,11,0,1,141,0
2705,액션,4,4,197.4,170,12세,1,0,1,1931,2
2706,액션,3,3,207.9,101,12세,6,0,0,1036,2
2707,애니메이션,1,2,89.3,178,12세,8,0,1,465,1
2708,코미디,3,1,235.1,118,15세,5,0,0,1311,1
2709,액션,2,3,165.9,144,12세,6,0,0,737,2
2710,애니메이션,3,2,210.7,88,15세,4,1,0,1707,2
2711,스릴러,4,3,74.4,180,15세,5,0,0,2296,1
2712,스릴러,1,1,108.3,90,15세,4,0,0,2427,3
2713,애니메이션,2,4,85.6,140,15세,9,0,0,2061,1
2714,드라마,3,4,240.1,123,15세,7,1,0,1123,3
2715,애니메이션,4,3,13.3,131,청불,8,0,0,750,0
2716,호러,2,5,255.2,124,전체관람가,6,0,0,1543,1
2717,로맨스,5,3,234.0,106,12세,8,0,1,705,0
2718,로맨스,5,3,198.5,117,15세,12,0,0,2019,1
2719,SF,3,1,60.0,176,12세,11,0,1,751,1
2720,드라마,4,1,35.5,113,전체관람가,5,1,0,912,1
2721,로맨스,5,4,109.3,140,15세,8,0,1,2210,0
2722,드라마,4,5,55.3,128,15세,6,0,0,2219,2
2723,코미디,3,2,248.5,95,15세,11,0,1,1061,1
2724,액션,5,4,201.1,101,15세,6,0,0,1411,2
2725,액션,5,2,76.5,167,12세,11,0,0,2222,2
2726,SF,2,4,196.8,121,15세,8,0,0,1985,2
2727,호러,4,4,244.0,108,12세,1,0,0,2384,1
2728,스릴러,4,2,135.0,148,청불,8,0,1,1903,1
2729,SF,2,5,95.2,109,12세,12,0,1,606,1
2730,드라마,2,1,267.1,177,15세,9,0,0,1014,1
2731,로맨스,4,4,16.6,131,전체관람가,1,0,1,1859,0
2732,액션,2,2,14.6,127,청불,6,0,0,2189,2
2733,SF,5,3,65.3,81,12세,11,0,1,170,0
2734,SF,3,5,255.8,118,15세,4,0,0,2142,1
2735,스릴러,1,2,277.8,175,청불,6,1,0,2433,2
2736,코미디,4,2,89.5,151,15세,1,0,1,796,0
2737,스릴러,5,4,163.6,159,청불,3,0,0,1285,0
2738,액션,1,3,60.2,110,12세,5,1,0,759,2
2739,SF,1,4,152.2,168,청불,8,0,0,1724,0
2740,로맨스,2,3,107.5,135,12세,7,1,0,2478,2
2741,스릴러,1,2,150.2,179,15세,5,1,1,2055,2
2742,SF,4,2,106.1,83,12세,4,0,0,1876,1
2743,호러,4,3,107.6,132,15세,10,0,0,557,0
2744,애니메이션,4,5,181.1,153,전체관람가,6,1,0,1879,0
2745,SF,1,2,61.1,129,12세,10,0,1,709,1
2746,스릴러,3,5,235.1,89,15세,8,0,0,358,1
2747,로맨스,5,5,182.4,176,15세,3,0,1,1401,1
2748,애니메이션,4,2,250.1,106,청불,10,0,1,418,0
2749,코미디,2,2,107.8,104,15세,6,0,1,244,0
2750,로맨스,5,3,250.3,155,15세,8,0,0,248,1
2751,액션,3,5,170.7,142,청불,6,0,0,1688,0
2752,호러,4,2,287.6,155,15세,8,1,1,803,1
2753,스릴러,5,1,224.3,114,15세,7,0,1,648,0
2754,애니메이션,4,4,55.7,108,12세,12,0,0,1480,1
2755,호러,4,4,70.3,150,전체관람가,12,1,1,2347,3
2756,액션,5,1,249.5,170,15세,3,0,0,1502,1
2757,SF,1,3,130.9,134,15세,7,1,1,1192,3
2758,스릴러,2,2,285.6,125,12세,4,0,0,605,0
2759,드라마,3,5,225.4,121,전체관람가,7,0,1,2336,3
2760,호러,5,1,76.8,154,12세,1,0,1,2497,2
2761,호러,5,2,161.0,119,청불,6,0,1,156,0
2762,액션,2,3,119.5,165,15세,6,1,0,2256,3
2763,코미디,1,3,87.3,98,15세,5,0,1,334,0
2764,코미디,4,4,252.8,158,12세,7,0,1,458,0
2765,호러,1,1,72.5,155,15세,3,0,1,535,2
2766,호러,5,4,263.5,100,12세,11,0,0,771,0
2767,코미디,4,3,112.9,128,전체관람가,5,0,0,1265,0
2768,코미디,5,3,155.3,108,전체관람가,7,0,1,587,0
2769,액션,5,5,17.7,84,15세,6,0,0,2283,0
2770,스릴러,1,5,228.7,166,15세,3,0,0,513,1
2771,호러,2,5,267.5,114,청불,6,1,0,2252,0
2772,코미디,5,1,4.8,147,15세,9,1,0,2166,1
2773,액션,5,4,261.8,144,15세,5,1,0,453,0
2774,드라마,2,4,242.4,112,청불,6,0,1,2173,0
2775,코미디,2,1,112.9,120,15세,10,0,0,2153,1
2776,SF,4,5,103.6,147,12세,5,1,0,1492,2
2777,애니메이션,1,5,274.0,122,15세,2,0,0,1962,3
2778,액션,4,3,229.8,137,15세,11,0,1,1296,1
2779,코미디,4,1,244.4,126,15세,2,0,1,2034,2
2780,SF,1,4,60.1,122,15세,2,0,0,2015,2
2781,드라마,1,5,210.1,164,12세,12,1,0,2472,3
2782,스릴러,3,4,134.8,95,전체관람가,6,0,0,2394,1
2783,액션,2,2,120.9,180,전체관람가,3,0,0,2276,3
2784,로맨스,4,2,53.1,149,12세,7,0,0,1448,1
2785,액션,5,2,92.2,130,12세,11,0,0,1438,1
2786,호러,4,1,99.9,96,12세,11,0,1,1682,1
2787,SF,3,1,144.6,121,12세,7,0,0,1294,3
2788,액션,1,2,139.8,80,청불,3,0,0,1526,1
2789,로맨스,4,5,205.5,153,15세,9,0,1,1122,0
2790,드라마,4,1,9.2,80,15세,9,1,1,1028,0
2791,스릴러,3,5,153.3,176,15세,6,0,0,669,0
2792,스릴러,3,3,93.7,105,12세,9,0,0,1366,0
2793,로맨스,3,5,200.5,156,전체관람가,12,0,0,2225,2
2794,스릴러,1,5,213.4,119,12세,8,0,0,890,1
2795,드라마,5,2,135.6,104,청불,6,0,0,1263,1
2796,호러,2,1,37.5,112,12세,7,0,0,2364,3
2797,호러,2,1,278.6,136,전체관람가,12,0,1,134,0
2798,호러,3,3,108.6,137,12세,12,0,1,2342,1
2799,호러,3,5,4.4,142,15세,9,0,0,1839,0
2800,호러,3,2,167.5,152,12세,3,0,1,398,0
2801,호러,4,1,36.8,140,15세,3,0,1,1141,0
2802,호러,1,2,71.1,166,15세,6,0,0,297,0
2803,호러,1,1,188.5,175,15세,10,0,0,1947,2
2804,호러,1,2,11.9,179,전체관람가,7,1,0,2103,1
2805,로맨스,5,4,128.4,179,전체관람가,3,0,1,2481,0
2806,드라마,5,5,84.7,95,15세,7,0,1,717,0
2807,스릴러,3,4,112.5,117,15세,10,1,0,1206,1
2808,액션,4,3,149.2,107,청불,9,0,0,1294,1
2809,드라마,5,2,185.1,169,12세,1,0,1,2446,3
2810,코미디,4,1,109.1,149,청불,3,0,1,670,0
2811,로맨스,5,5,236.2,110,청불,10,0,0,760,0
2812,드라마,3,4,112.1,84,15세,12,0,0,1795,1
2813,로맨스,5,3,285.4,144,청불,8,0,0,739,0
2814,액션,5,5,291.4,164,12세,6,0,0,309,0
2815,액션,2,1,73.8,129,15세,12,0,1,254,1
2816,애니메이션,3,3,53.1,107,15세,1,0,0,1619,2
2817,애니메이션,1,1,11.2,179,12세,7,0,1,732,2
2818,SF,3,1,280.4,109,12세,9,0,1,1500,2
2819,SF,5,1,242.0,156,12세,10,1,0,1880,3
2820,액션,2,3,248.6,163,청불,2,0,1,1198,1
2821,호러,2,5,223.7,166,12세,10,0,0,481,0
2822,드라마,1,4,31.8,98,12세,5,0,0,1075,0
2823,드라마,5,4,91.3,156,12세,7,0,0,687,0
2824,드라마,4,3,236.5,168,전체관람가,1,0,0,1859,1
2825,액션,3,5,38.0,90,12세,4,0,1,551,0
2826,스릴러,2,2,1.9,97,전체관람가,5,0,0,1770,0
2827,스릴러,2,2,171.0,144,15세,9,0,1,2324,2
2828,스릴러,2,5,40.5,166,전체관람가,3,0,0,358,0
2829,로맨스,3,2,16.5,175,전체관람가,6,0,0,194,0
2830,호러,5,3,134.4,145,12세,4,0,0,1870,1
2831,애니메이션,5,4,194.1,82,15세,5,1,1,603,0
2832,코미디,4,4,234.2,100,청불,4,0,1,1937,1
2833,드라마,4,4,206.1,174,청불,8,0,1,2315,1
2834,로맨스,4,1,178.3,85,15세,7,0,0,2404,3
2835,SF,2,3,18.8,98,청불,9,0,0,964,0
2836,드라마,1,3,214.3,109,15세,3,0,0,2106,3
2837,애니메이션,3,1,122.7,82,15세,9,0,1,1127,2
2838,코미디,5,2,3.7,113,청불,11,0,0,1249,0
2839,액션,5,5,24.7,118,12세,4,1,1,355,0
2840,로맨스,1,2,276.7,89,15세,1,1,0,1253,3
2841,호러,3,2,135.7,110,15세,10,0,1,2275,2
2842,액션,5,4,142.9,170,15세,3,0,1,1338,0
2843,로맨스,2,3,14.9,161,청불,7,1,0,679,0
2844,호러,1,4,146.1,139,청불,2,0,0,189,0
2845,스릴러,3,1,41.1,127,15세,10,1,0,1017,1
2846,코미디,4,5,130.6,154,15세,8,0,0,2468,2
2847,SF,4,3,245.1,179,전체관람가,9,0,0,2288,2
2848,애니메이션,3,2,140.1,110,15세,10,1,0,2297,1
2849,SF,5,4,146.7,139,청불,11,1,0,2218,1
2850,액션,4,4,111.4,143,15세,1,1,0,2020,2
2851,로맨스,4,3,170.2,127,15세,2,0,0,141,0
2852,호러,1,3,275.6,147,15세,5,0,1,992,0
2853,스릴러,1,4,219.8,152,12세,12,0,0,381,1
2854,호러,3,3,65.7,98,15세,6,1,1,476,0
2855,드라마,5,4,284.2,85,전체관람가,4,0,1,910,0
2856,SF,3,1,213.6,87,전체관람가,2,0,0,1023,1
2857,호러,4,3,198.8,127,청불,4,1,0,2287,3
2858,스릴러,2,1,34.7,160,청불,7,0,1,1737,0
2859,호러,5,1,5.0,111,청불,12,0,1,680,0
2860,호러,4,3,171.3,104,12세,5,0,0,318,0
2861,애니메이션,1,3,16.2,109,청불,3,1,0,2343,2
2862,액션,2,3,263.2,164,청불,3,1,0,1976,3
2863,드라마,3,3,283.2,92,15세,3,1,0,1117,1
2864,액션,1,2,57.6,96,청불,2,0,1,548,0
2865,드라마,5,1,91.1,169,12세,6,1,0,704,0
2866,호러,4,4,60.1,173,12세,1,1,1,1899,1
2867,애니메이션,2,2,217.9,107,전체관람가,11,0,0,166,1
2868,로맨스,4,4,2.6,111,청불,3,0,0,1693,0
2869,코미디,4,2,258.9,179,12세,11,0,0,2374,2
2870,액션,4,1,82.8,157,청불,7,1,0,1575,1
2871,드라마,3,4,170.4,92,12세,4,0,0,2048,2
2872,액션,2,5,80.6,142,청불,3,0,0,1933,0
2873,드라마,4,2,215.0,88,12세,11,0,1,980,0
2874,스릴러,1,5,132.3,96,15세,2,0,0,2363,3
2875,드라마,2,3,199.7,170,전체관람가,9,1,0,2077,1
2876,코미디,1,1,164.2,178,15세,7,0,0,2422,3
2877,SF,5,4,62.5,161,15세,12,0,0,587,0
2878,액션,3,1,55.7,116,청불,5,0,0,1695,0
2879,코미디,5,2,285.7,162,15세,3,1,0,2226,2
2880,애니메이션,1,4,49.5,110,청불,3,0,1,359,1
2881,액션,2,3,131.1,162,15세,2,0,0,2099,3
2882,애니메이션,2,5,168.5,163,청불,9,0,1,795,0
2883,로맨스,2,3,100.0,117,전체관람가,2,0,1,267,1
2884,액션,4,5,215.7,129,15세,1,0,0,2122,2
2885,SF,1,2,100.5,100,12세,3,0,0,1840,2
2886,스릴러,4,1,115.5,111,전체관람가,11,1,0,2149,1
2887,스릴러,1,1,63.3,137,15세,2,0,1,2106,2
2888,애니메이션,3,5,67.4,94,15세,12,0,1,2469,1
2889,애니메이션,3,3,117.2,155,전체관람가,10,0,1,824,1
2890,스릴러,2,4,141.7,86,12세,4,0,0,2386,2
2891,호러,3,1,259.5,113,12세,7,0,1,630,1
2892,코미디,1,4,129.7,113,전체관람가,12,1,1,636,1
2893,스릴러,3,3,97.8,172,15세,9,1,1,2086,3
2894,호러,3,5,125.9,116,15세,10,1,1,2423,2
2895,액션,4,5,294.1,106,전체관람가,12,0,0,114,0
2896,코미디,2,5,137.5,94,12세,12,0,0,1090,3
2897,코미디,4,5,39.3,143,12세,11,0,1,1922,0
2898,코미디,1,2,140.5,138,15세,8,0,1,1820,1
2899,SF,1,1,77.4,87,15세,11,1,0,2478,3
2900,코미디,4,4,70.1,125,12세,9,0,0,2240,1
2901,호러,1,2,54.3,180,15세,9,0,1,1386,0
2902,스릴러,3,5,1.8,99,15세,12,0,0,502,0
2903,액션,2,3,13.1,171,전체관람가,12,0,1,1865,1
2904,코미디,5,1,156.7,144,15세,12,0,0,1896,2
2905,액션,1,2,7.6,99,전체관람가,3,0,0,855,0
2906,SF,2,3,267.4,83,15세,9,0,0,437,0
2907,호러,4,2,40.1,102,15세,2,0,1,2337,3
2908,애니메이션,5,2,245.7,168,12세,8,0,0,855,0
2909,호러,3,3,209.0,161,12세,9,0,0,203,0
2910,애니메이션,1,2,277.3,114,전체관람가,4,1,1,566,2
2911,스릴러,4,4,169.1,174,15세,1,0,0,539,0
2912,코미디,4,5,52.3,163,12세,10,0,0,1694,1
2913,코미디,3,3,285.9,141,15세,7,0,1,742,3
2914,SF,5,1,223.0,144,전체관람가,5,0,1,305,0
2915,스릴러,2,1,178.0,85,12세,4,0,1,223,1
2916,SF,4,1,30.5,166,15세,3,1,1,2264,1
2917,애니메이션,4,2,190.7,126,15세,5,0,1,240,0
2918,호러,2,5,38.8,105,15세,11,0,0,2283,0
2919,호러,5,2,296.8,141,청불,10,1,0,1751,3
2920,애니메이션,3,1,158.5,156,15세,7,0,0,403,2
2921,코미디,2,4,185.2,95,청불,9,1,0,2093,1
2922,액션,2,2,98.2,91,12세,3,0,1,1476,1
2923,스릴러,1,2,125.3,140,12세,9,1,0,2289,3
2924,스릴러,2,2,102.5,150,12세,1,1,0,1963,3
2925,드라마,3,4,25.7,80,12세,7,1,0,515,0
2926,액션,5,4,20.6,107,15세,12,0,0,1088,0
2927,스릴러,1,1,8.3,116,전체관람가,1,1,1,1480,3
2928,호러,1,3,198.7,123,15세,9,0,0,1147,1
2929,스릴러,5,3,252.8,138,청불,11,0,0,171,0
2930,드라마,1,3,243.7,124,15세,10,0,0,1964,1
2931,코미디,5,5,230.9,127,15세,5,0,0,906,0
2932,호러,5,4,273.0,113,15세,3,0,1,1225,0
2933,호러,2,3,110.9,104,15세,9,1,0,1156,1
2934,스릴러,2,3,277.9,178,청불,12,0,0,659,0
2935,드라마,5,4,223.3,86,15세,4,0,1,673,0
2936,애니메이션,3,4,114.4,145,15세,9,0,1,1317,0
2937,드라마,4,4,211.6,149,청불,6,0,1,717,0
2938,드라마,2,4,21.4,133,12세,1,0,0,792,1
2939,로맨스,2,1,215.0,143,15세,6,0,1,1006,1
2940,애니메이션,3,3,183.7,106,15세,6,0,1,1963,0
2941,애니메이션,2,2,10.1,170,12세,10,0,0,2340,3
2942,드라마,3,4,43.2,98,15세,10,0,0,242,0
2943,애니메이션,5,1,172.8,101,15세,9,0,1,978,1
2944,드라마,4,3,214.7,124,12세,4,0,1,2081,2
2945,코미디,1,5,249.7,136,12세,3,0,0,952,1
2946,SF,4,2,294.4,140,15세,10,1,1,2179,3
2947,코미디,1,5,28.4,137,청불,6,0,0,623,0
2948,스릴러,2,3,166.6,156,15세,10,0,0,729,1
2949,호러,2,2,32.0,144,15세,2,1,1,537,0
2950,드라마,2,3,152.2,146,청불,11,0,1,1646,1
2951,액션,1,5,7.4,163,12세,10,0,1,1635,0
2952,스릴러,3,2,146.7,129,전체관람가,10,1,0,924,1
2953,애니메이션,2,2,12.3,134,15세,9,0,0,2461,0
2954,액션,1,1,234.3,144,전체관람가,6,0,0,1126,3
2955,코미디,3,4,102.5,123,전체관람가,7,0,0,1503,1
2956,액션,3,1,73.3,157,전체관람가,3,0,0,1694,1
2957,코미디,3,5,227.2,105,12세,5,0,0,868,2
2958,코미디,3,5,4.0,111,전체관람가,9,0,1,1934,0
2959,애니메이션,3,4,104.2,103,청불,3,0,0,302,0
2960,로맨스,3,4,43.1,90,전체관람가,9,0,1,905,0
2961,드라마,5,2,214.6,144,12세,2,0,0,1125,2
2962,코미디,1,3,162.2,159,15세,7,0,0,2200,3
2963,코미디,2,5,74.3,126,전체관람가,7,0,0,1470,1
2964,스릴러,4,1,286.7,130,15세,11,1,0,1854,3
2965,로맨스,1,2,148.9,82,15세,12,0,1,1800,3
2966,호러,4,2,208.6,153,12세,12,0,0,1807,1
2967,SF,4,3,181.2,126,전체관람가,2,0,1,1734,2
2968,액션,1,5,146.2,133,15세,9,0,0,465,0
2969,애니메이션,2,5,196.3,158,15세,9,0,0,1581,1
2970,애니메이션,3,4,4.5,170,15세,8,1,0,1833,2
2971,액션,1,5,158.3,171,15세,8,0,0,2101,3
2972,호러,1,5,97.2,162,15세,6,0,1,2009,0
2973,SF,4,5,85.5,167,청불,12,0,1,1549,0
2974,코미디,3,5,197.2,117,청불,5,0,0,1456,0
2975,로맨스,2,2,180.6,116,15세,10,0,1,236,0
2976,스릴러,2,5,294.4,112,12세,10,0,1,718,0
2977,코미디,3,2,295.6,90,12세,7,0,0,1456,3
2978,드라마,1,3,106.6,167,12세,10,0,1,1002,1
2979,스릴러,3,5,269.4,163,15세,11,0,0,194,0
2980,호러,4,2,200.1,97,15세,5,0,1,487,0
2981,코미디,4,2,251.5,81,청불,3,0,0,2240,2
2982,호러,4,2,106.8,106,12세,9,1,1,695,1
2983,SF,4,3,117.5,103,12세,6,0,0,337,0
2984,스릴러,2,3,204.1,147,12세,9,1,0,1409,2
2985,애니메이션,5,2,117.7,179,15세,3,1,1,1918,1
2986,액션,3,3,115.8,86,전체관람가,10,0,0,1042,2
2987,드라마,2,2,168.9,89,12세,10,0,1,1162,0
2988,호러,1,2,93.9,144,청불,5,0,1,2280,2
2989,애니메이션,1,2,192.5,139,청불,5,0,1,366,0
2990,로맨스,2,5,47.7,142,전체관람가,10,0,0,1358,0
2991,코미디,5,5,191.5,159,청불,7,0,0,875,0
2992,로맨스,1,5,194.8,158,15세,1,0,0,242,1
2993,로맨스,4,5,145.2,154,12세,1,0,1,1888,1
2994,로맨스,4,5,270.9,123,15세,10,0,0,2301,1
2995,코미디,5,4,236.0,166,12세,8,0,1,2152,3
2996,스릴러,4,5,10.8,161,15세,1,0,0,1797,1
2997,로맨스,5,3,65.4,107,15세,9,1,1,1705,1
2998,애니메이션,2,3,124.8,124,12세,12,0,1,2062,3
2999,코미디,1,2,250.1,135,12세,12,0,1,1552,3
3000,로맨스,1,4,138.0,170,12세,8,1,1,1836,1
3001,SF,1,4,84.4,117,15세,9,0,0,1599,2
3002,SF,4,5,95.2,166,전체관람가,4,0,0,2303,1
3003,스릴러,3,1,216.6,132,12세,8,0,1,2202,3
3004,로맨스,5,1,254.5,163,15세,2,0,0,284,0
3005,코미디,2,5,118.8,128,청불,7,0,1,2243,0
3006,코미디,1,3,230.4,173,15세,1,1,1,118,0
3007,스릴러,2,5,46.5,98,15세,8,0,0,1762,1
3008,호러,1,2,228.9,176,15세,7,0,0,950,2
3009,SF,1,4,254.8,128,15세,12,1,1,1585,2
3010,호러,4,5,137.1,84,청불,3,0,1,1360,0
3011,드라마,4,2,50.4,148,청불,4,0,0,2098,1
3012,드라마,4,5,95.0,122,전체관람가,4,0,0,1576,0
3013,드라마,4,2,239.0,124,15세,8,0,0,348,1
3014,드라마,5,5,210.3,134,청불,11,0,0,1056,0
3015,액션,4,3,242.3,180,15세,2,0,0,418,0
3016,로맨스,4,3,185.3,86,12세,11,0,0,541,1
3017,로맨스,3,5,272.0,99,12세,11,0,1,398,0
3018,SF,1,4,196.4,124,12세,8,0,1,323,1
3019,코미디,5,5,234.4,118,15세,10,1,1,135,0
3020,로맨스,4,3,213.5,112,12세,12,0,0,1503,0
3021,코미디,5,4,99.5,133,12세,2,0,1,2334,2
3022,로맨스,5,1,107.8,103,15세,6,0,0,284,1
3023,로맨스,2,1,256.4,167,15세,1,1,0,835,3
3024,애니메이션,3,2,6.0,131,12세,5,0,1,2487,1
3025,로맨스,2,2,224.0,144,15세,6,0,0,737,1
3026,스릴러,1,2,299.5,86,15세,9,0,0,963,2
3027,스릴러,3,5,197.3,180,12세,3,0,1,852,0
3028,SF,2,5,278.7,106,15세,11,0,0,1365,1
3029,스릴러,5,5,262.3,129,12세,6,0,0,1648,0
3030,호러,5,3,295.1,159,청불,5,0,1,1667,0
3031,애니메이션,5,3,178.3,159,12세,1,0,0,2047,2
3032,로맨스,5,2,282.7,83,15세,4,0,0,2455,2
3033,호러,1,5,97.7,159,청불,5,0,1,616,0
3034,호러,2,1,26.9,112,12세,7,0,0,766,2
3035,호러,2,3,242.6,128,12세,10,0,0,1788,1
3036,애니메이션,1,4,116.9,103,전체관람가,12,0,0,468,0
3037,코미디,1,4,97.0,94,15세,12,0,0,1905,3
3038,애니메이션,5,2,232.4,134,15세,11,1,1,1038,0
3039,액션,5,5,283.5,152,12세,1,0,0,1973,0
3040,호러,4,2,271.0,169,청불,6,1,0,2168,0
3041,애니메이션,5,1,40.4,142,12세,2,0,0,2231,3
3042,로맨스,4,1,152.6,114,전체관람가,7,0,0,1467,1
3043,로맨스,5,3,99.7,105,12세,5,1,0,585,0
3044,액션,4,4,277.2,158,전체관람가,9,0,0,733,0
3045,코미디,3,3,243.5,98,15세,1,0,0,709,2
3046,스릴러,4,5,205.8,155,전체관람가,8,1,0,2019,2
3047,코미디,2,3,265.2,124,12세,10,0,0,505,0
3048,액션,4,2,189.3,147,15세,2,1,1,1731,3
3049,코미디,1,3,229.3,100,15세,8,0,0,1586,2
3050,코미디,5,2,187.7,119,12세,1,1,0,1410,1
3051,액션,5,2,232.9,169,15세,12,0,0,1222,1
3052,코미디,1,4,231.5,101,15세,1,0,0,1571,3
3053,액션,3,5,257.1,88,청불,2,1,0,2236,2
3054,스릴러,4,4,54.6,177,12세,7,1,0,890,0
3055,애니메이션,1,2,270.4,113,12세,4,0,1,581,2
3056,액션,1,3,114.5,122,12세,7,1,1,524,2
3057,애니메이션,1,5,103.0,158,12세,9,1,0,480,1
3058,코미디,3,1,229.8,118,12세,3,0,0,2434,3
3059,액션,5,2,85.8,141,12세,5,0,0,605,1
3060,액션,5,1,290.2,157,15세,5,0,0,2002,1
3061,드라마,2,5,29.6,132,15세,7,0,0,1450,0
3062,코미디,2,5,98.6,82,12세,7,0,0,2048,0
3063,드라마,1,1,81.8,81,15세,1,0,0,425,1
3064,액션,4,5,249.9,110,전체관람가,3,0,0,526,0
3065,호러,3,5,102.0,152,15세,9,0,0,2406,1
3066,드라마,2,5,290.3,148,청불,12,0,0,724,0
3067,스릴러,4,1,36.0,159,전체관람가,3,0,1,1383,0
3068,호러,5,1,44.7,178,청불,8,0,1,316,0
3069,코미디,3,4,2.8,82,전체관람가,7,0,1,2058,1
3070,애니메이션,5,1,271.3,100,12세,2,1,1,2335,2
3071,애니메이션,3,2,179.4,172,15세,3,0,0,1486,2
3072,호러,3,2,121.3,160,전체관람가,6,1,0,2450,3
3073,SF,4,1,110.7,117,12세,11,0,0,810,0
3074,로맨스,1,5,116.9,150,12세,9,0,0,1887,1
3075,스릴러,4,1,7.4,171,15세,3,1,1,2026,0
3076,로맨스,1,2,113.3,124,12세,11,0,0,2384,3
3077,코미디,4,2,112.2,92,15세,10,1,0,2082,1
3078,액션,1,3,86.2,116,12세,3,0,0,2049,3
3079,스릴러,4,1,15.3,92,15세,11,0,0,585,0
3080,호러,4,4,92.5,113,15세,8,0,0,2077,1
3081,드라마,5,2,249.0,99,12세,9,0,1,2084,3
3082,스릴러,2,3,254.4,137,15세,4,0,1,2412,2
3083,애니메이션,4,3,250.2,96,청불,7,1,1,1196,0
3084,코미디,4,3,120.4,148,전체관람가,4,0,0,958,0
3085,액션,5,4,294.0,112,청불,4,1,1,602,1
3086,코미디,3,4,230.4,162,전체관람가,3,0,0,176,0
3087,호러,3,1,118.7,158,15세,12,0,0,1361,0
3088,호러,2,5,159.2,157,12세,3,1,0,1459,1
3089,액션,3,3,117.9,93,12세,12,1,1,701,2
3090,호러,4,3,296.7,137,청불,3,1,0,1252,0
3091,SF,2,3,49.0,178,12세,11,0,0,458,0
3092,로맨스,3,5,216.9,131,15세,3,0,0,2427,2
3093,스릴러,1,4,58.3,162,15세,10,1,1,723,1
3094,드라마,1,1,50.6,173,15세,8,0,1,1165,1
3095,호러,3,2,110.3,104,12세,2,0,1,1798,2
3096,액션,2,3,221.3,149,12세,3,1,0,1680,3
3097,스릴러,5,1,157.3,153,15세,8,0,0,1467,1
3098,호러,2,4,149.6,172,전체관람가,7,1,0,1163,1
3099,드라마,4,2,43.6,146,12세,1,0,0,674,0
3100,호러,5,3,30.6,178,12세,7,1,1,1952,1
3101,액션,3,4,80.6,134,12세,6,0,1,1920,0
3102,로맨스,5,4,84.0,144,전체관람가,1,0,0,2141,0
3103,SF,3,3,232.8,99,15세,6,1,1,734,0
3104,SF,4,3,53.5,123,12세,6,0,0,2045,1
3105,액션,3,4,291.0,85,전체관람가,9,0,1,1789,1
3106,SF,1,4,222.1,147,12세,10,0,0,137,0
3107,코미디,2,3,102.8,149,12세,6,1,0,791,1
3108,로맨스,2,5,238.3,99,청불,2,0,0,174,0
3109,스릴러,1,5,150.7,82,전체관람가,12,0,0,2378,2
3110,드라마,4,4,170.0,128,15세,6,0,1,1930,1
3111,SF,5,5,297.1,135,15세,8,0,0,2484,0
3112,스릴러,1,2,27.8,123,15세,3,0,0,1657,2
3113,드라마,3,1,143.7,165,15세,12,0,1,516,1
3114,드라마,2,2,258.0,86,15세,7,0,1,1360,1
3115,로맨스,1,2,110.2,152,12세,12,0,0,917,0
3116,드라마,1,4,177.3,99,15세,7,0,1,464,1
3117,드라마,3,3,4.2,137,청불,11,0,0,961,0
3118,애니메이션,2,5,30.5,176,15세,2,1,0,1095,1
3119,액션,2,5,145.6,133,12세,4,0,1,696,1
3120,애니메이션,3,4,51.3,103,15세,2,1,0,1622,1
3121,로맨스,1,5,95.9,134,청불,3,0,0,288,0
3122,코미디,4,4,284.4,130,청불,12,0,0,2414,1
3123,액션,1,4,216.0,106,12세,8,0,0,601,2
3124,호러,3,2,287.9,101,12세,8,0,0,1929,2
3125,호러,1,3,273.9,89,15세,3,0,1,793,0
3126,액션,5,1,71.1,149,15세,2,0,1,2259,2
3127,스릴러,1,1,58.1,156,15세,8,0,1,1418,1
3128,스릴러,2,1,20.1,116,15세,11,0,1,754,0
3129,호러,3,3,11.3,109,15세,11,0,1,2130,0
3130,코미디,5,5,39.4,115,12세,8,1,1,634,0
3131,SF,4,3,48.0,160,12세,6,1,0,1427,1
3132,애니메이션,5,4,104.7,152,청불,2,0,0,1661,0
3133,로맨스,4,5,4.7,128,전체관람가,3,1,0,2228,0
3134,스릴러,5,3,247.8,138,15세,4,0,0,2201,1
3135,드라마,1,1,252.1,104,15세,10,1,0,1303,3
3136,애니메이션,4,4,69.2,180,12세,1,0,0,1496,1
3137,스릴러,2,3,7.0,147,청불,4,0,0,719,0
3138,호러,4,2,233.3,82,15세,2,0,0,779,1
3139,SF,3,2,1.6,174,12세,11,0,1,1100,0
3140,코미디,4,1,185.4,88,15세,5,0,1,1393,2
3141,호러,4,2,71.9,107,15세,3,1,1,1321,1
3142,액션,2,1,215.2,175,청불,10,0,0,781,0
3143,액션,1,4,238.0,170,15세,6,0,0,1058,2
3144,스릴러,5,2,256.9,90,전체관람가,2,0,0,662,0
3145,호러,4,4,93.0,119,15세,4,0,1,1123,1
3146,드라마,2,4,238.2,110,12세,11,0,1,1018,2
3147,애니메이션,4,2,59.2,103,15세,7,0,1,2058,2
3148,애니메이션,4,4,281.1,157,12세,7,0,0,1281,1
3149,드라마,1,2,25.9,104,전체관람가,11,0,0,1546,2
3150,드라마,2,5,161.8,162,15세,1,0,1,1557,1
3151,코미디,3,3,294.5,96,12세,6,1,1,2011,3
3152,드라마,1,5,251.8,146,12세,9,0,1,2399,2
3153,SF,1,4,237.3,126,15세,6,0,1,671,0
3154,드라마,4,5,51.4,156,12세,9,0,0,1805,0
3155,액션,2,2,148.0,150,청불,2,0,1,1453,2
3156,SF,1,4,71.8,160,12세,6,0,0,2163,1
3157,호러,5,2,102.1,88,15세,3,1,0,2247,0
3158,스릴러,1,1,79.5,179,15세,4,1,0,305,1
3159,로맨스,5,4,233.1,99,12세,1,0,0,1574,1
3160,액션,2,2,174.6,134,전체관람가,9,1,1,1076,3
3161,드라마,3,1,123.3,85,12세,4,0,1,1211,0
3162,액션,2,3,207.4,96,15세,4,0,1,2474,3
3163,드라마,3,2,87.2,97,전체관람가,4,0,0,2259,2
3164,드라마,4,5,12.5,99,12세,10,0,0,873,0
3165,호러,3,5,107.9,108,12세,7,0,1,831,0
3166,코미디,1,1,280.1,118,청불,11,0,0,1046,1
3167,호러,5,3,299.9,141,전체관람가,6,0,1,1059,0
3168,스릴러,5,2,280.1,152,15세,8,0,1,1256,0
3169,스릴러,3,2,113.4,106,15세,6,0,0,2169,1
3170,애니메이션,4,3,173.5,176,12세,7,0,1,610,0
3171,드라마,2,3,50.4,167,15세,2,0,1,1434,0
3172,애니메이션,4,2,16.8,136,12세,9,0,0,821,0
3173,호러,3,1,158.7,101,15세,3,0,0,905,0
3174,호러,2,3,66.0,177,15세,3,0,0,445,0
3175,스릴러,3,2,291.0,143,15세,1,0,0,2068,2
3176,호러,1,4,272.5,179,12세,5,0,0,1974,2
3177,스릴러,5,5,291.8,126,전체관람가,7,0,1,2185,1
3178,액션,5,5,160.9,170,15세,5,0,0,1572,0
3179,스릴러,3,4,126.0,103,전체관람가,1,0,0,564,0
3180,드라마,3,1,13.0,149,15세,3,0,0,166,0
3181,로맨스,1,4,87.6,159,15세,1,0,0,1607,1
3182,SF,2,1,212.9,99,전체관람가,11,0,0,2483,3
3183,로맨스,1,1,153.6,173,15세,12,0,1,740,1
3184,코미디,5,5,263.2,166,청불,11,0,0,1989,0
3185,코미디,3,2,26.7,171,청불,5,0,0,382,0
3186,스릴러,1,2,246.9,82,전체관람가,8,0,0,696,1
3187,액션,4,2,157.1,80,12세,6,0,1,113,0
3188,스릴러,4,2,31.2,93,12세,5,0,0,561,0
3189,액션,2,3,25.1,178,15세,5,1,0,1976,3
3190,액션,5,3,29.2,157,12세,5,0,0,2246,1
3191,호러,5,2,66.0,134,15세,8,0,0,409,0
3192,로맨스,2,4,223.3,84,12세,5,1,0,789,1
3193,SF,3,5,199.7,100,12세,5,1,1,1098,2
3194,애니메이션,3,4,30.9,107,청불,12,0,1,1082,0
3195,드라마,1,4,46.1,137,청불,12,0,0,640,0
3196,코미디,3,5,260.1,109,15세,1,0,0,1563,0
3197,드라마,5,2,276.5,148,15세,12,0,1,1307,1
3198,로맨스,3,5,291.3,84,12세,3,0,1,2278,1
3199,스릴러,2,4,294.8,110,15세,5,0,0,708,0
3200,스릴러,2,4,119.3,141,전체관람가,6,0,1,2479,2
3201,호러,3,1,101.9,113,12세,5,1,1,2355,2
3202,액션,2,2,137.0,166,12세,5,0,1,1324,2
3203,호러,5,1,230.4,119,12세,12,0,0,936,1
3204,코미디,1,4,247.3,146,12세,11,0,1,1913,2
3205,액션,2,3,147.9,132,청불,6,0,1,856,0
3206,코미디,3,5,12.1,174,청불,4,0,1,612,0
3207,스릴러,4,4,257.5,105,전체관람가,6,0,1,1860,2
3208,애니메이션,1,5,87.9,82,전체관람가,12,0,1,2429,3
3209,스릴러,5,5,25.3,135,청불,6,0,0,1959,0
3210,코미디,2,3,129.4,157,전체관람가,6,0,0,2011,0
3211,애니메이션,3,4,37.4,161,15세,10,0,0,1810,1
3212,코미디,3,3,216.4,130,전체관람가,8,0,1,644,0
3213,애니메이션,3,3,180.0,128,청불,4,1,1,1346,2
3214,액션,5,5,66.8,163,전체관람가,5,0,0,2466,1
3215,애니메이션,2,3,169.4,176,12세,7,0,0,710,2
3216,드라마,5,3,173.1,131,전체관람가,3,0,0,2039,0
3217,로맨스,2,1,275.1,151,15세,5,0,0,2322,2
3218,액션,5,4,124.2,172,15세,1,0,1,1202,0
3219,스릴러,1,5,105.8,123,15세,9,0,0,2109,1
3220,로맨스,4,1,192.7,168,12세,11,0,0,301,0
3221,SF,4,1,248.5,153,15세,10,1,0,895,1
3222,코미디,5,3,216.1,80,12세,11,0,1,1759,0
3223,액션,5,4,79.1,153,12세,10,0,1,872,0
3224,애니메이션,5,4,140.3,163,15세,1,0,1,1383,1
3225,코미디,1,2,77.3,170,12세,3,0,0,310,1
3226,액션,5,5,262.3,83,15세,11,0,0,2462,2
3227,액션,3,4,2.1,155,15세,1,0,1,2166,0
3228,호러,2,1,79.1,177,12세,10,0,0,1479,1
3229,코미디,2,1,146.8,173,12세,7,1,0,592,2
3230,SF,4,5,275.7,155,전체관람가,1,0,0,1066,0
3231,스릴러,4,2,252.9,144,15세,7,0,1,1099,0
3232,코미디,5,1,195.6,123,15세,8,1,0,1790,2
3233,드라마,3,1,270.7,104,청불,7,0,1,1253,2
3234,코미디,5,1,172.4,176,12세,9,1,0,1006,1
3235,스릴러,2,1,264.9,142,12세,8,0,0,1523,3
3236,애니메이션,2,5,199.1,88,12세,1,0,1,762,0
3237,애니메이션,5,5,161.7,92,청불,7,0,0,884,0
3238,스릴러,4,4,105.5,81,15세,1,0,0,1028,1
3239,코미디,4,4,270.1,123,15세,4,0,1,2465,3
3240,스릴러,3,4,81.6,112,15세,1,1,1,1161,1
3241,스릴러,2,4,81.3,143,15세,12,0,0,476,0
3242,애니메이션,4,5,119.7,118,전체관람가,7,0,1,1383,0
3243,로맨스,5,1,60.3,150,15세,2,0,1,2360,2
3244,애니메이션,5,2,293.2,172,전체관람가,10,0,0,652,0
3245,스릴러,2,5,152.8,166,청불,4,0,1,225,0
3246,로맨스,1,4,225.9,97,15세,3,0,0,1954,1
3247,드라마,5,4,135.8,146,전체관람가,5,0,1,990,0
3248,드라마,1,3,138.0,176,전체관람가,3,0,0,810,2
3249,로맨스,3,4,2.8,165,15세,6,0,1,394,0
3250,SF,4,2,127.1,123,청불,8,0,0,2302,2
3251,호러,4,2,75.5,87,12세,5,0,0,677,0
3252,애니메이션,2,3,204.8,110,전체관람가,2,1,1,924,2
3253,드라마,2,5,237.0,95,15세,4,0,1,1449,0
3254,호러,2,2,223.7,143,15세,4,0,1,1337,1
3255,코미디,4,3,235.6,84,청불,3,1,1,226,1
3256,스릴러,2,1,233.8,161,전체관람가,7,0,0,148,2
3257,애니메이션,1,4,195.6,152,청불,4,0,0,1780,1
3258,애니메이션,4,4,161.3,148,15세,7,1,1,350,0
3259,로맨스,5,5,181.7,133,15세,12,0,1,1787,1
3260,액션,5,1,193.6,134,15세,2,0,0,1270,3
3261,애니메이션,2,1,282.9,147,15세,6,1,0,1522,3
3262,SF,2,1,273.3,149,15세,6,0,1,893,1
3263,스릴러,1,2,62.9,177,15세,5,0,0,1276,0
3264,애니메이션,3,2,244.5,84,12세,9,0,1,583,1
3265,호러,4,2,192.8,145,15세,8,1,1,2249,3
3266,호러,4,2,147.9,135,전체관람가,3,0,1,1211,0
3267,SF,1,4,184.8,136,15세,7,0,0,1772,1
3268,SF,2,3,156.0,82,12세,6,0,1,1544,2
3269,호러,3,1,285.4,141,전체관람가,1,0,0,1500,2
3270,스릴러,1,1,128.1,113,15세,7,1,0,2262,3
3271,SF,5,2,256.8,138,15세,6,0,1,1176,0
3272,코미디,2,4,276.1,125,청불,11,0,0,1000,1
3273,액션,1,4,65.0,145,15세,10,0,1,2475,3
3274,스릴러,3,5,299.7,174,전체관람가,12,1,0,1597,1
3275,애니메이션,5,2,96.8,126,15세,9,0,0,444,0
3276,애니메이션,1,2,114.7,152,전체관람가,7,0,1,446,0
3277,로맨스,3,4,202.3,108,15세,3,1,1,771,0
3278,로맨스,5,2,1.1,160,청불,2,0,0,1113,0
3279,애니메이션,3,3,77.1,136,12세,4,0,1,904,0
3280,코미디,1,1,38.0,138,15세,10,0,1,2163,2
3281,스릴러,4,3,266.9,172,15세,4,0,1,998,0
3282,로맨스,1,2,262.2,89,청불,10,0,0,1474,1
3283,SF,5,1,103.4,93,15세,3,1,1,1086,1
3284,SF,2,3,225.0,171,15세,8,0,0,1268,2
3285,로맨스,4,4,131.8,144,12세,3,1,1,2488,2
3286,스릴러,4,4,68.4,179,12세,1,1,0,2186,2
3287,호러,5,3,67.2,144,청불,4,1,0,916,0
3288,로맨스,5,3,236.3,176,청불,12,1,1,1834,1
3289,로맨스,4,1,102.9,154,전체관람가,3,0,0,1787,1
3290,코미디,5,3,108.4,90,12세,5,0,1,445,0
3291,드라마,5,2,32.3,162,15세,2,0,0,359,0
3292,액션,5,4,156.6,106,12세,10,0,0,2437,1
3293,SF,3,1,226.8,85,전체관람가,4,0,1,1597,1
3294,호러,2,2,8.3,126,12세,11,0,0,980,0
3295,드라마,3,5,58.4,115,15세,12,0,0,1806,0
3296,코미디,3,5,279.6,143,전체관람가,10,1,1,1653,1
3297,애니메이션,3,4,246.9,133,12세,3,0,0,921,0
3298,SF,2,4,29.0,117,청불,3,0,1,169,0
3299,스릴러,5,3,139.8,138,전체관람가,12,0,1,189,0
3300,스릴러,5,2,105.1,132,12세,12,0,0,2217,3
3301,드라마,3,2,65.3,116,12세,3,0,0,1104,0
3302,스릴러,3,3,42.8,170,15세,2,1,0,1940,3
3303,코미디,2,2,282.3,83,청불,11,0,0,2335,2
3304,스릴러,3,4,253.2,125,15세,7,0,0,448,0
3305,SF,1,1,179.1,87,15세,4,0,0,1159,3
3306,스릴러,2,2,34.1,81,12세,2,1,1,672,2
3307,액션,4,2,52.9,112,15세,2,0,1,1181,1
3308,SF,3,3,264.6,96,청불,6,0,0,2456,2
3309,SF,1,2,208.9,97,청불,7,0,0,1505,1
3310,호러,2,3,10.6,159,15세,1,0,1,285,0
3311,애니메이션,4,2,267.5,139,청불,2,0,0,554,0
3312,스릴러,1,5,253.3,165,15세,4,1,0,1172,1
3313,호러,3,3,2.7,103,전체관람가,8,0,0,115,0
3314,SF,3,2,209.5,88,청불,7,0,0,780,1
3315,SF,4,3,9.6,174,전체관람가,5,0,0,428,0
3316,드라마,3,5,53.8,83,15세,2,0,0,2063,1
3317,드라마,3,4,224.3,178,15세,12,1,0,1512,2
3318,스릴러,3,4,119.1,82,15세,2,0,0,605,0
3319,로맨스,4,5,52.4,156,15세,9,0,1,709,0
3320,애니메이션,2,5,234.8,136,청불,9,0,0,1523,1
3321,드라마,2,4,192.3,82,15세,7,0,0,1957,2
3322,스릴러,2,1,197.2,146,청불,6,0,1,413,1
3323,호러,1,2,193.5,158,청불,4,0,0,2210,1
3324,호러,1,1,253.4,80,청불,12,0,1,266,0
3325,액션,5,5,136.8,115,전체관람가,2,0,1,311,0
3326,액션,4,5,165.6,177,15세,9,0,0,1197,0
3327,호러,2,3,36.6,147,12세,10,0,0,588,0
3328,코미디,5,3,65.3,139,12세,12,1,0,561,1
3329,호러,4,4,29.0,107,15세,1,0,1,1310,0
3330,애니메이션,3,1,32.7,152,12세,7,0,0,173,0
3331,호러,4,2,116.2,114,12세,9,0,0,1613,0
3332,호러,3,3,114.1,166,전체관람가,8,0,1,1215,0
3333,로맨스,4,3,194.9,128,전체관람가,12,1,0,1700,2
3334,액션,2,5,8.0,93,전체관람가,12,0,0,1433,2
3335,스릴러,5,1,99.3,126,청불,7,0,0,851,0
3336,스릴러,3,2,210.1,111,청불,3,0,1,2026,2
3337,SF,1,3,269.2,123,15세,3,1,0,578,2
3338,액션,2,1,3.2,116,청불,1,0,0,1523,0
3339,호러,2,2,252.3,176,청불,6,1,1,2059,1
3340,로맨스,2,4,60.0,158,청불,10,0,0,2349,0
3341,코미디,5,4,145.5,98,15세,4,0,0,1972,2
3342,SF,4,5,58.7,102,청불,10,0,1,2150,0
3343,드라마,4,5,133.7,155,12세,1,1,1,162,0
3344,SF,2,4,146.0,113,12세,9,0,0,824,1
3345,코미디,2,4,227.5,117,12세,10,0,0,2326,3
3346,액션,4,5,44.7,145,15세,6,0,1,1690,0
3347,로맨스,5,5,199.4,111,전체관람가,3,1,1,957,0
3348,코미디,5,4,121.6,139,청불,4,1,0,923,0
3349,액션,3,3,64.2,95,12세,12,0,0,681,0
3350,코미디,4,2,238.9,99,청불,2,0,0,1416,2
3351,애니메이션,2,5,38.8,110,12세,1,1,0,2316,2
3352,액션,1,1,68.2,131,15세,12,1,0,373,3
3353,드라마,2,1,290.1,131,12세,2,1,1,302,1
3354,SF,3,1,200.0,161,전체관람가,8,0,1,2060,3
3355,코미디,5,2,124.6,152,청불,10,1,0,2081,0
3356,애니메이션,3,1,47.2,83,15세,9,0,1,2083,2
3357,드라마,2,3,91.7,155,15세,7,0,0,2417,3
3358,코미디,3,4,167.7,141,청불,8,0,1,251,0
3359,액션,1,2,5.6,145,15세,4,0,0,683,1
3360,액션,3,1,20.4,145,15세,5,0,0,1320,0
3361,애니메이션,5,5,220.0,111,15세,4,0,0,380,0
3362,로맨스,2,5,236.4,106,12세,6,0,0,1320,0
3363,스릴러,4,3,293.2,167,15세,6,0,1,185,0
3364,애니메이션,5,1,156.3,83,12세,12,1,1,378,2
3365,스릴러,5,3,24.3,149,전체관람가,10,1,1,503,0
3366,스릴러,4,4,203.2,109,청불,6,1,1,2068,0
3367,코미디,4,3,181.7,144,15세,11,0,0,2076,0
3368,애니메이션,3,1,11.4,143,12세,4,0,0,1600,0
3369,애니메이션,1,5,157.2,135,청불,4,0,0,865,0
3370,호러,2,3,241.4,111,전체관람가,12,0,0,2389,2
3371,SF,1,1,4.9,83,12세,2,0,0,760,3
3372,SF,4,1,57.4,146,12세,5,0,1,775,0
3373,호러,4,5,280.6,152,전체관람가,11,0,0,1062,0
3374,스릴러,5,1,292.4,87,전체관람가,2,1,0,1104,2
3375,로맨스,2,3,143.1,115,15세,1,0,1,471,0
3376,호러,3,3,180.0,136,15세,2,0,1,1895,1
3377,스릴러,2,5,31.5,153,15세,1,0,0,1554,0
3378,SF,1,4,261.1,142,15세,6,1,0,594,1
3379,애니메이션,4,5,265.6,130,15세,10,0,1,1777,1
3380,SF,3,5,209.9,127,12세,3,0,0,459,0
3381,애니메이션,5,1,50.2,111,15세,11,0,0,2421,1
3382,스릴러,2,5,299.7,110,15세,3,1,0,1115,1
3383,애니메이션,4,1,127.9,115,15세,11,0,0,2080,2
3384,로맨스,5,2,240.3,179,15세,2,0,0,1469,1
3385,SF,5,3,150.7,93,12세,10,0,0,2143,2
3386,애니메이션,4,1,228.3,95,15세,11,1,0,2195,2
3387,애니메이션,5,5,107.4,155,청불,10,0,1,1671,0
3388,SF,3,3,29.4,158,청불,8,0,0,2443,2
3389,코미디,2,4,298.3,123,청불,3,0,1,532,0
3390,호러,3,4,253.5,135,15세,11,0,0,1774,0
3391,애니메이션,1,3,276.2,146,12세,10,0,1,240,2
3392,로맨스,2,5,293.5,170,청불,2,0,1,739,0
3393,호러,3,2,233.2,145,청불,3,0,1,2034,0
3394,호러,2,2,107.0,103,15세,4,0,0,1196,1
3395,코미디,1,5,46.1,156,전체관람가,9,0,0,1448,0
3396,드라마,1,4,60.1,165,12세,7,0,0,2136,2
3397,코미디,4,5,269.2,88,15세,4,1,1,494,0
3398,드라마,2,5,222.3,159,15세,4,0,0,2386,2
3399,드라마,5,2,234.9,148,15세,8,0,0,747,2
3400,애니메이션,4,2,172.1,109,15세,6,0,0,2337,2
3401,코미디,1,4,4.1,97,12세,3,1,0,103,0
3402,호러,3,3,99.1,142,15세,12,0,0,957,0
3403,애니메이션,2,3,248.0,157,12세,3,0,0,1247,2
3404,애니메이션,3,5,136.7,117,12세,10,0,1,270,0
3405,호러,1,5,252.0,175,12세,11,0,1,650,1
3406,SF,5,1,39.0,107,청불,12,0,0,979,0
3407,스릴러,2,3,192.2,122,15세,6,0,0,1638,3
3408,애니메이션,2,3,166.8,106,청불,6,0,1,1051,0
3409,코미디,1,2,183.3,136,전체관람가,3,1,0,2171,3
3410,액션,1,5,163.7,161,15세,8,0,1,1833,2
3411,드라마,2,4,101.0,168,15세,7,0,1,2485,2
3412,코미디,4,3,279.4,146,전체관람가,2,0,1,1708,1
3413,SF,2,3,258.9,105,전체관람가,12,0,0,2265,3
3414,드라마,5,2,271.2,103,청불,12,0,1,1687,2
3415,호러,2,3,66.5,118,15세,9,0,1,2389,0
3416,호러,1,4,138.8,117,15세,8,1,1,2121,3
3417,애니메이션,3,5,97.4,105,12세,12,0,1,428,0
3418,드라마,2,2,58.2,154,전체관람가,9,0,0,1655,1
3419,스릴러,5,3,44.6,132,15세,12,0,1,997,0
3420,애니메이션,5,1,171.6,90,12세,9,0,0,1473,0
3421,애니메이션,4,5,294.5,171,15세,3,0,1,300,0
3422,애니메이션,5,3,260.4,129,12세,8,0,0,487,0
3423,드라마,1,5,143.7,120,12세,7,0,1,1931,3
3424,드라마,2,1,102.1,156,15세,5,0,1,1195,2
3425,로맨스,3,1,278.0,110,12세,12,0,1,1022,2
3426,로맨스,5,4,262.8,111,15세,10,1,0,939,1
3427,SF,5,4,128.5,178,전체관람가,9,0,1,458,0
3428,로맨스,3,5,250.3,141,12세,8,0,1,1690,0
3429,호러,2,2,137.7,104,전체관람가,8,1,1,2220,3
3430,애니메이션,1,5,233.9,122,청불,5,1,1,1075,2
3431,SF,2,1,101.0,158,전체관람가,9,1,1,2263,3
3432,호러,5,1,199.4,92,12세,6,0,0,1355,0
3433,스릴러,2,4,196.3,108,청불,12,0,1,1152,0
3434,로맨스,1,3,50.8,113,12세,2,0,1,2306,2
3435,스릴러,1,4,190.0,173,15세,7,0,1,735,2
3436,액션,4,2,12.3,95,15세,10,0,1,849,0
3437,드라마,4,5,75.6,144,12세,7,0,0,100,0
3438,호러,4,3,188.4,129,청불,1,1,0,1280,1
3439,스릴러,5,1,18.0,112,12세,12,0,0,1173,0
3440,스릴러,5,1,79.7,178,전체관람가,10,0,1,184,0
3441,액션,5,3,70.5,90,15세,7,1,1,326,1
3442,코미디,5,3,158.4,85,12세,4,0,0,664,0
3443,액션,5,1,22.2,125,12세,2,1,1,2109,2
3444,액션,3,4,84.5,132,12세,1,0,0,585,1
3445,SF,4,1,120.2,114,청불,12,0,0,2021,2
3446,호러,1,3,41.2,155,12세,1,1,0,983,1
3447,스릴러,1,1,178.9,133,청불,2,0,1,1566,2
3448,SF,5,2,243.1,140,12세,3,0,1,934,0
3449,스릴러,5,5,168.5,175,15세,3,0,1,278,0
3450,로맨스,3,5,152.3,135,15세,6,1,1,2234,2
3451,스릴러,5,1,284.9,135,12세,5,1,0,772,1
3452,코미디,2,3,248.7,129,12세,6,0,0,789,1
3453,애니메이션,4,1,71.8,155,12세,8,1,1,112,0
3454,로맨스,5,2,56.5,89,15세,8,0,1,2378,1
3455,애니메이션,1,5,288.3,140,15세,12,0,0,2397,1
3456,로맨스,5,5,173.2,98,15세,3,0,1,1979,0
3457,액션,1,3,293.8,119,청불,1,0,1,686,0
3458,로맨스,4,2,36.5,83,15세,5,0,0,2009,0
3459,로맨스,4,2,130.7,168,12세,6,0,0,1601,0
3460,스릴러,5,1,260.6,105,청불,6,0,0,2198,2
3461,드라마,2,1,239.0,83,15세,10,0,0,1058,2
3462,호러,4,1,149.8,109,청불,1,0,1,321,0
3463,드라마,4,4,83.7,86,청불,8,0,1,1531,0
3464,로맨스,5,5,297.1,115,청불,11,0,0,929,0
3465,애니메이션,1,1,12.5,86,12세,4,0,1,1316,2
3466,호러,4,3,77.7,140,15세,10,0,1,1507,0
3467,로맨스,2,3,152.1,119,15세,8,0,0,521,0
3468,코미디,4,4,148.9,155,12세,12,0,1,1149,1
3469,드라마,2,1,291.1,121,청불,12,0,1,2433,2
3470,액션,2,3,241.0,152,15세,7,0,1,1462,2
3471,코미디,1,1,184.3,173,청불,7,0,0,1781,2
3472,SF,2,4,92.2,127,15세,4,0,0,1262,1
3473,액션,5,3,25.8,86,12세,3,0,1,1457,0
3474,액션,3,1,156.6,123,15세,5,0,1,2275,2
3475,호러,4,2,109.7,175,청불,2,0,0,1646,0
3476,로맨스,2,4,296.4,179,15세,10,0,1,464,1
3477,액션,4,4,64.6,111,12세,10,0,0,284,0
3478,로맨스,2,5,138.1,112,15세,1,0,0,817,0
3479,드라마,2,4,136.5,105,15세,9,0,1,685,0
3480,SF,1,2,151.0,90,전체관람가,9,0,1,1301,3
3481,SF,3,4,224.0,121,15세,7,0,0,1247,1
3482,애니메이션,4,5,12.0,110,전체관람가,5,0,0,1774,0
3483,호러,2,4,196.9,145,15세,9,1,0,2172,2
3484,스릴러,5,5,96.2,154,청불,8,0,0,2410,0
3485,애니메이션,4,2,198.7,173,전체관람가,2,0,0,505,1
3486,드라마,2,3,87.1,95,전체관람가,6,0,0,1256,0
3487,로맨스,5,3,159.8,105,15세,11,0,1,2189,1
3488,SF,3,4,48.2,84,12세,4,0,1,2274,2
3489,SF,1,3,73.7,135,15세,3,0,1,1732,1
3490,드라마,4,2,265.0,107,12세,11,0,0,935,0
3491,스릴러,3,2,280.4,90,전체관람가,11,0,0,2458,3
3492,코미디,2,4,26.9,154,12세,5,0,0,823,0
3493,로맨스,5,5,166.5,160,15세,9,0,1,2109,0
3494,드라마,2,1,77.2,151,전체관람가,9,0,0,2077,3
3495,드라마,5,2,163.1,179,15세,5,0,1,368,0
3496,로맨스,5,2,57.9,165,청불,6,0,1,477,0
3497,액션,4,4,89.2,93,15세,8,0,0,1789,1
3498,액션,3,3,219.8,92,12세,12,0,0,807,1
3499,로맨스,4,4,27.1,98,전체관람가,10,1,0,262,0
3500,호러,2,5,225.6,136,15세,1,1,1,919,0
3501,스릴러,3,4,163.3,104,12세,6,0,1,700,0
3502,드라마,1,2,66.9,119,12세,3,1,0,1971,2
3503,드라마,2,4,172.7,158,전체관람가,1,0,1,586,1
3504,코미디,4,5,123.1,166,청불,7,0,0,1065,0
3505,호러,2,1,177.3,172,15세,3,1,1,1375,1
3506,호러,3,5,27.2,137,청불,12,0,0,2148,0
3507,코미디,1,2,137.0,135,전체관람가,11,0,1,1542,2
3508,호러,4,1,11.0,82,12세,8,0,1,820,0
3509,SF,1,5,260.4,155,12세,4,0,1,757,0
3510,드라마,2,4,32.3,143,12세,2,1,1,1011,2
3511,코미디,3,5,279.9,148,15세,2,0,0,1920,2
3512,호러,5,5,224.7,110,15세,5,0,0,1846,0
3513,코미디,1,2,87.3,87,12세,8,0,0,755,1
3514,액션,2,1,129.5,110,전체관람가,11,0,0,1189,2
3515,호러,1,2,259.3,174,15세,12,0,1,1347,2
3516,로맨스,1,2,187.1,166,15세,9,1,0,205,1
3517,호러,2,3,169.8,85,15세,9,0,0,111,0
3518,호러,2,4,180.0,173,15세,7,0,1,1590,1
3519,코미디,5,5,95.1,139,12세,2,1,0,246,0
3520,호러,2,1,242.3,150,12세,10,1,0,818,1
3521,스릴러,1,5,204.7,151,전체관람가,8,0,0,130,1
3522,스릴러,1,1,133.2,143,전체관람가,5,0,1,233,1
3523,애니메이션,4,3,44.2,122,12세,6,0,1,611,0
3524,호러,4,1,67.3,124,15세,7,0,1,1985,2
3525,SF,5,3,256.5,156,15세,3,0,0,1048,0
3526,로맨스,1,5,185.4,147,청불,7,0,0,201,0
3527,드라마,1,3,156.1,126,15세,8,0,0,2254,3
3528,로맨스,2,3,88.2,169,12세,9,0,0,1541,0
3529,코미디,3,5,199.5,168,전체관람가,9,0,0,910,0
3530,SF,5,4,182.1,116,15세,5,0,1,1566,2
3531,애니메이션,4,4,261.5,93,12세,1,0,1,1641,1
3532,스릴러,5,4,179.6,109,청불,11,1,0,560,0
3533,스릴러,2,1,280.0,140,15세,3,0,0,2483,2
3534,호러,5,1,71.5,164,12세,5,0,0,283,0
3535,스릴러,3,1,36.8,112,15세,3,1,0,257,0
3536,로맨스,2,4,67.2,126,15세,6,0,0,768,0
3537,액션,4,1,261.1,133,청불,11,0,0,1691,1
3538,코미디,5,3,40.6,130,전체관람가,2,0,1,1995,0
3539,드라마,1,4,65.2,163,15세,3,0,1,799,1
3540,스릴러,5,4,182.3,154,청불,6,1,1,2325,0
3541,드라마,3,1,176.4,98,12세,7,0,1,2112,3
3542,호러,4,3,215.5,81,12세,3,0,0,779,0
3543,호러,3,5,210.2,174,12세,11,0,1,1991,1
3544,코미디,5,1,289.4,92,12세,1,0,0,348,1
3545,호러,4,1,287.1,111,15세,2,0,0,1706,3
3546,드라마,4,1,114.6,126,15세,2,0,1,898,0
3547,드라마,4,5,170.6,144,15세,11,0,1,1306,0
3548,애니메이션,1,2,244.9,148,15세,9,0,0,1721,3
3549,스릴러,1,1,173.3,142,청불,10,0,0,1341,2
3550,스릴러,5,1,289.2,164,청불,12,0,0,1199,0
3551,애니메이션,2,3,241.1,153,15세,4,1,0,595,1
3552,스릴러,4,3,26.1,179,15세,6,0,1,1426,0
3553,호러,1,2,97.0,159,전체관람가,5,0,1,2002,0
3554,로맨스,5,4,223.9,118,12세,2,0,0,2029,1
3555,코미디,3,1,297.2,152,청불,3,0,1,1079,1
3556,드라마,5,5,161.0,171,15세,1,0,1,794,0
3557,로맨스,4,3,237.5,155,12세,11,0,1,1351,1
3558,로맨스,1,1,105.8,151,15세,8,0,1,1898,3
3559,로맨스,3,5,216.2,100,15세,8,0,0,1447,2
3560,로맨스,5,1,5.5,156,15세,2,0,0,1434,0
3561,SF,1,3,162.7,131,청불,9,0,1,836,1
3562,스릴러,2,4,37.2,153,전체관람가,2,0,1,744,1
3563,애니메이션,4,3,231.6,87,15세,8,0,0,660,1
3564,스릴러,4,3,247.4,106,15세,1,0,0,1370,1
3565,애니메이션,5,1,48.0,155,15세,10,0,0,1134,1
3566,드라마,3,4,70.6,107,12세,9,0,0,1231,1
3567,스릴러,5,2,24.2,165,15세,10,1,0,2097,1
3568,호러,4,5,13.1,91,15세,11,0,1,593,0
3569,애니메이션,2,5,169.3,132,12세,2,0,0,605,2
3570,코미디,1,2,56.1,135,15세,6,0,0,1615,1
3571,호러,1,4,194.3,178,청불,2,0,1,508,0
3572,호러,3,3,194.1,157,청불,2,1,0,458,0
3573,스릴러,1,2,133.7,107,청불,1,1,1,1497,2
3574,드라마,4,5,39.5,170,15세,4,0,0,694,0
3575,스릴러,2,4,257.1,97,청불,1,0,0,2362,2
3576,코미디,1,1,58.0,140,청불,6,1,1,1877,2
3577,SF,4,1,64.0,83,청불,8,0,0,1839,1
3578,드라마,5,5,113.2,166,청불,11,0,0,1619,0
3579,액션,3,2,134.9,144,전체관람가,2,0,0,349,1
3580,코미디,2,4,123.3,127,전체관람가,11,1,0,952,1
3581,드라마,1,3,232.7,160,전체관람가,10,0,1,461,1
3582,SF,3,3,42.6,98,12세,8,1,0,2015,1
3583,로맨스,3,2,172.1,146,전체관람가,12,0,1,2144,3
3584,SF,3,2,253.0,85,15세,2,0,0,2430,3
3585,로맨스,2,2,100.2,89,12세,6,1,0,1400,3
3586,스릴러,3,5,10.7,131,12세,4,0,1,1972,1
3587,액션,2,2,222.6,83,15세,12,1,1,953,3
3588,코미디,1,2,185.4,159,전체관람가,9,0,1,360,2
3589,액션,5,5,104.7,104,15세,6,0,0,442,0
3590,코미디,2,4,119.0,88,15세,7,0,1,2282,2
3591,로맨스,2,3,158.7,170,15세,7,0,1,1516,2
3592,애니메이션,1,2,222.8,173,15세,10,0,1,1552,2
3593,드라마,2,1,264.7,180,15세,12,1,1,1114,2
3594,SF,1,2,202.5,86,전체관람가,9,0,0,2219,2
3595,액션,3,4,62.1,80,15세,12,0,1,885,0
3596,애니메이션,5,4,119.8,109,청불,5,0,1,1470,0
3597,애니메이션,3,5,200.5,157,청불,2,0,1,1728,0
3598,코미디,5,4,269.6,147,전체관람가,2,0,1,1128,1
3599,액션,4,1,284.3,139,전체관람가,7,0,1,1155,2
3600,애니메이션,2,4,174.8,169,15세,6,0,0,1604,0
3601,애니메이션,3,3,82.4,143,12세,3,0,1,2481,3
3602,호러,3,4,256.6,152,12세,9,0,1,109,0
3603,로맨스,3,5,211.0,124,12세,4,1,1,152,1
3604,호러,5,4,97.8,102,12세,8,0,1,1838,0
3605,드라마,4,2,42.9,103,청불,12,0,0,243,0
3606,SF,4,4,256.4,172,12세,5,0,0,1504,1
3607,액션,2,2,53.4,148,15세,4,0,0,934,1
3608,SF,4,4,277.5,174,12세,11,1,0,1905,2
3609,호러,1,1,63.0,82,15세,5,0,0,999,0
3610,액션,4,2,139.2,148,15세,9,0,0,176,1
3611,액션,5,1,295.1,160,전체관람가,10,1,0,1388,1
3612,애니메이션,3,3,243.1,176,15세,9,1,1,1873,3
3613,액션,3,4,193.2,148,12세,8,0,1,1547,1
3614,코미디,5,5,217.3,88,15세,9,1,1,874,0
3615,호러,4,2,271.2,166,전체관람가,10,0,0,1323,0
3616,액션,4,1,102.4,152,12세,4,0,1,1796,1
3617,스릴러,1,5,164.0,164,15세,10,0,0,1521,1
3618,코미디,2,2,260.0,175,12세,7,0,1,1094,2
3619,SF,5,4,93.7,131,12세,3,1,1,456,0
3620,애니메이션,5,2,202.7,149,12세,1,0,1,2199,3
3621,코미디,5,1,296.7,160,15세,9,0,0,1606,1
3622,로맨스,4,2,82.2,128,12세,11,0,0,2424,2
3623,애니메이션,4,2,177.2,123,15세,11,0,1,1255,0
3624,드라마,1,4,201.2,91,15세,10,0,0,1865,2
3625,코미디,4,3,3.4,137,청불,11,0,0,2435,0
3626,코미디,3,5,92.8,140,청불,9,0,1,1710,0
3627,애니메이션,1,5,137.7,141,12세,7,0,0,900,2
3628,호러,2,5,105.7,109,12세,3,0,0,2407,2
3629,호러,4,5,241.6,179,전체관람가,1,0,0,138,0
3630,로맨스,3,1,116.5,143,15세,6,0,1,1464,0
3631,코미디,5,4,123.9,179,청불,10,0,0,162,0
3632,드라마,1,2,170.8,82,15세,4,1,0,2400,3
3633,액션,4,3,158.1,131,12세,12,0,0,1990,1
3634,애니메이션,3,4,34.4,118,15세,6,1,1,738,0
3635,드라마,3,1,190.5,155,15세,1,0,1,1349,2
3636,로맨스,5,1,58.2,119,전체관람가,7,0,0,2143,1
3637,호러,1,2,9.9,98,15세,8,0,0,1648,1
3638,스릴러,3,2,277.3,88,12세,1,0,1,569,2
3639,스릴러,2,5,193.0,156,15세,6,0,1,1176,1
3640,호러,2,3,246.4,145,12세,3,0,0,2081,1
3641,스릴러,1,5,20.0,113,12세,10,0,1,2397,1
3642,스릴러,4,4,186.1,80,15세,2,0,1,1555,1
3643,스릴러,5,1,109.5,97,청불,10,0,0,1546,1
3644,로맨스,4,1,261.2,136,청불,6,0,1,577,0
3645,호러,4,1,149.6,179,청불,4,0,0,686,0
3646,애니메이션,2,2,129.6,81,청불,3,0,0,1110,0
3647,SF,4,1,194.1,107,15세,3,0,1,162,1
3648,SF,4,2,246.5,96,15세,9,0,1,1705,0
3649,애니메이션,1,4,180.7,105,15세,1,0,0,2020,3
3650,로맨스,5,3,218.9,164,12세,2,0,0,1255,0
3651,로맨스,4,4,129.6,128,12세,9,0,1,2263,0
3652,애니메이션,4,2,161.5,120,청불,1,1,0,593,0
3653,스릴러,4,4,10.9,98,15세,5,0,1,2440,0
3654,로맨스,5,1,244.8,167,전체관람가,4,0,1,813,0
3655,액션,1,5,15.7,162,12세,5,0,0,1851,1
3656,SF,5,4,79.1,88,15세,9,0,0,490,0
3657,스릴러,4,2,96.2,94,청불,9,0,0,1748,0
3658,코미디,4,3,275.4,98,15세,11,0,1,235,1
3659,액션,2,3,185.8,83,15세,12,0,0,1866,3
3660,액션,2,3,39.8,112,전체관람가,7,0,0,2383,3
3661,로맨스,3,3,152.1,166,12세,7,0,0,546,0
3662,호러,5,5,32.6,175,15세,8,0,0,1667,0
3663,스릴러,1,2,131.4,159,15세,8,0,1,707,0
3664,애니메이션,2,1,183.3,83,12세,1,0,0,452,1
3665,코미디,3,5,6.9,152,전체관람가,10,0,1,2492,0
3666,애니메이션,5,4,15.8,94,전체관람가,10,0,0,872,0
3667,SF,5,5,237.2,135,청불,12,0,0,2318,1
3668,로맨스,1,2,298.3,180,12세,7,0,1,714,2
3669,드라마,4,5,202.4,160,15세,11,0,1,1052,1
3670,애니메이션,5,4,70.1,133,15세,5,0,0,1644,0
3671,SF,5,3,205.2,90,15세,4,0,0,1460,2
3672,드라마,2,5,18.8,156,15세,8,0,0,904,0
3673,SF,2,3,177.0,114,12세,1,0,0,447,0
3674,스릴러,4,1,152.0,105,청불,7,0,0,1584,1
3675,스릴러,5,3,185.3,179,청불,6,0,0,550,0
3676,스릴러,3,1,44.6,101,15세,1,0,1,1645,2
3677,로맨스,2,5,73.9,98,청불,2,1,0,2038,1
3678,호러,2,3,64.8,84,12세,10,0,1,690,0
3679,애니메이션,1,3,55.3,161,12세,12,0,0,677,1
3680,로맨스,3,3,190.2,163,15세,7,0,0,1670,2
3681,SF,2,3,243.1,109,15세,7,0,0,690,1
3682,SF,5,3,244.3,124,15세,10,0,0,1269,0
3683,드라마,4,4,124.2,90,15세,10,0,0,2261,1
3684,액션,2,1,287.2,152,15세,11,0,0,2162,3
3685,SF,2,3,277.9,88,12세,10,0,0,1694,1
3686,스릴러,3,2,152.8,108,15세,6,1,0,1176,1
3687,호러,5,1,287.9,160,12세,9,0,0,250,0
3688,로맨스,3,2,194.5,149,15세,12,0,0,1291,1
3689,SF,2,2,195.7,124,12세,5,0,0,1345,2
3690,액션,2,5,155.9,82,12세,7,0,0,1024,1
3691,SF,2,3,186.5,114,15세,2,1,0,973,2
3692,코미디,2,2,152.8,166,12세,11,0,1,1095,1
3693,로맨스,5,4,152.1,95,12세,8,0,0,1959,0
3694,SF,2,2,259.0,96,15세,4,1,0,1155,0
3695,호러,3,2,20.7,107,12세,8,0,1,836,0
3696,로맨스,3,3,190.7,139,12세,6,1,0,2198,3
3697,호러,5,4,124.9,136,15세,8,0,0,2032,1
3698,로맨스,1,4,281.1,91,12세,8,0,0,230,1
3699,코미디,4,2,71.9,143,15세,9,0,1,170,0
3700,호러,4,5,167.4,89,15세,10,0,0,2321,0
3701,SF,5,1,88.9,165,전체관람가,4,0,0,1282,0
3702,로맨스,1,3,286.4,89,15세,6,0,0,2457,3
3703,액션,2,3,28.7,160,청불,6,0,0,2333,2
3704,SF,4,5,130.4,164,12세,9,0,0,2124,0
3705,로맨스,3,1,230.3,167,12세,11,0,1,1278,0
3706,코미디,3,3,295.6,151,12세,6,0,0,650,1
3707,액션,3,1,146.9,99,15세,3,0,0,1115,1
3708,애니메이션,3,3,198.0,132,12세,9,1,0,2126,2
3709,액션,5,5,108.8,132,12세,6,1,0,809,1
3710,스릴러,5,4,232.2,115,12세,3,0,0,1302,0
3711,액션,2,3,157.0,159,12세,8,0,0,1340,1
3712,스릴러,4,5,43.8,109,12세,1,0,0,2298,1
3713,액션,5,2,295.7,168,청불,10,0,0,631,0
3714,드라마,2,4,250.4,91,전체관람가,5,0,0,370,0
3715,드라마,1,5,40.9,94,12세,8,0,0,1173,1
3716,호러,5,4,136.5,111,15세,9,0,0,686,0
3717,SF,5,3,162.8,172,15세,10,0,0,2098,1
3718,로맨스,5,5,227.4,94,15세,12,0,1,1152,0
3719,애니메이션,3,2,101.4,82,15세,9,1,1,667,1
3720,스릴러,3,3,192.3,124,15세,11,0,0,2402,1
3721,액션,1,5,247.7,92,청불,2,1,0,957,2
3722,액션,1,4,143.9,98,12세,5,0,1,1983,3
3723,로맨스,3,5,65.2,120,청불,6,0,1,1193,0
3724,애니메이션,4,1,145.9,168,청불,4,0,1,2392,1
3725,스릴러,3,4,112.3,159,12세,7,0,1,2325,3
3726,SF,2,4,107.8,123,12세,4,0,1,1497,0
3727,코미디,3,4,96.7,90,15세,9,0,1,2251,1
3728,드라마,5,5,298.4,83,전체관람가,9,0,1,458,0
3729,코미디,5,2,71.3,105,15세,8,1,0,1121,0
3730,호러,4,3,228.3,80,전체관람가,2,0,0,1947,2
3731,SF,4,4,4.0,107,청불,3,0,1,2342,0
3732,액션,3,1,245.9,119,15세,11,1,1,287,1
3733,드라마,4,4,279.4,175,15세,8,0,1,1076,1
3734,호러,3,5,67.9,132,15세,5,1,0,930,0
3735,로맨스,5,1,27.2,127,12세,5,0,0,2385,3
3736,호러,2,1,128.1,146,청불,10,1,1,504,2
3737,스릴러,5,2,240.7,120,청불,10,0,0,2345,2
3738,코미디,5,1,96.8,104,전체관람가,9,0,1,1760,1
3739,SF,5,1,246.4,160,청불,11,0,0,1234,0
3740,애니메이션,5,3,253.7,98,15세,10,0,0,1392,1
3741,코미디,4,3,232.2,139,15세,9,0,0,1921,2
3742,액션,1,3,26.7,165,15세,9,0,1,2355,1
3743,코미디,1,5,6.1,168,12세,1,0,0,758,0
3744,호러,4,1,250.8,154,12세,6,1,0,642,2
3745,로맨스,4,3,69.3,130,15세,6,0,0,2258,0
3746,코미디,1,3,54.2,144,12세,3,1,1,416,3
3747,스릴러,4,5,174.3,141,15세,9,0,0,2219,1
3748,애니메이션,3,3,12.8,142,청불,7,0,1,2061,0
3749,드라마,4,3,14.9,177,12세,5,0,0,324,0
3750,액션,1,4,296.6,98,12세,8,0,0,707,1
3751,SF,3,5,170.3,155,15세,11,0,1,233,0
3752,코미디,5,4,169.5,141,청불,11,0,0,343,0
3753,드라마,5,3,247.5,130,15세,2,0,0,452,0
3754,액션,5,5,279.9,161,15세,9,0,1,736,0
3755,액션,2,5,145.5,117,15세,9,0,1,1671,2
3756,액션,2,3,39.1,175,15세,10,0,1,986,0
3757,스릴러,3,3,93.1,173,전체관람가,11,0,1,752,0
3758,애니메이션,3,2,209.9,147,12세,7,0,0,2151,3
3759,SF,1,1,60.8,179,15세,11,0,1,1393,1
3760,코미디,2,5,256.0,83,15세,9,0,0,1511,1
3761,애니메이션,3,1,62.9,130,12세,3,0,1,1211,1
3762,로맨스,5,1,217.4,112,15세,4,0,0,1025,1
3763,SF,1,2,110.1,143,15세,4,0,0,465,1
3764,호러,5,4,44.8,96,청불,12,0,0,727,0
3765,드라마,3,2,37.0,124,전체관람가,6,0,1,1814,1
3766,애니메이션,2,2,268.3,106,전체관람가,10,0,0,1127,1
3767,호러,3,2,130.9,160,12세,1,1,0,330,0
3768,애니메이션,1,5,193.1,146,15세,8,0,0,662,0
3769,코미디,5,2,196.7,180,12세,1,0,0,1053,1
3770,스릴러,4,5,239.9,164,12세,6,1,0,1711,0
3771,애니메이션,3,4,92.1,86,12세,9,1,0,1424,3
3772,스릴러,3,2,101.7,146,12세,4,0,1,1119,2
3773,스릴러,5,4,263.2,123,청불,7,0,1,1946,1
3774,호러,3,3,43.8,169,청불,5,0,0,423,0
3775,코미디,2,4,29.1,114,15세,6,1,1,860,0
3776,액션,5,3,192.2,134,전체관람가,9,0,0,1756,1
3777,액션,2,5,191.9,86,15세,12,0,1,279,0
3778,애니메이션,2,1,237.3,154,전체관람가,3,0,1,1703,2
3779,애니메이션,1,1,57.3,100,15세,2,0,0,1186,1
3780,호러,5,2,50.3,87,전체관람가,1,0,1,1622,1
3781,액션,5,2,240.8,109,15세,11,0,1,2159,2
3782,애니메이션,5,4,163.6,169,15세,6,1,1,2039,1
3783,드라마,4,1,45.5,126,15세,8,0,1,1544,1
3784,SF,2,3,9.4,160,15세,3,0,1,1115,0
3785,액션,5,5,166.1,122,전체관람가,7,0,1,1129,1
3786,애니메이션,1,5,74.1,129,청불,12,0,0,2008,1
3787,코미디,2,4,226.6,123,전체관람가,3,1,1,106,0
3788,로맨스,3,5,294.3,133,청불,6,0,1,699,0
3789,SF,1,1,93.1,149,12세,4,0,0,2177,2
3790,스릴러,1,5,24.8,165,15세,4,1,1,891,1
3791,코미디,1,5,262.3,98,청불,2,0,0,507,0
3792,스릴러,3,1,71.4,116,15세,3,0,1,1238,0
3793,코미디,5,1,282.0,96,15세,8,0,0,207,0
3794,드라마,3,5,86.6,106,15세,3,0,0,812,0
3795,스릴러,3,2,118.5,127,12세,11,0,1,1356,0
3796,드라마,2,4,188.2,88,15세,1,0,0,612,1
3797,애니메이션,1,3,271.5,113,전체관람가,10,0,1,2464,3
3798,스릴러,2,2,6.1,80,전체관람가,10,0,0,612,0
3799,SF,2,1,227.9,147,청불,12,1,1,671,2
3800,SF,3,3,61.5,153,15세,8,0,0,2013,2
3801,액션,3,4,211.3,132,15세,2,0,0,800,1
3802,액션,5,1,246.1,159,12세,3,1,0,2102,3
3803,코미디,1,1,139.2,98,12세,8,0,0,728,1
3804,로맨스,4,3,59.5,124,15세,6,0,0,493,0
3805,액션,4,2,102.2,106,15세,6,1,0,2050,2
3806,애니메이션,3,5,221.9,137,15세,7,1,1,1197,1
3807,드라마,3,1,253.8,89,15세,7,0,1,656,0
3808,SF,4,1,258.4,83,15세,6,1,1,2404,2
3809,코미디,3,1,25.6,81,15세,9,0,0,663,0
3810,스릴러,4,4,138.6,144,12세,11,0,0,2182,1
3811,액션,1,5,45.7,136,15세,2,0,0,2005,2
3812,스릴러,5,3,172.8,159,12세,7,0,0,1486,1
3813,애니메이션,4,2,291.2,96,전체관람가,6,0,1,829,1
3814,SF,2,4,110.5,111,12세,11,1,1,330,0
3815,애니메이션,1,1,160.8,106,전체관람가,7,1,0,2314,3
3816,코미디,3,5,12.8,87,12세,3,0,1,1608,0
3817,드라마,3,4,186.9,127,15세,9,1,0,1864,2
3818,코미디,5,3,279.8,170,청불,2,0,1,103,0
3819,액션,5,5,147.9,103,12세,9,1,0,507,0
3820,스릴러,5,4,37.5,177,15세,10,0,0,234,0
3821,액션,3,5,236.4,113,12세,3,1,0,2105,3
3822,액션,1,2,8.6,121,전체관람가,8,0,1,792,1
3823,코미디,5,1,92.4,107,12세,3,0,1,1256,1
3824,드라마,4,4,274.4,91,12세,5,1,0,2160,3
3825,액션,4,3,214.4,156,청불,3,0,0,1371,1
3826,스릴러,2,4,214.8,108,전체관람가,8,0,0,184,0
3827,SF,5,2,156.3,87,15세,8,0,0,1438,2
3828,호러,2,5,113.1,110,15세,9,0,0,1095,1
3829,액션,4,2,169.8,120,전체관람가,10,0,0,1431,2
3830,액션,5,1,37.2,153,15세,2,0,1,1231,0
3831,스릴러,3,5,254.0,178,15세,4,1,0,2263,1
3832,호러,4,2,184.2,116,12세,3,1,0,2402,2
3833,SF,4,1,212.1,97,12세,6,0,1,1153,3
3834,드라마,5,1,208.6,125,15세,7,0,0,1933,2
3835,드라마,3,4,15.9,120,15세,6,0,0,1027,0
3836,호러,4,5,225.2,127,15세,10,0,1,655,0
3837,SF,3,4,19.0,140,15세,4,0,1,140,0
3838,로맨스,5,3,91.0,148,전체관람가,8,0,0,1897,1
3839,드라마,4,5,10.1,84,15세,2,0,1,1322,0
3840,호러,2,4,59.8,140,15세,11,1,1,223,0
3841,코미디,1,1,35.9,92,15세,1,0,1,1398,3
3842,액션,2,4,135.2,109,청불,2,0,0,1631,2
3843,드라마,3,3,11.5,123,전체관람가,5,0,1,2174,0
3844,SF,3,3,101.6,172,15세,1,0,0,692,0
3845,액션,5,4,87.2,121,청불,3,0,0,1875,0
3846,코미디,4,2,90.5,92,청불,6,0,0,909,0
3847,로맨스,4,4,202.1,158,전체관람가,2,0,0,2366,1
3848,애니메이션,1,4,90.4,179,전체관람가,1,0,0,369,0
3849,스릴러,2,4,90.2,158,15세,1,0,0,401,0
3850,로맨스,4,3,115.0,165,15세,5,0,0,1482,0
3851,액션,1,2,238.9,107,12세,10,0,1,975,3
3852,드라마,4,5,217.1,144,청불,11,0,0,955,0
3853,드라마,2,1,21.8,110,12세,8,0,0,1117,1
3854,드라마,2,5,115.2,103,15세,6,0,1,1313,1
3855,드라마,1,5,18.5,146,15세,9,0,0,1679,0
3856,호러,2,1,62.8,126,12세,8,0,0,181,0
3857,호러,3,4,160.7,116,15세,7,0,1,998,0
3858,SF,1,5,290.6,85,15세,9,1,0,2225,3
3859,로맨스,4,2,93.9,178,청불,9,0,1,1572,0
3860,코미디,5,5,70.2,122,청불,1,1,0,469,0
3861,호러,3,4,121.6,92,12세,8,1,0,2045,2
3862,코미디,2,3,251.3,142,전체관람가,2,1,1,2284,3
3863,코미디,4,4,149.6,154,청불,12,0,0,1028,0
3864,애니메이션,5,3,151.4,110,15세,12,0,0,1878,1
3865,액션,5,5,129.3,138,청불,6,0,0,1410,0
3866,스릴러,1,4,222.3,83,청불,10,0,0,1055,1
3867,스릴러,4,3,93.7,115,12세,9,1,0,459,0
3868,호러,1,2,114.1,131,15세,10,0,0,113,1
3869,SF,2,4,197.7,112,전체관람가,2,0,0,2128,2
3870,스릴러,2,1,265.8,85,전체관람가,1,0,0,845,1
3871,액션,4,3,166.5,116,15세,11,1,1,445,1
3872,코미디,5,5,63.9,138,12세,8,0,0,1958,0
3873,애니메이션,1,3,81.0,80,12세,3,0,0,534,1
3874,호러,3,4,6.5,95,12세,2,0,0,1243,0
3875,스릴러,2,3,68.8,119,청불,7,0,1,1050,0
3876,로맨스,1,1,198.7,154,12세,6,0,1,355,1
3877,로맨스,5,4,122.9,154,전체관람가,1,0,1,2444,1
3878,호러,3,1,223.8,153,청불,6,0,1,2267,0
3879,로맨스,3,5,204.9,171,12세,4,0,1,1939,0
3880,액션,2,3,27.0,83,청불,9,0,1,692,0
3881,액션,5,1,42.5,168,12세,3,0,0,1504,1
3882,호러,1,5,16.2,88,15세,1,0,0,648,0
3883,로맨스,1,3,171.9,130,청불,12,0,0,537,0
3884,드라마,5,2,240.6,145,15세,4,0,0,2408,2
3885,애니메이션,1,5,22.9,176,12세,10,0,0,2470,2
3886,SF,3,3,212.6,124,청불,12,0,0,278,0
3887,코미디,5,5,10.0,170,12세,5,0,1,569,0
3888,애니메이션,3,2,4.7,179,15세,1,0,1,2243,2
3889,코미디,2,1,197.5,87,12세,8,0,0,2465,3
3890,애니메이션,5,2,281.9,99,청불,1,1,1,1387,1
3891,애니메이션,1,1,49.2,145,15세,2,0,0,2064,2
3892,스릴러,5,4,224.1,174,청불,2,0,0,1852,0
3893,호러,5,4,199.5,140,15세,9,0,1,2311,2
3894,로맨스,1,1,25.4,101,15세,3,0,0,1085,1
3895,액션,2,1,55.0,135,전체관람가,2,0,0,1106,2
3896,스릴러,1,5,298.4,95,12세,10,0,0,1155,1
3897,로맨스,5,4,92.1,104,청불,7,0,0,1907,1
3898,코미디,5,5,121.3,180,15세,1,0,0,643,0
3899,코미디,1,3,221.6,160,12세,12,1,1,101,2
3900,코미디,4,4,33.9,131,청불,10,0,1,1854,0
3901,호러,1,4,49.6,105,청불,12,0,1,2037,0
3902,호러,2,3,270.9,155,전체관람가,3,0,1,427,0
3903,로맨스,3,1,274.6,151,15세,10,0,0,1891,2
3904,액션,1,5,106.4,131,12세,10,0,1,1246,2
3905,스릴러,3,2,52.1,110,15세,5,0,0,2096,0
3906,코미디,5,3,52.5,120,12세,10,0,1,2200,0
3907,스릴러,3,2,42.9,162,15세,8,0,1,111,0
3908,SF,2,4,55.1,150,15세,11,0,1,1312,0
3909,코미디,2,2,29.1,141,15세,2,1,0,977,0
3910,SF,1,3,179.8,117,15세,8,0,1,1539,1
3911,드라마,2,3,200.6,118,12세,5,0,1,2289,2
3912,SF,1,1,184.9,127,전체관람가,4,0,0,1366,2
3913,드라마,2,1,14.7,149,12세,2,1,1,2144,3
3914,애니메이션,3,4,276.9,172,12세,7,0,0,2283,3
3915,액션,1,1,185.6,113,12세,6,1,0,1893,3
3916,액션,4,1,226.5,116,15세,12,1,1,2365,3
3917,로맨스,3,5,240.8,126,12세,8,0,0,620,0
3918,드라마,4,3,109.5,103,청불,4,0,0,360,0
3919,드라마,4,1,77.7,111,12세,5,0,0,1341,2
3920,코미디,2,3,94.0,164,청불,1,1,0,837,1
3921,액션,1,4,45.8,103,전체관람가,4,1,0,645,2
3922,스릴러,4,4,39.0,114,전체관람가,7,0,0,2141,1
3923,스릴러,3,1,161.7,141,15세,10,1,1,1283,2
3924,SF,5,3,5.2,155,12세,4,0,0,1509,0
3925,SF,3,1,22.6,118,청불,7,0,0,1179,0
3926,스릴러,3,1,174.4,120,15세,7,0,1,2316,3
3927,호러,5,1,49.1,127,청불,2,0,0,1817,1
3928,액션,4,3,294.1,123,15세,7,0,0,2358,2
3929,코미디,4,5,183.5,179,청불,8,1,0,728,0
3930,로맨스,5,5,96.2,158,12세,12,0,0,439,0
3931,애니메이션,4,5,119.3,126,15세,1,0,0,1116,1
3932,액션,1,5,138.7,87,12세,7,0,0,553,1
3933,코미디,3,3,192.6,96,전체관람가,10,0,0,921,0
3934,애니메이션,4,5,67.6,97,청불,4,0,0,1320,0
3935,스릴러,2,5,219.1,166,15세,5,0,0,2246,1
3936,애니메이션,1,1,221.2,127,15세,11,0,0,520,2
3937,드라마,2,5,282.1,143,15세,9,0,1,1074,0
3938,호러,5,4,277.0,180,12세,6,0,1,1062,0
3939,로맨스,1,4,115.6,104,전체관람가,4,0,0,1345,1
3940,스릴러,3,2,220.7,101,청불,5,0,0,2200,1
3941,호러,4,4,241.4,162,15세,7,1,1,1030,1
3942,호러,4,1,15.1,86,청불,9,0,0,865,0
3943,스릴러,2,3,255.8,180,12세,10,0,0,105,0
3944,애니메이션,1,3,1.0,180,15세,4,0,0,692,0
3945,SF,2,4,281.6,84,전체관람가,5,0,0,2237,1
3946,로맨스,4,3,230.7,118,전체관람가,10,0,0,1008,1
3947,액션,2,5,183.0,158,15세,1,0,1,1479,1
3948,애니메이션,5,3,298.7,104,12세,3,0,0,2154,1
3949,애니메이션,5,3,10.3,103,전체관람가,12,1,0,526,1
3950,SF,4,3,270.2,86,청불,6,1,0,489,2
3951,애니메이션,4,3,264.5,128,전체관람가,9,0,1,678,1
3952,애니메이션,5,1,126.1,84,전체관람가,3,0,1,1233,1
3953,호러,5,5,260.7,91,12세,1,0,1,532,0
3954,로맨스,2,3,144.2,96,12세,1,0,0,2280,1
3955,SF,2,3,159.0,122,전체관람가,9,0,0,1207,2
3956,액션,4,3,16.6,84,전체관람가,12,0,0,1350,1
3957,로맨스,1,4,190.4,107,청불,5,0,0,2135,1
3958,호러,4,1,122.5,178,15세,1,0,1,830,0
3959,스릴러,4,3,275.6,113,15세,8,1,1,726,0
3960,코미디,4,3,109.9,90,15세,10,0,0,999,0
3961,SF,2,4,47.2,136,청불,12,0,1,2394,3
3962,스릴러,4,3,76.3,138,청불,7,0,0,483,0
3963,SF,2,4,104.3,121,15세,3,1,0,1529,2
3964,호러,1,5,216.1,85,15세,12,0,0,1217,1
3965,SF,1,1,138.9,98,12세,11,0,0,934,1
3966,코미디,5,3,269.2,149,청불,1,0,0,682,1
3967,드라마,4,1,121.4,126,청불,11,0,1,1910,1
3968,호러,3,4,122.0,149,12세,12,0,0,752,0
3969,액션,5,1,296.3,81,15세,2,0,0,894,0
3970,스릴러,2,3,283.1,104,전체관람가,3,0,0,2286,2
3971,액션,2,2,207.3,119,12세,2,1,0,184,2
3972,호러,4,1,223.1,114,12세,12,0,1,2013,2
3973,코미디,1,1,213.2,125,12세,2,0,1,1146,3
3974,SF,5,5,69.0,103,12세,1,0,1,1420,0
3975,호러,4,4,36.6,122,15세,9,0,0,1043,0
3976,스릴러,5,5,214.5,116,전체관람가,7,0,1,678,0
3977,애니메이션,2,5,175.0,98,15세,12,0,0,1949,1
3978,스릴러,3,2,156.3,95,전체관람가,12,0,0,2053,2
3979,호러,4,4,165.6,112,15세,2,0,0,1594,0
3980,스릴러,4,3,247.8,109,15세,6,0,0,151,0
3981,호러,5,2,86.2,176,15세,4,0,1,2268,0
3982,스릴러,3,4,62.8,105,15세,2,1,1,1870,2
3983,드라마,5,1,50.1,148,12세,11,0,0,2172,1
3984,SF,2,1,1.4,176,전체관람가,10,0,1,477,0
3985,애니메이션,4,2,160.4,127,12세,9,0,1,2249,1
3986,애니메이션,3,3,126.2,84,15세,7,0,0,875,0
3987,드라마,5,4,111.6,166,청불,9,1,0,1552,0
3988,액션,2,2,216.3,174,15세,11,0,0,303,2
3989,로맨스,5,5,266.4,156,전체관람가,3,0,0,142,0
3990,액션,2,4,195.1,94,15세,2,0,1,2294,2
3991,로맨스,4,3,79.9,92,15세,7,1,1,1471,1
3992,스릴러,2,2,289.1,149,12세,8,0,1,1291,2
3993,로맨스,3,4,137.2,127,전체관람가,6,0,0,808,1
3994,액션,5,4,151.1,165,12세,2,1,0,2470,2
3995,드라마,2,5,277.8,132,15세,6,0,0,1600,0
3996,드라마,4,5,61.4,94,청불,1,0,1,2175,0
3997,로맨스,5,2,56.4,117,15세,7,0,1,2389,0
3998,호러,2,2,39.6,139,12세,5,0,0,1391,1
3999,호러,4,5,176.0,112,12세,5,0,0,441,0
4000,코미디,1,4,114.4,121,청불,4,0,1,320,0
4001,코미디,2,4,120.0,135,12세,11,0,0,803,0
4002,호러,2,3,282.6,175,12세,12,0,0,2162,1
4003,스릴러,2,2,257.5,124,15세,12,0,0,2100,3
4004,로맨스,3,1,43.9,102,15세,6,0,1,2090,2
4005,로맨스,1,1,241.6,89,12세,9,0,1,2340,2
4006,드라마,4,5,163.2,110,청불,10,1,1,2095,1
4007,SF,1,4,73.1,83,12세,5,0,0,580,0
4008,드라마,3,1,5.0,173,15세,4,0,0,216,0
4009,로맨스,5,2,44.3,125,15세,8,0,0,190,0
4010,코미디,3,4,97.6,140,15세,12,0,1,1845,2
4011,로맨스,1,2,78.0,121,12세,3,0,0,1657,1
4012,애니메이션,3,2,132.3,159,15세,6,0,0,2425,3
4013,호러,1,2,179.6,120,12세,8,0,0,1083,1
4014,드라마,2,3,244.5,155,12세,12,1,0,1752,2
4015,드라마,5,2,60.1,90,15세,12,0,0,975,0
4016,코미디,5,1,89.3,137,15세,5,0,0,755,0
4017,코미디,2,3,279.7,156,전체관람가,8,0,0,2264,2
4018,드라마,3,1,115.9,113,청불,9,0,1,2094,1
4019,애니메이션,3,5,62.5,150,12세,11,1,1,1594,0
4020,애니메이션,1,1,222.9,96,15세,9,0,1,1290,2
4021,로맨스,3,5,32.1,83,15세,9,0,0,865,0
4022,로맨스,1,4,229.0,160,청불,1,1,0,1196,1
4023,호러,2,1,171.4,145,15세,8,0,1,323,2
4024,호러,5,4,227.2,97,전체관람가,12,0,1,1264,1
4025,호러,4,3,28.5,89,전체관람가,8,0,1,1103,0
4026,애니메이션,4,5,234.7,174,12세,6,0,0,2422,1
4027,로맨스,1,3,123.2,109,15세,11,0,1,1558,1
4028,애니메이션,1,4,193.8,97,15세,9,0,0,2471,2
4029,액션,3,5,128.8,95,12세,4,1,0,1480,1
4030,액션,3,2,184.5,159,15세,8,0,1,2392,3
4031,코미디,3,4,216.9,143,12세,4,1,1,1937,3
4032,로맨스,2,2,46.8,114,전체관람가,1,0,1,510,2
4033,호러,1,2,143.0,127,15세,3,0,1,441,0
4034,애니메이션,4,3,109.0,124,12세,4,0,0,1728,2
4035,스릴러,1,4,115.5,132,전체관람가,9,0,0,1832,2
4036,스릴러,3,4,63.0,96,15세,5,0,1,752,0
4037,드라마,3,3,181.1,143,12세,5,0,0,840,0
4038,SF,1,3,249.0,138,12세,12,0,0,1894,3
4039,액션,2,2,4.0,140,15세,2,0,0,1361,2
4040,코미디,2,2,169.0,177,12세,7,0,0,1680,2
4041,SF,4,5,113.7,135,12세,9,1,1,1949,1
4042,드라마,3,4,256.0,91,12세,3,0,0,1795,2
4043,코미디,5,5,182.5,144,15세,10,0,1,1245,0
4044,호러,2,4,17.6,153,전체관람가,11,1,0,1084,0
4045,애니메이션,1,3,223.6,110,15세,9,0,0,1485,2
4046,SF,5,5,29.0,175,청불,8,1,1,1532,0
4047,스릴러,5,2,258.4,141,전체관람가,6,0,0,584,0
4048,SF,3,5,131.2,176,15세,2,0,1,1114,0
4049,스릴러,1,2,270.4,93,12세,4,0,0,618,0
4050,호러,4,1,160.2,151,12세,3,0,1,842,0
4051,애니메이션,3,1,188.3,120,15세,3,0,0,2117,2
4052,드라마,5,4,132.0,116,12세,3,0,1,364,0
4053,로맨스,1,1,283.7,105,15세,11,1,0,1270,3
4054,애니메이션,3,2,208.6,123,전체관람가,3,0,1,787,1
4055,호러,1,3,209.3,179,15세,2,0,1,348,0
4056,호러,3,2,131.1,128,15세,3,1,1,1524,3
4057,코미디,4,4,140.4,162,15세,5,0,0,1940,0
4058,액션,1,2,174.7,161,12세,8,0,0,121,2
4059,코미디,4,3,129.4,146,청불,8,0,0,1789,0
4060,호러,2,1,126.3,145,15세,6,0,1,1162,1
4061,드라마,1,1,191.3,177,12세,11,1,0,1404,3
4062,로맨스,5,4,57.0,135,15세,10,0,0,1428,0
4063,스릴러,2,1,186.9,171,청불,10,0,0,122,1
4064,애니메이션,5,5,30.3,86,12세,12,1,1,372,0
4065,로맨스,1,4,100.7,153,15세,4,0,0,1746,1
4066,로맨스,4,2,27.2,102,12세,2,1,1,932,1
4067,액션,2,2,243.1,122,전체관람가,2,0,0,1835,3
4068,로맨스,3,3,237.9,97,15세,1,0,0,331,1
4069,호러,4,1,106.5,113,12세,11,0,0,452,0
4070,SF,1,4,226.4,135,15세,4,0,0,1723,1
4071,호러,5,1,182.6,85,15세,7,0,0,1746,1
4072,코미디,3,5,129.5,94,15세,2,0,1,238,0
4073,드라마,2,3,278.5,140,전체관람가,11,1,0,846,3
4074,호러,3,1,291.5,94,15세,8,0,1,1656,1
4075,액션,5,3,11.3,110,12세,3,0,1,1222,0
4076,애니메이션,2,2,131.2,121,청불,4,0,0,723,1
4077,코미디,5,1,179.8,84,15세,1,0,1,481,0
4078,로맨스,3,5,224.7,122,15세,1,0,0,1525,2
4079,드라마,1,1,23.4,154,15세,6,0,1,1149,1
4080,로맨스,2,3,56.8,121,15세,7,0,0,1797,3
4081,로맨스,5,2,278.7,89,12세,10,0,1,1598,1
4082,호러,1,1,140.6,122,전체관람가,12,0,0,1469,2
4083,액션,4,5,197.1,155,12세,7,0,0,2454,3
4084,SF,1,4,109.4,88,15세,7,0,1,720,0
4085,로맨스,3,4,208.2,174,15세,3,0,0,2056,0
4086,SF,2,1,268.9,128,전체관람가,12,0,1,608,2
4087,스릴러,1,1,11.2,115,15세,12,0,0,1889,2
4088,호러,1,2,78.1,93,15세,4,1,0,2455,3
4089,코미디,2,3,254.4,144,청불,5,1,0,1852,2
4090,SF,5,2,250.2,85,전체관람가,4,0,1,932,0
4091,애니메이션,1,3,236.7,112,15세,1,0,0,2386,3
4092,스릴러,1,1,97.9,174,전체관람가,4,0,0,1297,3
4093,액션,2,1,25.7,106,전체관람가,6,0,0,1430,2
4094,코미디,3,4,284.1,103,15세,4,0,0,1175,1
4095,호러,2,1,90.9,117,12세,9,1,0,424,2
4096,SF,5,3,153.5,144,15세,9,1,1,2246,1
4097,스릴러,4,1,289.9,80,15세,12,1,0,411,1
4098,SF,1,4,102.5,83,전체관람가,8,1,0,502,2
4099,로맨스,2,1,130.2,155,12세,5,1,1,2009,2
4100,코미디,5,5,188.8,117,12세,8,1,1,1883,2
4101,호러,1,5,210.2,120,15세,4,0,1,658,0
4102,코미디,3,5,194.1,162,청불,7,1,0,1962,2
4103,코미디,4,3,209.9,107,15세,7,0,1,1928,0
4104,호러,5,5,199.3,117,전체관람가,2,0,1,2444,1
4105,액션,5,5,77.0,136,12세,5,0,0,2225,1
4106,액션,2,3,94.1,135,15세,6,1,1,980,2
4107,드라마,5,4,120.4,83,15세,7,0,1,1368,0
4108,코미디,5,5,195.2,159,12세,3,0,1,872,0
4109,스릴러,3,5,210.7,119,전체관람가,8,0,0,244,0
4110,액션,2,5,112.0,136,15세,7,0,1,1362,3
4111,애니메이션,2,4,60.7,120,15세,8,0,1,112,0
4112,액션,2,1,129.9,123,12세,5,0,0,2276,3
4113,스릴러,3,2,288.5,140,12세,4,1,0,1551,1
4114,코미디,2,3,93.0,128,12세,10,0,0,566,1
4115,액션,2,1,211.2,152,15세,5,0,0,777,1
4116,애니메이션,3,3,167.8,147,15세,4,0,0,2276,3
4117,로맨스,5,4,141.7,166,전체관람가,3,0,1,115,0
4118,스릴러,5,5,240.7,103,15세,5,0,1,1493,2
4119,호러,3,4,264.8,174,전체관람가,4,0,1,878,0
4120,액션,5,1,89.1,158,12세,6,0,0,1971,1
4121,SF,3,3,286.3,99,전체관람가,7,0,0,1674,1
4122,스릴러,4,1,13.2,164,15세,11,0,0,1235,0
4123,코미디,2,2,77.0,98,15세,3,0,0,1195,1
4124,액션,4,2,250.0,91,청불,2,0,0,991,1
4125,SF,5,2,211.6,122,전체관람가,12,0,0,1365,1
4126,액션,5,1,287.5,104,12세,8,0,0,296,1
4127,코미디,3,1,298.2,147,청불,8,0,0,819,0
4128,드라마,3,3,5.2,128,15세,11,0,0,648,0
4129,로맨스,3,2,82.7,124,12세,1,0,0,1017,2
4130,로맨스,2,4,297.4,146,12세,10,0,0,2449,2
4131,호러,3,2,5.3,134,전체관람가,6,1,0,1268,0
4132,SF,5,2,40.9,106,15세,6,0,0,2353,0
4133,드라마,3,4,255.7,153,청불,1,1,0,381,1
4134,로맨스,1,3,70.8,88,15세,12,0,0,847,1
4135,드라마,5,4,262.8,180,15세,9,0,1,1166,0
4136,SF,5,2,50.0,143,15세,1,0,1,1117,0
4137,SF,3,3,83.2,174,15세,8,0,0,1133,0
4138,코미디,2,2,231.5,86,12세,12,1,1,660,2
4139,스릴러,5,5,198.3,86,12세,1,0,1,2014,0
4140,애니메이션,5,1,261.5,142,12세,6,1,0,2228,1
4141,호러,1,5,263.8,120,15세,1,0,1,1350,1
4142,스릴러,4,5,22.4,145,12세,9,0,1,494,0
4143,액션,5,1,256.3,175,12세,4,0,1,2327,1
4144,드라마,2,3,144.1,167,12세,11,0,0,1736,2
4145,코미디,2,1,256.7,125,15세,8,1,1,989,2
4146,SF,3,2,179.7,101,15세,11,0,1,389,0
4147,드라마,1,2,7.4,100,청불,9,0,1,1822,0
4148,애니메이션,2,1,167.3,100,15세,2,0,0,505,1
4149,호러,4,2,60.6,123,청불,3,0,0,973,0
4150,호러,4,4,110.3,117,15세,10,0,1,122,0
4151,코미디,2,5,183.4,132,청불,12,1,1,2340,3
4152,드라마,3,1,154.9,104,청불,9,0,0,1034,0
4153,애니메이션,3,5,158.7,153,전체관람가,5,0,1,2117,1
4154,스릴러,3,4,227.3,154,전체관람가,5,1,0,2283,3
4155,액션,2,4,46.2,122,15세,12,0,1,1031,1
4156,드라마,4,2,187.2,132,15세,1,1,0,2138,2
4157,로맨스,4,4,175.6,153,15세,1,0,0,2189,1
4158,드라마,1,3,64.0,168,전체관람가,6,0,1,1568,1
4159,코미디,4,4,145.7,95,12세,12,0,1,2367,2
4160,액션,2,4,122.9,171,12세,1,0,0,1494,2
4161,스릴러,5,3,153.0,146,청불,3,0,0,1989,0
4162,호러,4,5,134.5,100,15세,12,1,0,783,0
4163,SF,3,4,64.2,162,12세,8,0,0,2194,0
4164,SF,5,5,278.4,135,15세,7,0,0,2043,2
4165,로맨스,4,4,295.8,136,12세,2,1,1,582,0
4166,애니메이션,2,3,281.2,165,12세,8,0,0,1840,3
4167,로맨스,3,3,252.0,135,15세,1,0,1,1741,1
4168,코미디,3,3,243.9,176,12세,7,0,1,1614,1
4169,SF,1,3,85.2,151,청불,11,0,1,2218,1
4170,코미디,1,1,51.3,90,12세,12,1,0,1961,3
4171,애니메이션,1,3,64.7,169,전체관람가,12,0,1,1853,2
4172,SF,4,4,4.2,168,청불,6,0,0,1629,0
4173,액션,1,3,232.7,98,청불,7,0,0,2362,2
4174,로맨스,2,2,119.1,134,12세,2,0,0,688,1
4175,액션,3,4,216.2,98,15세,4,0,0,2425,3
4176,액션,3,3,242.3,157,12세,1,0,0,903,1
4177,스릴러,1,5,191.1,124,전체관람가,9,0,0,1056,2
4178,애니메이션,3,3,246.4,104,15세,7,0,0,2247,2
4179,드라마,2,1,17.3,98,15세,12,0,0,281,0
4180,애니메이션,1,2,110.2,135,청불,5,0,1,1590,1
4181,SF,1,3,127.0,83,청불,2,0,0,1037,1
4182,로맨스,3,3,125.3,87,12세,5,0,1,1981,2
4183,애니메이션,3,2,149.2,115,청불,3,0,0,443,0
4184,스릴러,1,1,119.1,130,12세,2,0,0,2260,2
4185,호러,2,5,265.2,142,15세,3,0,0,1162,1
4186,애니메이션,3,2,94.9,172,12세,8,0,0,229,1
4187,드라마,4,1,213.7,105,15세,2,0,1,1849,3
4188,로맨스,3,4,79.5,139,12세,8,1,0,1566,3
4189,스릴러,4,2,240.4,155,청불,7,0,0,1182,0
4190,코미디,1,3,234.5,110,청불,2,0,1,2184,2
4191,스릴러,1,4,70.6,98,15세,1,0,0,264,0
4192,애니메이션,1,4,252.1,110,15세,8,0,0,1820,2
4193,호러,3,5,48.4,94,청불,12,0,1,687,0
4194,호러,1,2,176.2,125,전체관람가,1,0,1,1197,1
4195,스릴러,1,5,162.3,136,12세,11,0,1,648,0
4196,애니메이션,3,1,280.9,96,청불,6,0,1,2333,2
4197,애니메이션,4,4,255.5,157,12세,6,0,0,463,0
4198,드라마,5,3,84.4,136,15세,7,0,0,740,1
4199,로맨스,2,5,259.8,101,15세,10,0,0,1623,0
4200,스릴러,3,3,297.5,82,15세,4,1,0,1436,1
4201,호러,2,3,240.8,171,12세,7,1,1,1305,3
4202,SF,3,1,44.5,91,전체관람가,10,1,0,1860,3
4203,호러,1,4,84.0,102,15세,8,0,0,2028,2
4204,로맨스,4,2,159.0,120,청불,10,0,0,2044,1
4205,호러,5,3,206.3,174,12세,4,0,0,788,0
4206,SF,1,2,2.7,89,15세,10,0,0,244,0
4207,스릴러,3,2,40.9,125,전체관람가,6,0,0,1328,0
4208,애니메이션,2,4,145.1,114,15세,8,0,1,1613,0
4209,코미디,4,3,258.7,107,전체관람가,7,1,0,477,0
4210,애니메이션,2,2,92.4,134,전체관람가,11,0,0,2494,3
4211,액션,3,5,253.6,81,청불,9,0,0,2155,0
4212,애니메이션,1,1,17.0,128,15세,10,1,0,678,0
4213,로맨스,5,4,52.4,108,15세,6,0,0,1525,0
4214,코미디,4,2,217.1,145,전체관람가,2,0,0,497,0
4215,로맨스,1,5,267.7,139,12세,4,1,0,1206,1
4216,호러,3,4,37.8,166,12세,1,0,0,1523,0
4217,코미디,5,2,261.4,98,15세,10,0,0,2337,3
4218,로맨스,4,5,282.9,98,15세,8,0,0,1401,1
4219,코미디,1,4,199.8,83,12세,1,0,1,218,1
4220,호러,1,1,90.8,169,12세,11,1,0,347,2
4221,코미디,2,1,286.6,151,15세,12,1,1,324,1
4222,스릴러,3,3,226.4,151,12세,9,0,1,1112,2
4223,호러,4,5,35.0,177,15세,3,0,0,718,0
4224,애니메이션,1,2,264.1,103,청불,2,0,0,1653,2
4225,액션,1,1,294.7,123,15세,8,0,1,476,0
4226,SF,5,4,127.3,146,15세,2,1,0,772,1
4227,애니메이션,2,5,206.0,165,15세,10,1,1,1893,1
4228,SF,2,4,23.5,172,전체관람가,12,0,0,900,0
4229,스릴러,3,4,153.6,114,12세,9,0,0,1137,1
4230,액션,1,2,70.5,155,15세,12,0,0,210,1
4231,코미디,4,3,298.8,167,청불,7,1,0,1526,0
4232,로맨스,2,3,266.8,166,15세,8,0,1,1794,2
4233,애니메이션,5,2,284.5,135,청불,7,0,1,1071,1
4234,SF,4,2,23.9,172,전체관람가,9,0,0,1517,1
4235,애니메이션,1,4,70.8,97,12세,4,0,1,1452,1
4236,코미디,4,1,123.9,97,15세,4,0,1,1201,0
4237,코미디,3,1,60.1,116,15세,2,0,0,815,2
4238,로맨스,4,2,157.3,116,15세,12,0,0,221,0
4239,애니메이션,5,3,200.8,148,15세,3,0,0,1342,0
4240,호러,3,2,75.1,148,청불,8,0,0,1606,0
4241,드라마,3,2,97.8,155,전체관람가,4,0,0,350,0
4242,스릴러,3,5,46.8,104,12세,11,0,0,1503,0
4243,드라마,2,3,290.9,175,12세,3,0,1,2293,2
4244,스릴러,5,3,215.2,105,전체관람가,5,0,1,1188,1
4245,애니메이션,1,4,21.8,106,청불,7,0,0,284,0
4246,코미디,5,3,129.6,93,12세,4,0,0,1962,0
4247,드라마,3,2,139.0,115,12세,6,0,0,1921,1
4248,드라마,5,3,233.1,112,15세,9,0,0,1385,0
4249,코미디,4,2,186.6,169,청불,1,0,1,2290,1
4250,스릴러,2,3,223.4,88,청불,4,0,1,2160,1
4251,애니메이션,5,5,191.7,174,12세,1,0,1,1428,1
4252,액션,2,1,265.7,151,청불,4,0,0,1447,2
4253,호러,1,4,230.0,137,청불,10,0,0,328,0
4254,스릴러,4,2,154.4,151,청불,9,1,1,1445,0
4255,드라마,5,3,101.6,123,15세,1,0,0,1580,2
4256,액션,4,1,136.5,150,12세,9,0,1,1014,1
4257,스릴러,5,4,229.4,97,15세,4,0,1,209,0
4258,SF,1,1,4.6,152,청불,11,0,1,2229,1
4259,드라마,1,4,26.8,162,청불,10,1,1,2025,0
4260,호러,4,2,271.9,154,15세,7,0,0,1429,0
4261,드라마,2,3,29.4,80,12세,4,0,0,1766,1
4262,스릴러,3,1,298.9,98,15세,6,0,1,1037,2
4263,호러,2,3,281.8,141,12세,11,0,1,1809,0
4264,코미디,5,4,145.7,112,12세,11,0,1,986,0
4265,애니메이션,4,2,295.8,148,15세,11,0,0,1956,2
4266,로맨스,3,4,200.8,127,15세,9,0,0,661,0
4267,스릴러,4,5,82.0,137,청불,4,0,0,1366,0
4268,로맨스,4,1,293.0,171,15세,4,0,0,843,2
4269,로맨스,5,4,209.1,175,12세,2,0,0,422,0
4270,로맨스,4,2,11.7,142,15세,2,0,1,2139,2
4271,애니메이션,3,5,264.3,171,15세,4,1,0,260,0
4272,로맨스,5,3,107.1,105,15세,7,0,0,1492,1
4273,애니메이션,3,2,128.8,149,12세,10,0,0,2369,2
4274,드라마,5,4,190.7,80,12세,4,0,0,1392,1
4275,호러,4,3,246.4,178,12세,8,0,0,1644,2
4276,스릴러,2,2,217.0,111,12세,3,0,0,1726,3
4277,로맨스,1,4,241.1,116,12세,1,0,0,564,2
4278,호러,3,5,131.8,154,청불,12,0,0,770,0
4279,코미디,4,4,209.4,143,15세,3,0,0,1101,0
4280,호러,2,4,278.3,145,12세,2,0,1,963,2
4281,드라마,2,5,116.1,163,15세,6,0,0,2401,2
4282,애니메이션,1,3,289.1,106,12세,12,0,0,515,1
4283,드라마,3,1,95.6,96,12세,3,0,0,264,0
4284,드라마,2,4,57.4,97,청불,8,0,0,251,0
4285,애니메이션,2,5,239.5,112,15세,11,1,0,1096,1
4286,로맨스,4,2,60.9,93,15세,1,0,0,1295,1
4287,스릴러,4,1,45.6,97,청불,8,0,0,1223,0
4288,스릴러,2,1,5.0,94,15세,10,0,0,254,0
4289,액션,5,1,236.0,87,15세,5,0,0,2231,3
4290,호러,1,4,238.6,106,전체관람가,3,0,1,1946,2
4291,로맨스,1,5,171.9,156,15세,8,1,0,1863,2
4292,호러,5,3,288.1,80,청불,10,0,1,1324,0
4293,호러,2,4,143.1,168,전체관람가,4,1,0,961,0
4294,SF,5,1,120.6,136,12세,9,0,1,2497,1
4295,코미디,5,4,190.8,103,12세,3,0,0,1536,1
4296,호러,2,1,251.8,93,15세,3,0,0,1621,2
4297,코미디,1,1,276.7,84,전체관람가,12,0,1,1057,3
4298,코미디,2,5,28.8,117,전체관람가,5,0,0,504,0
4299,애니메이션,3,1,47.8,146,15세,12,0,1,2456,3
4300,액션,4,3,108.7,112,15세,1,0,0,1434,2
4301,로맨스,3,4,210.6,177,12세,3,1,1,1970,2
4302,액션,5,1,234.5,105,청불,6,1,0,1571,2
4303,드라마,3,1,129.4,80,15세,9,1,0,497,0
4304,SF,1,1,152.7,141,청불,10,1,0,297,0
4305,로맨스,1,4,175.1,96,12세,12,1,1,661,2
4306,애니메이션,4,1,138.2,91,12세,12,1,0,1683,2
4307,호러,1,3,148.0,137,청불,8,0,0,595,0
4308,SF,3,2,92.8,106,12세,10,0,0,988,1
4309,호러,2,2,127.5,92,전체관람가,1,0,1,1351,1
4310,애니메이션,1,2,284.1,130,15세,11,1,0,2168,3
4311,코미디,1,1,97.6,88,15세,4,0,0,533,0
4312,애니메이션,1,4,77.9,106,15세,7,0,0,1543,1
4313,로맨스,4,1,227.6,149,12세,6,1,0,703,1
4314,애니메이션,1,5,184.6,164,12세,10,0,0,2247,2
4315,로맨스,2,1,5.2,96,전체관람가,9,0,1,2419,2
4316,로맨스,5,5,192.0,87,15세,4,0,0,1416,1
4317,호러,2,4,54.1,173,청불,6,1,0,2042,1
4318,SF,1,3,22.7,143,15세,8,0,0,132,1
4319,로맨스,4,5,134.6,141,15세,4,0,1,140,0
4320,스릴러,5,2,53.4,138,전체관람가,8,0,1,1089,1
4321,애니메이션,5,2,121.6,136,12세,5,0,0,1984,1
4322,호러,1,2,291.0,145,15세,12,1,1,1082,3
4323,코미디,2,1,66.5,97,12세,6,0,1,1114,1
4324,로맨스,3,5,260.7,139,15세,11,1,0,1219,1
4325,액션,1,3,132.5,114,15세,12,1,0,1585,2
4326,드라마,1,4,4.7,147,12세,9,0,1,2045,2
4327,코미디,2,4,240.0,131,청불,3,1,0,2360,1
4328,드라마,2,1,123.6,120,15세,6,0,0,2484,3
4329,코미디,3,4,88.9,169,12세,3,0,0,350,0
4330,코미디,5,1,135.7,172,15세,3,0,1,297,0
4331,로맨스,4,1,297.5,140,전체관람가,6,0,0,1540,3
4332,호러,2,3,197.1,146,전체관람가,12,1,0,807,2
4333,코미디,2,2,275.5,146,15세,10,0,0,1354,2
4334,코미디,4,3,262.5,100,12세,1,0,0,1724,1
4335,스릴러,2,3,81.7,168,12세,12,0,1,1209,1
4336,스릴러,5,1,34.8,102,15세,4,1,0,463,0
4337,SF,1,3,260.6,169,15세,8,0,0,2097,1
4338,호러,1,1,191.6,148,12세,4,0,0,2364,3
4339,호러,4,5,194.3,167,전체관람가,11,0,0,2077,1
4340,SF,4,2,135.3,145,15세,9,0,0,633,0
4341,코미디,5,4,22.1,156,15세,3,1,0,321,0
4342,호러,4,5,211.0,127,청불,4,0,1,1774,0
4343,로맨스,4,5,216.4,133,15세,6,0,0,210,0
4344,호러,3,4,258.6,128,15세,12,1,0,541,1
4345,로맨스,3,3,192.6,155,청불,9,0,0,1961,0
4346,코미디,3,2,46.4,133,12세,10,0,1,1054,1
4347,애니메이션,4,5,14.3,163,15세,9,0,0,1373,0
4348,SF,4,2,183.4,135,12세,9,0,0,2450,3
4349,액션,1,4,263.9,120,15세,10,1,0,2153,3
4350,스릴러,2,5,45.0,175,전체관람가,8,1,1,364,1
4351,액션,1,5,5.3,120,12세,5,0,0,2429,0
4352,호러,3,3,297.9,106,15세,11,0,1,290,0
4353,스릴러,1,4,23.2,141,12세,3,0,1,1692,0
4354,드라마,5,2,73.6,132,전체관람가,4,0,0,2231,1
4355,스릴러,3,5,235.0,96,청불,8,0,0,1602,0
4356,애니메이션,2,4,53.1,97,15세,12,0,1,1562,2
4357,호러,2,1,130.3,95,12세,4,0,0,830,2
4358,애니메이션,3,2,187.9,155,12세,1,0,0,986,3
4359,스릴러,4,1,42.6,126,청불,7,0,0,584,0
4360,로맨스,4,2,163.0,130,15세,7,0,0,1116,0
4361,애니메이션,3,3,171.8,172,전체관람가,1,0,1,931,1
4362,로맨스,4,2,166.8,87,청불,2,0,0,321,0
4363,애니메이션,2,1,29.5,99,15세,1,0,1,907,1
4364,스릴러,2,5,283.9,89,12세,3,0,0,393,1
4365,드라마,1,1,147.3,81,15세,5,0,0,2199,3
4366,드라마,2,1,30.1,83,15세,10,1,1,806,1
4367,호러,4,4,95.2,125,15세,3,1,1,990,0
4368,코미디,3,3,287.7,172,12세,7,1,0,914,2
4369,SF,3,1,226.5,145,15세,10,1,1,108,0
4370,애니메이션,4,4,281.7,145,12세,6,0,1,701,0
4371,드라마,3,4,142.1,124,12세,5,0,0,860,0
4372,로맨스,2,4,32.2,117,15세,7,1,0,738,0
4373,코미디,1,1,280.0,163,12세,6,0,0,276,1
4374,드라마,4,2,130.1,91,전체관람가,4,0,0,449,1
4375,스릴러,3,3,233.2,155,15세,11,0,1,560,0
4376,SF,3,5,92.3,174,전체관람가,9,1,0,1927,2
4377,스릴러,1,3,115.8,109,15세,11,0,0,1612,1
4378,호러,2,5,4.3,138,15세,3,0,0,2368,0
4379,로맨스,2,1,285.4,143,12세,5,0,0,447,0
4380,로맨스,5,3,78.8,165,15세,9,0,0,842,0
4381,로맨스,4,5,113.0,179,전체관람가,10,0,1,1639,0
4382,드라마,5,3,216.6,117,12세,2,1,1,1864,3
4383,로맨스,3,4,76.7,118,12세,8,0,0,641,1
4384,로맨스,5,2,31.0,118,12세,5,0,0,1017,0
4385,액션,5,3,19.5,85,전체관람가,5,1,0,1949,2
4386,드라마,1,4,256.1,173,15세,5,0,0,1015,0
4387,스릴러,5,4,92.3,157,15세,11,0,0,1834,0
4388,로맨스,3,1,227.4,135,15세,7,0,0,357,2
4389,호러,3,1,260.2,138,15세,3,0,0,348,1
4390,로맨스,4,2,189.9,113,청불,11,1,0,1425,2
4391,스릴러,2,3,167.0,108,청불,3,0,0,2344,1
4392,애니메이션,4,1,268.5,125,12세,10,0,0,1509,1
4393,코미디,4,3,253.3,131,청불,1,0,1,375,0
4394,코미디,2,2,26.7,115,12세,9,0,1,1737,1
4395,로맨스,4,4,52.6,137,청불,10,0,0,820,0
4396,드라마,1,4,154.3,151,12세,5,0,0,593,0
4397,드라마,2,4,78.8,109,15세,9,0,0,118,1
4398,호러,2,5,71.5,111,12세,10,1,0,2485,0
4399,스릴러,2,4,31.2,148,12세,11,0,0,1891,0
4400,애니메이션,1,5,40.3,169,12세,10,0,0,818,0
4401,애니메이션,4,3,176.6,172,12세,8,0,0,668,0
4402,스릴러,3,4,242.0,100,12세,3,0,0,2038,1
4403,로맨스,2,2,13.8,172,15세,7,1,1,588,0
4404,SF,2,1,111.6,117,12세,12,0,0,2238,3
4405,코미디,4,1,159.7,170,12세,3,0,0,461,0
4406,애니메이션,4,2,185.8,167,전체관람가,3,0,0,572,0
4407,코미디,2,5,274.8,175,15세,5,1,0,1910,2
4408,호러,2,1,61.5,140,전체관람가,4,1,1,1149,1
4409,스릴러,2,2,120.5,86,15세,12,0,1,214,0
4410,액션,5,2,238.6,97,15세,4,0,0,2373,2
4411,코미디,4,4,272.6,174,청불,1,0,1,651,0
4412,호러,4,1,172.2,133,15세,2,0,1,1306,1
4413,액션,2,5,227.4,130,15세,9,1,1,2456,2
4414,호러,1,5,67.9,161,15세,1,1,1,408,0
4415,SF,4,1,144.1,94,12세,4,1,1,491,2
4416,코미디,5,3,294.5,170,12세,10,0,1,1471,1
4417,로맨스,3,4,30.0,126,15세,6,0,0,2359,1
4418,로맨스,1,5,44.9,112,15세,7,0,1,126,0
4419,코미디,1,3,60.8,167,12세,5,0,1,1398,1
4420,호러,2,2,87.3,140,전체관람가,10,0,1,1026,0
4421,드라마,3,2,180.7,105,15세,1,0,0,2110,0
4422,드라마,3,4,90.5,98,15세,10,0,1,2311,0
4423,드라마,3,4,196.4,94,12세,10,0,0,1320,1
4424,SF,3,3,5.1,161,15세,4,0,1,1793,0
4425,호러,1,5,50.5,155,15세,2,0,0,1002,1
4426,스릴러,2,1,105.3,172,청불,9,0,0,2375,2
4427,액션,4,2,60.6,118,12세,5,0,1,739,0
4428,드라마,4,4,174.9,140,청불,6,0,0,2088,2
4429,SF,3,1,209.3,168,전체관람가,1,0,0,1795,3
4430,코미디,2,3,235.1,120,15세,1,0,0,1470,2
4431,스릴러,4,2,9.4,120,전체관람가,12,0,0,981,0
4432,코미디,5,1,141.5,123,12세,6,0,1,1325,1
4433,드라마,4,4,183.0,175,12세,9,0,0,312,0
4434,액션,3,5,126.4,110,12세,7,0,1,1722,2
4435,호러,5,2,7.9,100,15세,6,1,0,1718,0
4436,로맨스,5,2,84.8,118,15세,9,0,0,1423,0
4437,드라마,3,3,164.3,137,12세,3,0,0,506,0
4438,스릴러,5,2,66.6,173,15세,11,0,0,1710,0
4439,호러,3,5,102.3,175,전체관람가,7,1,0,882,0
4440,애니메이션,3,5,33.7,160,전체관람가,5,0,1,1174,0
4441,SF,2,3,263.1,107,청불,9,0,0,712,1
4442,호러,3,2,101.4,133,15세,10,0,0,953,0
4443,SF,1,5,23.4,117,12세,3,1,1,858,1
4444,코미디,4,1,243.3,166,15세,11,0,0,2307,1
4445,스릴러,2,1,35.8,125,15세,2,0,0,2111,2
4446,애니메이션,5,4,151.9,159,15세,7,0,0,1620,1
4447,애니메이션,4,3,225.6,174,청불,6,0,0,716,0
4448,애니메이션,5,1,153.2,119,12세,6,0,0,766,1
4449,애니메이션,2,5,245.4,170,15세,8,0,1,1108,1
4450,SF,5,1,124.3,81,12세,6,0,1,187,0
4451,애니메이션,1,4,164.4,173,12세,9,0,0,2015,2
4452,로맨스,5,4,92.4,155,15세,3,0,0,1079,0
4453,애니메이션,4,1,209.4,166,15세,3,0,0,224,0
4454,액션,1,1,191.4,174,15세,5,0,0,2244,2
4455,액션,3,2,287.7,84,청불,7,0,0,2232,2
4456,드라마,5,1,227.3,153,전체관람가,1,0,0,175,0
4457,애니메이션,3,3,144.7,128,청불,10,1,0,103,0
4458,호러,2,4,32.6,98,12세,10,1,0,1946,2
4459,로맨스,3,2,197.9,87,전체관람가,3,0,1,1053,0
4460,SF,3,3,255.2,91,12세,1,0,0,1220,1
4461,호러,5,2,115.1,169,청불,10,1,1,1292,0
4462,SF,1,5,207.7,169,12세,6,0,1,1053,1
4463,드라마,1,2,88.6,145,12세,7,0,0,1564,3
4464,로맨스,5,2,55.3,141,12세,2,0,0,1829,2
4465,액션,5,2,233.7,111,12세,6,0,0,595,0
4466,호러,3,4,236.8,163,12세,4,0,0,1886,0
4467,드라마,1,2,180.8,126,15세,5,1,0,630,2
4468,액션,4,4,213.6,94,12세,2,0,0,1096,1
4469,애니메이션,2,3,55.5,94,15세,9,0,1,1835,1
4470,액션,4,3,234.0,142,15세,12,1,0,1403,2
4471,액션,3,2,259.8,100,15세,9,0,0,2175,2
4472,로맨스,5,4,192.5,127,12세,6,0,1,2378,1
4473,코미디,1,1,45.7,176,전체관람가,10,0,0,1079,1
4474,액션,1,2,197.6,149,청불,10,0,0,769,2
4475,호러,1,1,284.5,102,15세,2,0,1,2337,3
4476,드라마,5,1,276.3,127,청불,9,0,0,445,0
4477,드라마,4,3,107.8,179,청불,12,0,1,919,0
4478,액션,4,1,248.0,144,15세,1,0,0,1327,1
4479,드라마,5,5,90.2,162,12세,8,0,1,236,0
4480,호러,3,5,127.9,138,전체관람가,5,0,1,1819,0
4481,SF,3,1,56.1,148,15세,6,0,0,771,1
4482,애니메이션,3,2,118.3,101,전체관람가,9,0,0,641,1
4483,로맨스,5,3,72.5,98,12세,5,0,1,624,0
4484,로맨스,2,5,56.5,100,15세,6,0,0,2221,1
4485,스릴러,2,4,144.1,101,15세,10,0,1,1794,1
4486,액션,2,4,54.6,105,전체관람가,2,0,0,1694,2
4487,코미디,3,4,107.7,150,12세,9,1,0,428,1
4488,드라마,1,1,41.3,120,15세,12,0,1,2473,3
4489,드라마,1,4,150.3,165,15세,1,0,1,555,0
4490,스릴러,2,3,167.6,145,15세,1,0,0,1913,2
4491,코미디,1,1,202.2,137,청불,2,1,1,2154,3
4492,호러,4,2,11.1,96,12세,3,1,0,411,0
4493,드라마,5,3,114.3,144,12세,9,0,0,650,0
4494,코미디,3,2,114.1,132,청불,5,0,0,1298,1
4495,호러,3,2,181.2,152,청불,4,1,1,2005,2
4496,코미디,4,5,112.7,83,12세,2,0,0,459,0
4497,드라마,2,1,215.9,170,전체관람가,8,0,1,541,1
4498,로맨스,1,2,281.7,82,청불,11,0,0,1004,0
4499,액션,1,5,249.2,130,청불,12,0,1,2156,2
4500,스릴러,2,2,221.4,81,12세,1,1,0,524,1
4501,코미디,2,2,17.7,95,12세,3,0,0,1568,0
4502,액션,2,3,169.2,123,15세,10,1,1,270,2
4503,SF,3,2,72.1,127,12세,11,0,0,2346,2
4504,스릴러,3,4,179.8,133,청불,2,1,0,945,1
4505,SF,5,5,69.4,154,12세,7,0,0,1659,0
4506,호러,3,4,226.6,144,청불,4,0,0,1554,0
4507,SF,2,5,211.0,118,전체관람가,4,0,1,778,1
4508,코미디,1,1,58.6,171,전체관람가,1,0,0,1198,3
4509,로맨스,4,2,195.0,141,청불,11,1,1,2465,1
4510,코미디,2,4,125.4,146,12세,3,0,0,351,0
4511,코미디,1,3,238.3,176,12세,9,0,1,2445,3
4512,드라마,2,5,260.2,114,15세,7,0,1,156,0
4513,애니메이션,1,1,34.3,81,15세,3,0,0,541,1
4514,코미디,3,3,112.8,125,12세,9,0,0,1661,0
4515,드라마,5,2,100.7,173,15세,9,1,0,951,0
4516,호러,1,3,62.5,165,12세,7,1,1,187,2
4517,호러,1,2,4.1,152,청불,11,0,1,792,0
4518,액션,2,2,181.8,99,15세,1,0,0,1128,2
4519,애니메이션,1,1,126.0,128,15세,7,0,1,2375,3
4520,스릴러,4,1,202.3,148,15세,1,0,0,1537,2
4521,애니메이션,1,1,132.9,121,12세,12,0,0,1413,3
4522,애니메이션,1,4,104.0,106,청불,7,0,1,205,0
4523,스릴러,2,1,220.2,160,청불,5,0,0,657,0
4524,스릴러,3,3,221.2,146,15세,3,0,0,1347,1
4525,액션,4,5,263.7,171,12세,11,0,0,1862,1
4526,애니메이션,3,2,68.4,103,12세,1,0,1,264,1
4527,애니메이션,2,3,95.2,128,전체관람가,9,1,0,1656,1
4528,스릴러,5,2,278.6,147,15세,3,1,0,1725,1
4529,로맨스,3,5,285.4,143,12세,2,0,0,1045,0
4530,액션,4,1,121.5,115,12세,2,1,0,1137,2
4531,SF,1,2,29.8,131,청불,7,0,1,1491,2
4532,액션,4,3,124.6,96,청불,12,0,0,1391,0
4533,스릴러,4,4,9.3,121,전체관람가,1,0,0,667,0
4534,드라마,5,5,152.9,127,전체관람가,12,0,0,754,1
4535,애니메이션,5,2,136.5,98,12세,7,0,1,259,0
4536,드라마,4,1,299.7,160,청불,5,0,0,1709,1
4537,호러,4,4,221.2,98,15세,7,0,0,752,0
4538,SF,3,5,129.9,174,15세,6,0,1,1174,0
4539,스릴러,2,2,137.0,82,12세,4,0,1,1506,1
4540,애니메이션,5,4,218.7,158,12세,5,1,0,1765,2
4541,액션,3,5,127.6,134,15세,5,1,1,1570,0
4542,코미디,4,1,242.1,93,15세,8,0,0,1497,3
4543,코미디,4,5,49.5,171,청불,6,0,0,2099,0
4544,SF,4,2,210.0,164,12세,6,0,0,830,0
4545,코미디,1,2,4.2,168,12세,9,0,0,406,0
4546,애니메이션,5,1,274.2,171,전체관람가,6,0,0,1192,1
4547,로맨스,5,4,183.0,179,청불,2,0,0,216,0
4548,코미디,2,3,44.2,108,15세,7,0,1,2485,2
4549,스릴러,1,4,267.4,145,전체관람가,4,0,0,570,1
4550,애니메이션,4,1,247.9,139,전체관람가,8,0,1,802,1
4551,호러,3,4,1.7,143,15세,8,0,1,356,0
4552,호러,4,2,149.7,95,15세,2,1,0,1738,2
4553,SF,3,3,67.9,133,12세,1,0,1,772,1
4554,SF,3,2,30.1,94,15세,11,1,1,1013,0
4555,드라마,3,5,195.5,149,전체관람가,2,0,0,976,0
4556,코미디,1,5,70.8,131,12세,6,0,1,989,0
4557,SF,4,2,141.9,164,15세,8,1,0,408,1
4558,애니메이션,5,5,259.7,97,청불,7,1,0,2471,3
4559,SF,3,5,14.4,104,15세,10,0,1,747,1
4560,드라마,3,1,99.2,157,12세,8,1,0,2286,3
4561,드라마,5,4,103.7,92,청불,7,0,0,1669,1
4562,액션,3,2,101.4,144,청불,2,0,1,2318,2
4563,SF,3,2,134.5,110,12세,4,0,1,1338,2
4564,SF,4,2,14.4,100,15세,5,0,1,597,0
4565,애니메이션,5,3,29.1,137,청불,9,0,0,884,0
4566,로맨스,2,5,34.2,154,전체관람가,5,1,1,451,0
4567,SF,2,3,75.8,145,15세,2,0,0,1023,2
4568,로맨스,5,2,65.0,152,12세,5,0,0,1070,0
4569,로맨스,3,2,270.1,155,15세,5,0,1,133,0
4570,SF,1,2,117.3,87,15세,12,1,0,2383,3
4571,액션,1,3,110.7,119,15세,8,0,0,1739,2
4572,SF,1,2,286.3,135,청불,9,1,0,2241,3
4573,애니메이션,1,4,196.8,80,청불,1,1,0,1550,1
4574,호러,4,3,99.7,162,청불,8,0,0,156,0
4575,호러,5,4,105.2,141,15세,1,0,0,1356,0
4576,액션,4,3,268.2,155,12세,5,0,1,1416,2
4577,SF,4,4,142.9,164,전체관람가,5,0,0,685,0
4578,호러,4,4,96.6,178,전체관람가,11,1,1,1968,1
4579,액션,1,2,30.0,145,15세,8,0,0,1605,2
4580,드라마,2,5,208.8,105,청불,1,0,0,981,0
4581,드라마,5,2,54.2,166,15세,1,1,0,2187,1
4582,호러,2,5,20.0,108,15세,7,1,0,740,0
4583,코미디,1,3,177.5,168,15세,5,0,0,688,0
4584,호러,2,2,216.3,176,15세,8,0,0,1102,1
4585,드라마,1,2,83.5,82,청불,4,0,1,2447,1
4586,드라마,5,5,213.0,167,12세,5,1,1,302,0
4587,SF,3,4,279.3,137,15세,10,0,0,604,0
4588,드라마,5,2,158.4,137,15세,5,0,1,2078,2
4589,애니메이션,4,2,265.8,140,12세,10,1,1,2262,2
4590,SF,1,1,78.3,91,15세,11,0,0,1799,2
4591,호러,1,4,282.5,97,15세,2,0,0,1175,2
4592,스릴러,1,3,243.2,169,15세,6,1,1,245,1
4593,호러,5,5,113.9,92,15세,6,0,1,1428,0
4594,호러,2,2,106.6,149,12세,2,0,1,1072,1
4595,액션,4,4,250.3,160,15세,12,1,0,1908,3
4596,로맨스,4,3,268.2,151,15세,5,0,0,122,0
4597,애니메이션,5,1,204.5,138,15세,9,0,1,1823,1
4598,SF,2,1,24.0,135,15세,8,0,0,1618,1
4599,스릴러,4,2,13.0,123,청불,10,0,0,588,0
4600,드라마,2,1,290.0,101,15세,12,0,0,1496,2
4601,액션,4,1,298.7,99,12세,3,1,0,2328,3
4602,SF,5,4,179.4,131,15세,8,1,0,1660,1
4603,호러,2,4,195.6,94,12세,5,0,1,2190,0
4604,호러,3,5,190.4,115,12세,4,1,0,877,1
4605,액션,4,2,41.1,164,12세,3,0,0,1662,0
4606,코미디,5,2,299.7,173,15세,8,0,1,2072,2
4607,애니메이션,1,1,3.3,157,12세,10,0,1,481,1
4608,코미디,3,5,145.8,144,전체관람가,4,0,0,317,0
4609,코미디,5,5,35.1,173,청불,2,0,0,2142,0
4610,액션,2,5,106.7,118,12세,3,0,1,2082,2
4611,드라마,2,1,287.4,127,15세,6,0,0,1874,2
4612,드라마,5,4,218.3,157,12세,12,0,0,537,0
4613,로맨스,5,5,146.4,166,15세,4,1,0,1252,0
4614,드라마,3,5,139.9,153,청불,3,0,1,537,0
4615,스릴러,3,3,71.8,130,전체관람가,4,0,1,1448,0
4616,스릴러,1,2,52.8,119,15세,2,0,0,1836,2
4617,스릴러,2,4,142.7,88,전체관람가,3,1,1,486,1
4618,호러,2,4,283.0,127,12세,12,0,1,1732,1
4619,로맨스,4,1,74.2,86,15세,8,0,0,509,0
4620,액션,4,5,169.2,93,청불,12,0,1,963,0
4621,스릴러,5,4,298.2,107,15세,11,1,1,1579,1
4622,로맨스,4,3,278.4,140,15세,3,0,1,295,0
4623,SF,3,5,296.0,109,전체관람가,11,0,0,903,0
4624,코미디,1,2,196.8,127,15세,3,0,1,1700,2
4625,액션,1,5,279.8,121,12세,4,0,1,677,2
4626,액션,5,2,204.5,88,15세,9,0,0,768,0
4627,드라마,4,2,143.6,145,15세,12,0,1,2368,1
4628,애니메이션,2,4,102.9,168,12세,12,0,0,1500,2
4629,SF,3,1,116.1,143,15세,1,0,0,1300,1
4630,스릴러,4,5,3.3,146,15세,6,0,0,1249,0
4631,호러,1,1,34.0,167,청불,10,1,1,1341,1
4632,호러,1,1,58.2,117,12세,12,0,1,2488,3
4633,애니메이션,2,2,112.6,155,15세,8,0,0,1757,1
4634,로맨스,5,2,13.9,177,15세,7,1,0,2341,0
4635,호러,2,3,213.6,116,전체관람가,5,0,0,2079,1
4636,SF,3,5,217.5,101,12세,3,0,0,1309,0
4637,드라마,3,5,178.8,119,청불,7,0,0,1609,0
4638,스릴러,2,2,276.9,172,15세,2,1,1,797,2
4639,SF,2,1,196.1,131,12세,3,0,0,1240,3
4640,호러,5,4,151.0,113,12세,10,0,0,2059,0
4641,액션,1,5,257.1,106,청불,6,1,0,2117,3
4642,액션,3,5,267.6,89,12세,9,0,0,2354,2
4643,SF,1,1,232.4,99,15세,6,0,0,750,2
4644,로맨스,5,1,12.0,104,청불,10,0,0,1803,0
4645,애니메이션,2,4,228.9,136,청불,7,0,0,1714,2
4646,드라마,5,2,87.8,148,12세,2,0,0,616,0
4647,애니메이션,1,3,208.5,115,12세,9,1,1,1763,1
4648,스릴러,3,2,10.8,149,15세,6,0,0,1036,0
4649,호러,4,3,1.5,105,전체관람가,11,0,0,1276,0
4650,액션,3,4,165.5,109,12세,9,1,0,1177,1
4651,코미디,4,4,164.6,159,15세,11,0,0,1870,1
4652,드라마,1,2,192.4,128,12세,2,0,0,1472,3
4653,코미디,1,3,284.4,101,전체관람가,12,0,0,339,2
4654,SF,4,2,281.7,105,12세,6,1,1,2318,2
4655,액션,3,3,279.1,180,전체관람가,2,0,0,1004,1
4656,코미디,5,4,73.2,107,15세,11,0,1,1273,0
4657,애니메이션,2,5,1.3,170,15세,4,0,0,1723,0
4658,애니메이션,1,4,104.2,127,12세,12,0,1,513,0
4659,드라마,5,2,74.9,155,15세,8,0,1,142,0
4660,SF,4,4,250.2,145,청불,12,1,0,1105,2
4661,액션,5,4,207.3,172,15세,4,0,0,2432,2
4662,드라마,5,1,219.1,108,12세,11,0,0,2402,3
4663,드라마,2,2,149.4,180,12세,1,0,1,218,0
4664,호러,4,4,163.1,132,청불,3,0,1,1461,0
4665,액션,1,2,14.1,94,전체관람가,1,0,1,1094,1
4666,코미디,2,3,48.1,87,청불,5,0,1,967,0
4667,호러,2,4,25.4,154,15세,9,0,1,760,0
4668,드라마,1,2,92.2,150,12세,4,0,1,485,3
4669,코미디,4,4,166.2,109,12세,4,0,0,1045,0
4670,코미디,5,5,46.2,112,12세,2,0,0,2493,1
4671,로맨스,2,3,33.5,159,청불,5,0,1,2133,0
4672,애니메이션,3,2,35.6,162,15세,9,0,1,1313,2
4673,스릴러,2,2,267.8,99,12세,3,1,0,2067,3
4674,액션,4,3,192.1,92,15세,5,0,1,1384,1
4675,애니메이션,2,2,31.3,145,12세,10,0,1,100,0
4676,액션,3,5,64.0,153,15세,4,0,0,2028,1
4677,SF,4,2,219.2,120,15세,12,0,0,769,1
4678,드라마,5,2,97.4,147,15세,6,0,0,119,0
4679,애니메이션,1,4,170.3,143,15세,2,0,0,1213,1
4680,액션,1,5,122.8,140,15세,2,0,1,905,1
4681,스릴러,2,1,106.0,173,12세,5,0,0,591,1
4682,드라마,4,3,162.7,148,12세,1,0,1,1726,1
4683,호러,2,5,40.4,115,15세,1,1,0,1698,2
4684,로맨스,2,3,257.3,90,15세,8,1,0,509,3
4685,SF,4,5,2.3,170,15세,10,0,1,1904,0
4686,애니메이션,2,4,241.0,102,12세,2,0,0,914,2
4687,SF,3,3,39.8,132,15세,3,0,0,1940,1
4688,호러,3,1,206.0,146,12세,11,0,0,866,2
4689,로맨스,4,1,164.4,152,전체관람가,3,0,0,757,1
4690,SF,5,4,212.3,171,12세,7,0,0,150,0
4691,코미디,5,2,228.6,93,15세,6,0,0,1520,0
4692,SF,2,3,61.8,123,12세,10,0,0,233,0
4693,로맨스,1,3,282.9,130,전체관람가,6,1,1,618,1
4694,스릴러,3,4,162.3,115,15세,12,0,0,2410,2
4695,호러,4,4,80.3,85,12세,11,0,0,1123,0
4696,드라마,3,4,179.6,180,전체관람가,11,0,1,1625,0
4697,스릴러,5,1,217.6,178,청불,6,0,1,1116,0
4698,액션,1,5,6.9,159,12세,9,0,0,2377,1
4699,애니메이션,1,3,1.2,93,청불,3,0,0,2049,0
4700,호러,3,2,178.6,139,15세,1,0,1,1273,0
4701,드라마,1,5,194.6,179,12세,8,0,0,1102,2
4702,로맨스,2,4,190.5,148,15세,12,0,0,239,0
4703,액션,5,2,292.1,121,12세,3,0,0,388,0
4704,SF,4,2,198.6,138,15세,6,0,1,1361,1
4705,드라마,4,4,195.1,163,15세,5,0,0,650,0
4706,로맨스,5,3,129.3,180,12세,12,0,0,2063,1
4707,로맨스,3,1,244.8,155,15세,1,0,0,299,1
4708,로맨스,2,4,238.7,128,15세,7,1,1,1940,1
4709,애니메이션,5,1,54.8,143,전체관람가,1,0,1,286,0
4710,액션,3,5,63.4,177,청불,8,0,1,818,0
4711,애니메이션,5,5,299.3,93,15세,3,1,0,1172,0
4712,액션,3,3,235.7,144,12세,12,0,0,279,1
4713,코미디,1,5,286.6,150,15세,9,0,1,1704,2
4714,SF,5,2,6.8,98,15세,11,0,0,791,0
4715,애니메이션,2,5,27.5,94,청불,11,0,0,608,0
4716,액션,3,4,268.0,90,12세,11,0,0,1838,2
4717,SF,4,2,147.2,180,12세,1,0,0,284,0
4718,애니메이션,3,2,144.9,118,15세,2,1,0,488,2
4719,스릴러,4,5,173.1,175,12세,7,0,0,1205,0
4720,코미디,2,2,148.2,133,15세,11,1,1,831,1
4721,드라마,3,1,103.1,109,15세,4,1,0,1144,0
4722,애니메이션,5,4,278.2,94,15세,1,1,0,360,1
4723,로맨스,3,5,65.1,141,12세,8,0,1,662,0
4724,애니메이션,5,4,118.8,135,청불,8,0,0,462,0
4725,로맨스,4,5,35.3,154,12세,8,0,1,1138,1
4726,로맨스,3,2,173.8,88,15세,3,0,1,2007,2
4727,스릴러,2,1,188.6,111,15세,7,1,0,1510,2
4728,코미디,3,5,66.8,131,12세,7,0,0,1583,0
4729,스릴러,5,3,214.7,84,전체관람가,7,0,1,1861,2
4730,애니메이션,5,1,1.8,138,15세,4,0,0,1189,0
4731,SF,2,5,94.4,100,전체관람가,5,0,1,313,0
4732,코미디,1,5,75.1,166,12세,1,0,0,1104,2
4733,애니메이션,3,3,215.8,80,15세,6,0,0,2171,0
4734,호러,3,2,101.3,134,12세,8,0,1,680,0
4735,SF,4,1,118.4,157,12세,1,1,0,228,0
4736,액션,2,5,12.2,166,청불,10,1,1,159,0
4737,코미디,3,1,242.2,93,청불,9,0,0,1738,1
4738,액션,1,1,163.9,133,전체관람가,11,0,1,1845,3
4739,애니메이션,1,3,85.5,92,15세,12,1,0,269,1
4740,애니메이션,1,2,39.9,172,12세,2,1,1,993,2
4741,스릴러,5,2,164.5,95,12세,12,0,0,1533,2
4742,SF,4,3,171.8,93,15세,6,0,0,1951,2
4743,호러,3,3,299.8,143,12세,2,1,1,1650,1
4744,호러,4,3,169.2,138,전체관람가,3,0,0,373,0
4745,스릴러,4,3,250.1,178,전체관람가,5,0,1,216,0
4746,애니메이션,3,5,221.4,87,청불,5,0,0,675,0
4747,로맨스,2,1,273.8,110,12세,6,1,0,2122,2
4748,SF,3,1,248.8,90,15세,11,1,0,661,1
4749,SF,1,1,236.2,163,12세,8,0,1,784,2
4750,코미디,1,5,235.0,130,전체관람가,1,0,0,799,0
4751,로맨스,1,3,176.9,128,12세,2,0,1,702,1
4752,코미디,5,5,135.4,104,15세,2,0,0,374,0
4753,호러,3,2,286.6,115,12세,10,0,1,1264,1
4754,코미디,3,2,208.6,87,12세,6,0,1,1346,2
4755,액션,2,4,166.2,120,12세,8,0,0,463,0
4756,애니메이션,3,3,236.6,120,전체관람가,6,0,1,1968,3
4757,SF,5,1,201.2,102,15세,12,0,0,1868,3
4758,코미디,4,5,1.9,153,12세,1,1,1,2084,0
4759,드라마,5,2,118.3,118,12세,10,1,0,1408,0
4760,애니메이션,3,5,130.9,177,12세,1,0,0,1166,0
4761,호러,2,5,155.1,169,15세,8,0,1,2296,2
4762,애니메이션,2,4,150.7,90,15세,2,0,0,269,0
4763,애니메이션,4,3,150.9,119,15세,5,0,0,2481,2
4764,코미디,3,2,164.3,153,15세,5,0,0,1339,0
4765,애니메이션,4,3,279.5,141,전체관람가,4,1,1,417,0
4766,로맨스,3,1,208.5,87,15세,4,0,1,1232,0
4767,스릴러,2,5,221.6,127,15세,2,0,0,959,1
4768,스릴러,1,2,21.8,163,전체관람가,6,0,1,944,2
4769,스릴러,5,1,129.0,110,15세,12,0,1,1331,0
4770,호러,2,4,271.6,111,청불,3,0,1,1161,0
4771,애니메이션,2,2,266.9,116,전체관람가,8,0,0,170,2
4772,액션,1,5,22.1,157,15세,3,0,0,1099,0
4773,코미디,4,1,188.6,166,15세,5,0,0,868,1
4774,코미디,3,3,93.3,110,15세,5,0,0,1859,2
4775,액션,4,4,43.1,164,15세,7,1,0,1734,1
4776,SF,5,5,200.6,84,15세,1,0,1,304,0
4777,액션,2,4,199.2,121,15세,8,0,1,1101,1
4778,코미디,3,5,16.5,166,15세,9,0,1,956,0
4779,로맨스,3,4,51.1,153,전체관람가,7,0,0,1352,0
4780,애니메이션,1,3,142.3,162,청불,6,0,0,731,1
4781,호러,4,3,176.5,98,15세,11,0,0,448,0
4782,로맨스,4,3,40.4,167,12세,4,1,1,2229,2
4783,액션,1,1,84.5,90,12세,6,0,0,2137,3
4784,드라마,1,1,66.9,137,청불,5,0,1,414,0
4785,SF,2,4,256.8,130,15세,2,0,1,2061,1
4786,SF,3,4,163.3,155,15세,7,1,0,2443,2
4787,드라마,5,1,91.5,145,청불,9,1,0,290,0
4788,코미디,5,3,248.0,98,15세,8,0,1,396,0
4789,코미디,2,1,162.9,172,15세,11,0,0,1634,2
4790,액션,2,2,21.1,133,15세,5,0,1,2377,2
4791,드라마,2,1,49.4,135,12세,9,0,0,190,0
4792,로맨스,4,3,124.7,178,12세,12,0,1,251,0
4793,드라마,2,3,175.2,93,12세,1,0,0,2217,3
4794,애니메이션,1,5,241.6,144,15세,6,0,1,2368,3
4795,액션,5,1,237.0,118,전체관람가,1,0,1,1802,2
4796,스릴러,1,2,47.5,99,15세,2,0,0,411,0
4797,스릴러,3,1,94.7,107,전체관람가,9,0,1,1800,2
4798,로맨스,2,4,292.1,88,전체관람가,4,1,0,1252,1
4799,로맨스,1,4,18.9,157,12세,3,1,0,1459,1
4800,애니메이션,5,3,232.7,139,15세,6,0,1,1184,0
4801,애니메이션,1,3,135.5,152,15세,9,0,0,353,1
4802,로맨스,5,1,65.0,139,15세,3,0,0,1541,0
4803,코미디,3,5,269.3,107,15세,4,0,1,1034,0
4804,스릴러,3,1,231.2,115,12세,11,0,0,1682,2
4805,SF,4,3,51.9,92,15세,2,0,0,1280,1
4806,호러,3,2,92.2,94,12세,5,1,0,1152,0
4807,로맨스,5,4,199.2,89,청불,9,0,1,1916,0
4808,스릴러,4,2,287.7,85,12세,2,0,0,1412,2
4809,코미디,5,4,58.4,153,15세,2,0,0,904,0
4810,로맨스,3,2,292.8,106,15세,4,1,1,2392,2
4811,SF,2,5,227.8,119,12세,7,0,0,1808,1
4812,호러,1,5,93.4,116,15세,3,0,0,324,0
4813,애니메이션,4,5,268.4,98,12세,1,0,1,2171,2
4814,코미디,5,4,210.6,118,청불,1,1,0,823,0
4815,스릴러,5,5,207.1,173,12세,6,0,0,1343,0
4816,드라마,3,5,261.2,102,15세,11,0,1,2218,1
4817,액션,3,5,83.1,165,청불,10,0,0,164,0
4818,호러,3,1,75.5,173,15세,1,0,0,1804,2
4819,드라마,5,2,162.7,99,15세,11,0,0,1453,0
4820,애니메이션,2,1,5.0,136,15세,10,0,0,2384,0
4821,드라마,2,5,142.2,177,15세,11,0,0,1747,1
4822,로맨스,3,1,220.5,113,청불,2,0,0,426,0
4823,액션,5,3,265.1,102,15세,9,0,0,1241,0
4824,호러,2,2,90.4,84,15세,5,0,0,401,0
4825,SF,5,1,236.6,149,청불,1,0,1,619,0
4826,스릴러,4,2,284.2,85,청불,5,0,0,220,1
4827,애니메이션,4,2,11.7,112,15세,2,0,0,2225,1
4828,드라마,2,3,43.9,133,12세,3,0,1,1311,1
4829,애니메이션,5,4,149.6,102,12세,6,0,0,2031,2
4830,액션,4,5,9.6,114,청불,10,1,1,2302,0
4831,드라마,5,3,234.0,132,12세,4,0,1,2012,3
4832,코미디,2,3,237.9,89,전체관람가,4,0,0,1026,3
4833,드라마,1,4,15.6,80,12세,5,1,0,1193,2
4834,호러,1,4,157.0,170,전체관람가,11,0,1,464,0
4835,액션,3,1,97.6,123,15세,10,0,0,1157,2
4836,스릴러,5,3,155.7,81,15세,12,0,0,361,0
4837,코미디,4,2,3.5,102,15세,7,0,0,2290,1
4838,애니메이션,2,5,11.4,130,15세,2,0,1,1848,0
4839,코미디,4,4,45.6,83,전체관람가,1,0,1,900,0
4840,코미디,2,5,269.4,150,청불,1,0,0,590,0
4841,코미디,4,5,81.5,82,15세,1,1,1,1988,1
4842,코미디,2,3,172.1,150,전체관람가,11,0,0,522,2
4843,호러,2,5,66.3,95,12세,4,0,1,2472,1
4844,액션,1,3,299.4,146,15세,2,0,1,637,3
4845,로맨스,2,1,185.6,139,청불,11,0,1,1275,2
4846,액션,4,1,54.1,148,12세,6,0,0,2402,3
4847,스릴러,3,4,33.0,140,15세,3,0,0,2067,0
4848,애니메이션,5,2,184.2,147,12세,6,1,0,1012,2
4849,스릴러,5,1,287.9,157,12세,5,0,0,838,0
4850,드라마,1,2,30.9,109,전체관람가,8,0,0,1073,2
4851,SF,1,4,42.0,118,15세,10,0,0,1481,1
4852,호러,4,2,122.7,152,15세,2,0,0,1428,0
4853,드라마,4,2,161.5,110,15세,8,0,1,430,1
4854,로맨스,4,2,56.4,157,전체관람가,9,0,0,982,0
4855,SF,4,5,128.2,84,12세,11,1,1,1206,0
4856,호러,4,1,26.1,113,12세,4,1,1,397,0
4857,스릴러,5,3,215.1,139,15세,5,0,0,328,0
4858,액션,3,3,16.1,94,청불,9,0,1,233,0
4859,드라마,3,3,293.3,166,12세,11,0,0,198,0
4860,코미디,5,2,242.6,161,12세,1,1,0,1982,3
4861,드라마,1,2,127.3,158,15세,2,0,0,357,2
4862,스릴러,1,3,82.9,118,15세,3,0,0,995,1
4863,드라마,2,1,273.3,100,15세,5,0,1,2316,3
4864,스릴러,3,5,223.9,140,12세,12,0,1,1673,2
4865,로맨스,4,3,49.4,154,12세,4,0,0,1990,0
4866,SF,2,3,89.0,142,15세,10,0,1,2170,1
4867,SF,5,1,161.2,103,12세,6,0,0,1467,0
4868,호러,3,4,63.5,82,전체관람가,10,0,0,144,0
4869,호러,3,4,8.2,169,12세,7,0,1,1807,0
4870,드라마,4,2,252.7,90,15세,6,0,0,1641,2
4871,코미디,5,2,279.9,123,15세,4,0,0,1680,1
4872,SF,1,2,16.6,176,청불,3,0,1,428,1
4873,드라마,2,1,144.9,107,15세,11,0,1,2352,2
4874,스릴러,2,4,233.3,80,15세,11,1,1,1491,2
4875,로맨스,5,2,229.5,166,전체관람가,3,0,0,203,0
4876,드라마,3,1,3.7,155,전체관람가,11,0,0,626,0
4877,로맨스,3,1,129.6,180,12세,1,1,0,312,1
4878,로맨스,3,4,169.8,140,청불,11,0,0,2110,2
4879,SF,4,5,284.7,93,12세,7,0,1,1875,2
4880,로맨스,3,1,157.7,153,15세,12,0,0,991,2
4881,애니메이션,3,1,104.4,149,청불,6,0,0,2111,2
4882,로맨스,5,5,215.7,169,15세,9,1,0,310,0
4883,코미디,1,1,256.9,99,전체관람가,10,0,0,669,2
4884,스릴러,3,3,40.3,93,15세,6,0,1,1878,0
4885,호러,4,2,19.6,113,청불,5,0,0,1158,0
4886,SF,1,3,39.5,102,15세,5,1,0,2095,3
4887,코미디,3,2,4.6,96,12세,3,1,0,332,0
4888,SF,3,3,57.9,154,15세,2,0,1,516,0
4889,코미디,2,5,133.6,175,15세,1,1,0,713,2
4890,액션,3,2,22.4,133,15세,5,0,1,1326,1
4891,호러,2,3,150.7,106,15세,9,0,1,276,0
4892,SF,4,3,256.2,156,15세,7,0,1,2431,2
4893,애니메이션,4,4,252.3,131,청불,7,0,0,1587,1
4894,코미디,3,1,153.9,153,15세,8,0,1,1939,2
4895,SF,5,5,133.2,120,청불,12,0,0,422,0
4896,애니메이션,4,2,170.2,100,15세,4,0,1,180,0
4897,애니메이션,2,2,77.7,88,15세,7,0,0,1780,2
4898,액션,5,2,112.7,146,12세,12,0,0,328,0
4899,드라마,4,2,216.2,121,12세,3,0,0,1727,1
4900,SF,3,1,28.5,126,12세,4,0,0,2178,3
4901,드라마,5,2,170.9,93,12세,1,0,0,2213,3
4902,드라마,1,2,50.4,163,15세,6,1,1,1849,1
4903,드라마,3,4,194.5,94,15세,11,0,0,1411,1
4904,애니메이션,2,5,20.5,135,15세,7,0,1,1274,1
4905,코미디,5,1,173.5,101,12세,12,0,0,977,1
4906,로맨스,3,4,260.1,85,전체관람가,3,0,0,1698,1
4907,액션,1,3,145.3,161,15세,3,0,1,415,1
4908,코미디,5,2,59.1,129,15세,5,0,0,1145,0
4909,호러,5,4,252.3,123,12세,2,0,0,480,0
4910,스릴러,5,3,160.9,128,12세,11,1,1,2379,0
4911,스릴러,4,1,59.3,176,12세,10,0,0,381,0
4912,스릴러,3,2,122.3,81,전체관람가,2,1,0,1178,2
4913,로맨스,3,4,242.4,127,12세,5,0,1,1850,2
4914,로맨스,3,3,261.6,129,15세,7,0,0,1259,0
4915,애니메이션,2,1,65.4,95,15세,1,1,0,1363,2
4916,액션,5,1,257.1,165,15세,8,0,0,1851,2
4917,드라마,4,3,214.4,168,12세,9,1,1,1703,1
4918,액션,4,1,264.2,80,12세,6,0,1,994,1
4919,액션,5,2,115.8,176,15세,2,1,0,1839,2
4920,애니메이션,5,4,27.7,179,15세,4,0,1,1671,0
4921,스릴러,5,3,193.0,105,청불,6,0,1,806,0
4922,SF,1,2,211.9,116,청불,8,0,0,589,1
4923,SF,3,5,70.0,141,12세,10,0,0,2316,3
4924,드라마,2,2,296.5,163,전체관람가,8,0,0,1946,3
4925,호러,3,5,10.2,125,15세,2,0,1,1274,0
4926,드라마,2,2,53.1,148,12세,12,1,1,1909,3
4927,액션,1,4,38.2,83,15세,10,0,0,1991,1
4928,애니메이션,3,5,27.8,148,12세,11,0,0,301,0
4929,스릴러,1,5,125.1,161,12세,3,0,0,1119,0
4930,스릴러,2,4,240.5,111,15세,8,0,0,1919,2
4931,드라마,1,5,44.6,146,전체관람가,2,1,0,1311,2
4932,호러,2,1,196.0,108,15세,6,0,1,973,1
4933,호러,1,2,7.5,153,15세,2,1,1,2438,1
4934,로맨스,2,5,41.4,171,청불,3,0,1,2193,0
4935,코미디,4,1,272.8,120,12세,12,0,0,687,2
4936,액션,2,3,266.0,130,15세,2,0,1,921,2
4937,호러,3,4,235.5,150,12세,6,0,0,1389,1
4938,애니메이션,4,2,212.1,137,15세,6,0,0,853,0
4939,SF,3,3,167.9,164,청불,11,1,0,2467,1
4940,드라마,4,5,197.9,85,15세,4,1,0,1399,1
4941,애니메이션,3,4,61.5,98,청불,1,0,0,2401,2
4942,호러,3,3,265.3,114,12세,6,0,0,332,1
4943,드라마,3,2,1.7,168,12세,8,0,1,748,0
4944,애니메이션,2,3,222.5,93,12세,6,0,0,827,1
4945,애니메이션,1,3,93.2,93,15세,10,0,0,748,0
4946,드라마,2,5,193.3,94,15세,1,0,1,685,1
4947,코미디,4,1,157.1,88,15세,8,0,1,783,1
4948,SF,5,5,259.2,151,15세,1,0,0,799,0
4949,애니메이션,5,4,47.0,178,15세,8,0,1,274,0
4950,호러,4,2,287.2,126,15세,9,0,0,475,0
4951,스릴러,2,3,252.8,86,12세,6,0,1,1247,1
4952,호러,2,4,65.0,99,12세,4,0,1,2234,2
4953,애니메이션,3,4,61.4,82,12세,6,0,0,137,0
4954,호러,3,1,287.8,90,15세,8,1,1,2139,2
4955,스릴러,2,2,183.7,171,12세,5,0,0,1717,1
4956,로맨스,2,2,31.7,146,12세,10,0,0,2388,2
4957,액션,3,5,8.0,167,15세,3,0,1,2470,1
4958,로맨스,5,4,231.5,106,전체관람가,9,0,1,2247,0
4959,애니메이션,2,1,254.1,150,청불,3,0,0,1900,1
4960,호러,3,4,160.7,85,15세,2,1,1,1881,2
4961,액션,3,2,272.4,156,12세,7,0,0,761,0
4962,로맨스,1,1,285.5,160,15세,9,0,0,1265,2
4963,로맨스,3,5,255.6,114,15세,7,0,1,1535,1
4964,코미디,3,1,150.1,153,12세,3,0,1,2212,2
4965,로맨스,1,3,140.3,160,12세,7,0,0,1268,2
4966,액션,5,5,285.4,159,전체관람가,6,1,1,2499,1
4967,코미디,2,4,296.0,175,15세,3,0,0,138,0
4968,스릴러,5,1,259.7,101,청불,10,0,0,2096,2
4969,드라마,4,2,21.2,96,15세,4,0,0,1443,0
4970,스릴러,2,2,77.7,147,15세,11,0,0,1630,1
4971,드라마,1,2,291.4,96,청불,12,0,0,360,1
4972,스릴러,3,1,119.6,136,전체관람가,8,0,1,350,0
4973,로맨스,2,5,100.7,130,전체관람가,6,0,0,906,0
4974,코미디,4,5,262.3,87,15세,1,1,0,2446,2
4975,코미디,2,2,184.5,166,15세,12,0,0,1890,1
4976,액션,5,1,285.1,140,12세,6,1,0,1852,3
4977,로맨스,4,4,163.0,80,12세,3,0,1,2010,1
4978,SF,1,5,90.3,87,12세,10,1,1,2168,2
4979,SF,4,4,144.1,135,전체관람가,7,0,1,1884,1
4980,로맨스,1,2,293.9,134,전체관람가,1,0,1,887,2
4981,코미디,3,5,169.5,108,12세,10,0,0,134,0
4982,호러,1,2,123.2,95,전체관람가,11,0,0,2064,2
4983,드라마,1,4,140.4,174,12세,3,0,0,1918,3
4984,SF,1,3,81.5,99,12세,6,0,0,2455,3
4985,로맨스,4,3,171.1,147,15세,2,0,0,2047,2
4986,스릴러,3,4,109.6,101,15세,5,0,0,2380,1
4987,코미디,2,1,268.5,158,15세,5,0,0,1148,1
4988,액션,4,2,165.5,138,15세,10,0,1,302,0
4989,드라마,2,1,137.7,121,12세,6,0,0,1938,2
4990,SF,5,4,210.6,168,15세,3,0,0,1806,2
4991,액션,4,5,138.5,162,15세,1,0,0,459,0
4992,SF,2,1,23.4,139,전체관람가,4,0,1,1590,0
4993,SF,4,3,156.5,91,15세,10,0,1,466,0
4994,애니메이션,1,2,80.5,128,청불,9,1,0,1426,1
4995,스릴러,2,4,20.6,160,15세,6,1,0,2289,1
4996,로맨스,2,3,31.7,179,12세,4,1,1,642,0
4997,스릴러,3,2,299.8,111,15세,10,0,1,2149,1
4998,SF,1,2,170.4,103,15세,11,0,1,1029,1
4999,로맨스,1,5,189.7,95,15세,6,1,0,1998,3
5000,스릴러,3,4,226.3,167,12세,5,0,1,287,0
5001,스릴러,1,4,192.8,175,청불,2,0,1,1768,2
5002,액션,5,5,70.7,131,청불,11,0,1,1208,0
5003,애니메이션,2,4,185.0,144,12세,8,0,1,1045,2
5004,코미디,3,3,256.8,163,15세,5,0,0,346,0
5005,액션,5,2,52.2,172,15세,7,0,0,1700,2
5006,호러,5,1,8.5,166,15세,2,0,0,1157,0
5007,애니메이션,5,1,132.1,106,12세,4,0,0,2046,2
5008,SF,2,5,238.1,161,15세,9,0,0,2075,2
5009,코미디,4,1,197.5,102,15세,1,0,0,851,2
5010,드라마,1,5,124.9,109,15세,10,0,0,1085,0
5011,드라마,2,4,277.3,165,15세,1,0,1,1446,1
5012,코미디,5,4,47.5,111,전체관람가,2,0,0,2408,1
5013,스릴러,3,1,220.0,150,12세,10,1,0,1802,2
5014,드라마,4,2,1.1,94,12세,6,0,1,574,0
5015,로맨스,2,1,138.3,87,12세,12,0,1,265,1
5016,코미디,5,3,94.5,140,12세,7,0,1,1956,1
5017,액션,3,4,285.9,168,15세,7,0,0,415,0
5018,SF,1,5,219.7,140,12세,10,0,1,1482,1
5019,드라마,1,3,292.3,158,15세,7,0,0,1811,3
5020,액션,5,4,52.4,172,12세,3,0,1,2198,0
5021,액션,1,3,59.4,152,12세,7,0,0,705,1
5022,SF,1,5,88.0,165,청불,3,0,1,441,0
5023,코미디,1,1,295.2,156,12세,10,0,1,1694,1
5024,로맨스,5,3,271.2,152,15세,11,0,0,2483,1
5025,스릴러,4,2,110.7,88,15세,6,0,0,1194,1
5026,로맨스,2,5,225.4,147,12세,11,0,1,869,0
5027,드라마,4,2,111.1,151,15세,9,1,0,886,0
5028,호러,1,1,294.6,90,청불,9,1,0,392,1
5029,스릴러,5,3,75.3,154,15세,9,0,0,960,0
5030,애니메이션,3,3,65.3,149,15세,4,0,0,336,0
5031,스릴러,1,1,19.7,136,전체관람가,5,1,1,360,1
5032,SF,2,1,132.6,166,15세,12,0,1,1058,2
5033,드라마,3,5,185.4,93,전체관람가,11,0,1,590,0
5034,스릴러,2,2,241.5,136,12세,2,1,0,204,2
5035,SF,5,1,244.0,173,15세,5,1,0,1210,1
5036,애니메이션,4,5,245.4,106,전체관람가,4,0,0,1306,0
5037,호러,1,4,133.1,145,15세,7,0,1,2203,0
5038,코미디,3,2,7.0,88,15세,10,0,1,388,0
5039,코미디,4,1,99.9,126,12세,7,0,0,706,1
5040,코미디,4,1,236.5,112,청불,12,1,0,2395,3
5041,드라마,1,5,250.6,139,12세,9,1,0,318,3
5042,호러,1,4,69.2,106,15세,12,0,0,104,0
5043,애니메이션,5,5,282.3,91,12세,2,0,0,2210,1
5044,애니메이션,1,2,6.4,82,청불,7,1,0,756,1
5045,애니메이션,2,4,109.1,174,15세,1,1,0,1035,2
5046,SF,5,4,289.8,89,전체관람가,9,1,1,1832,2
5047,애니메이션,3,5,110.3,173,12세,4,1,0,1655,1
5048,코미디,2,1,80.9,94,15세,12,0,0,1091,2
5049,액션,4,3,106.2,161,청불,11,0,1,2394,1
5050,SF,2,2,240.4,123,15세,9,0,0,376,1
5051,액션,1,4,23.3,144,12세,10,1,0,566,2
5052,로맨스,2,4,185.2,86,12세,1,0,1,2172,3
5053,애니메이션,3,4,187.3,162,15세,7,0,0,1133,1
5054,호러,3,5,173.6,81,전체관람가,11,0,1,2047,0
5055,애니메이션,5,4,111.1,146,12세,3,0,0,322,0
5056,호러,5,5,77.0,95,15세,2,0,0,1029,0
5057,액션,5,4,135.6,128,15세,1,0,0,671,1
5058,호러,5,4,226.6,172,청불,1,0,0,1549,0
5059,로맨스,5,4,233.0,122,12세,8,0,0,637,0
5060,액션,1,1,205.4,96,15세,2,0,0,672,3
5061,SF,2,5,87.4,142,청불,12,1,1,1240,0
5062,스릴러,1,2,158.8,112,전체관람가,11,1,1,1881,2
5063,스릴러,2,1,58.2,174,청불,3,1,0,1166,2
5064,액션,2,5,80.5,170,12세,7,0,1,233,1
5065,드라마,2,3,170.3,101,12세,9,0,1,228,0
5066,호러,2,4,158.2,141,15세,8,0,0,818,1
5067,SF,3,5,265.9,148,12세,11,0,1,2447,3
5068,코미디,5,4,48.1,153,15세,6,1,0,1154,0
5069,드라마,3,5,209.9,121,15세,1,0,0,1566,1
5070,로맨스,2,1,56.4,167,15세,4,0,0,660,0
5071,애니메이션,3,1,274.2,91,전체관람가,12,0,1,685,2
5072,애니메이션,3,2,270.7,164,12세,7,0,0,1101,2
5073,애니메이션,1,1,286.1,122,15세,9,0,1,233,1
5074,액션,2,5,143.3,90,청불,3,0,0,2375,1
5075,코미디,2,2,240.3,80,전체관람가,2,0,0,2302,3
5076,드라마,3,3,198.3,133,15세,6,0,0,1789,1
5077,애니메이션,1,1,4.2,140,전체관람가,7,0,0,160,0
5078,애니메이션,1,5,147.9,82,12세,7,0,0,565,0
5079,애니메이션,5,4,262.2,141,전체관람가,7,0,1,340,0
5080,애니메이션,3,5,121.9,80,15세,4,0,1,2040,2
5081,SF,5,3,194.7,140,15세,9,0,0,1764,0
5082,액션,5,5,152.7,169,전체관람가,5,1,1,880,0
5083,로맨스,3,4,108.2,177,청불,4,0,0,1506,0
5084,드라마,1,2,282.7,99,15세,9,0,0,2416,2
5085,SF,2,2,179.4,155,전체관람가,2,0,0,812,1
5086,액션,3,5,149.2,90,전체관람가,1,0,1,526,0
5087,코미디,5,2,68.9,120,전체관람가,10,0,1,1260,0
5088,SF,5,5,31.0,151,15세,3,0,0,1960,0
5089,로맨스,1,2,86.3,130,15세,9,0,0,1019,1
5090,스릴러,3,3,68.5,109,15세,9,0,0,2218,0
5091,코미디,2,5,159.4,154,전체관람가,3,0,0,1876,0
5092,드라마,5,1,5.5,143,15세,5,0,0,2424,0
5093,드라마,4,1,62.6,107,15세,6,0,0,607,0
5094,코미디,2,1,11.0,153,전체관람가,9,0,1,156,0
5095,코미디,5,5,254.3,159,청불,8,0,1,1968,1
5096,로맨스,4,3,123.1,150,15세,8,0,1,2141,1
5097,액션,4,3,158.5,122,15세,5,0,0,1635,2
5098,호러,5,2,240.0,131,15세,6,0,1,1683,0
5099,로맨스,1,1,93.0,177,12세,1,0,1,1071,3
5100,스릴러,3,1,291.0,112,전체관람가,8,0,0,1218,2
5101,호러,3,5,115.2,145,12세,7,0,0,2247,1
5102,스릴러,5,5,296.1,97,청불,9,0,1,1153,0
5103,SF,4,2,130.3,164,청불,8,0,0,1597,3
5104,호러,2,2,261.4,143,15세,5,1,0,2036,1
5105,로맨스,1,5,180.0,176,15세,5,1,0,1459,1
5106,드라마,4,3,154.8,161,12세,9,0,1,471,0
5107,호러,4,2,66.8,126,15세,6,0,1,1618,0
5108,스릴러,5,2,287.6,169,전체관람가,6,0,0,390,0
5109,로맨스,5,3,85.9,118,전체관람가,9,0,0,922,0
5110,스릴러,2,5,62.7,97,15세,7,0,0,697,0
5111,코미디,4,4,219.6,92,전체관람가,5,0,1,963,1
5112,드라마,3,3,99.1,145,청불,7,0,0,2357,1
5113,SF,5,5,116.6,165,12세,12,0,0,1025,0
5114,스릴러,3,3,130.9,177,전체관람가,5,0,0,1725,0
5115,액션,3,3,279.3,126,15세,6,0,0,1766,3
5116,SF,3,4,272.3,98,12세,4,0,1,2331,2
5117,코미디,2,4,295.9,149,12세,12,0,0,2346,2
5118,호러,3,1,158.3,164,15세,12,0,1,570,0
5119,로맨스,2,4,130.0,167,12세,9,0,1,420,0
5120,SF,3,2,216.6,112,청불,6,0,1,336,0
5121,드라마,3,4,183.5,105,12세,6,0,0,2140,2
5122,드라마,2,4,227.6,116,15세,10,0,0,1482,2
5123,코미디,2,5,179.6,169,15세,5,0,1,714,1
5124,스릴러,2,3,34.1,145,15세,12,0,1,901,0
5125,액션,5,5,49.4,173,12세,12,0,0,1012,0
5126,코미디,3,3,292.4,93,12세,6,0,0,293,0
5127,로맨스,4,4,247.5,129,전체관람가,3,0,1,669,0
5128,로맨스,4,1,170.4,166,15세,12,1,0,2401,3
5129,코미디,3,1,197.2,151,12세,9,0,1,1382,2
5130,드라마,1,1,249.0,163,12세,7,0,0,1077,2
5131,드라마,1,4,226.5,152,15세,2,0,0,1859,3
5132,액션,4,1,173.5,89,15세,10,0,1,2374,2
5133,드라마,3,3,167.5,142,15세,8,1,0,400,0
5134,스릴러,5,2,151.9,147,15세,9,0,1,1046,0
5135,액션,1,2,210.1,152,15세,5,1,1,841,2
5136,SF,5,1,194.9,90,15세,9,1,1,1363,1
5137,애니메이션,5,2,119.3,117,15세,11,0,1,263,0
5138,액션,1,1,20.5,173,청불,4,0,1,2053,0
5139,애니메이션,3,2,98.3,103,12세,1,0,0,977,2
5140,드라마,2,5,214.0,140,청불,7,0,1,632,0
5141,SF,1,2,287.0,83,청불,5,1,1,315,2
5142,SF,2,5,207.0,90,전체관람가,6,0,0,1465,1
5143,코미디,5,2,193.2,105,청불,8,0,0,2135,1
5144,SF,2,3,87.9,178,12세,12,1,0,2433,2
5145,코미디,3,4,252.5,98,12세,10,0,1,1758,0
5146,SF,1,3,247.5,91,12세,8,0,1,760,1
5147,애니메이션,2,1,47.0,138,전체관람가,7,0,0,1878,1
5148,SF,1,1,260.2,148,청불,6,0,1,1659,1
5149,애니메이션,4,2,175.0,136,15세,11,1,0,1072,3
5150,SF,1,1,114.3,138,15세,5,0,1,276,1
5151,드라마,5,2,274.8,92,15세,9,1,1,2348,1
5152,로맨스,4,5,185.1,98,청불,6,0,1,2233,0
5153,애니메이션,1,1,279.5,126,전체관람가,1,1,1,1450,3
5154,액션,3,2,109.1,105,15세,7,1,0,1262,1
5155,호러,4,1,296.6,150,12세,6,0,1,1171,0
5156,애니메이션,1,3,291.5,157,15세,12,1,1,1828,3
5157,애니메이션,5,2,234.5,150,청불,12,0,0,1223,2
5158,드라마,4,1,113.5,105,청불,12,0,0,813,1
5159,로맨스,1,2,1.3,135,12세,11,0,0,472,1
5160,드라마,2,1,79.5,157,12세,4,0,0,1956,3
5161,코미디,2,4,7.1,153,15세,12,1,0,754,0
5162,스릴러,4,2,176.0,80,12세,7,0,0,650,1
5163,애니메이션,2,2,25.0,90,12세,7,0,1,1561,1
5164,드라마,4,5,38.8,165,12세,2,0,0,594,0
5165,애니메이션,5,1,113.1,135,12세,10,0,0,596,0
5166,호러,3,1,224.2,122,15세,10,0,0,303,1
5167,스릴러,5,5,144.8,146,12세,5,0,0,1513,2
5168,드라마,4,1,214.4,107,15세,7,0,0,2127,3
5169,호러,5,1,51.0,100,12세,2,1,0,1235,1
5170,애니메이션,2,1,158.0,167,전체관람가,5,0,0,426,0
5171,호러,3,4,8.5,82,12세,1,0,1,713,0
5172,로맨스,3,1,208.4,148,15세,2,0,1,957,2
5173,드라마,4,2,267.2,179,12세,10,0,0,1718,1
5174,애니메이션,2,2,22.2,179,전체관람가,6,1,0,2290,2
5175,드라마,5,2,16.8,122,전체관람가,1,0,0,1303,0
5176,SF,2,3,275.7,147,12세,11,0,0,2344,1
5177,애니메이션,1,3,57.0,166,15세,11,0,0,1413,1
5178,로맨스,1,3,57.8,143,15세,11,0,0,2167,1
5179,코미디,5,1,220.7,124,15세,7,0,1,1242,1
5180,애니메이션,4,3,245.4,131,15세,4,1,1,959,1
5181,드라마,3,4,191.6,97,12세,8,1,1,1868,2
5182,스릴러,4,5,78.0,120,15세,2,0,0,191,0
5183,액션,1,3,157.3,158,12세,3,0,0,1552,2
5184,드라마,4,5,93.8,131,15세,5,0,0,1940,0
5185,호러,1,2,49.0,140,15세,11,0,1,162,0
5186,스릴러,2,2,45.0,170,12세,6,0,1,369,0
5187,호러,3,3,97.5,112,12세,12,1,0,2182,3
5188,SF,4,2,81.1,125,15세,1,0,0,697,1
5189,SF,3,4,92.9,96,12세,9,0,0,1397,0
5190,SF,2,2,35.8,140,12세,1,0,0,1448,3
5191,SF,1,4,166.4,88,청불,7,0,1,1949,2
5192,드라마,5,5,169.5,93,12세,3,1,0,1350,0
5193,호러,1,3,252.8,141,15세,9,0,0,1873,2
5194,SF,1,5,209.2,82,청불,3,0,0,200,0
5195,SF,2,3,44.0,141,15세,8,1,1,336,1
5196,드라마,5,3,207.0,130,12세,5,0,0,425,1
5197,액션,4,3,184.1,96,12세,7,0,0,2177,3
5198,로맨스,1,3,138.7,121,12세,1,0,1,2029,3
5199,스릴러,3,4,39.3,108,12세,7,1,1,1869,1
5200,스릴러,3,5,153.6,175,전체관람가,8,0,0,1333,1
5201,코미디,2,4,59.0,104,15세,12,0,0,843,1
5202,SF,5,4,124.9,137,15세,10,1,0,1666,1
5203,액션,1,5,245.7,126,전체관람가,4,0,0,2318,1
5204,스릴러,2,1,252.6,150,15세,5,0,1,748,3
5205,로맨스,5,5,85.4,180,청불,7,0,1,2176,0
5206,로맨스,2,4,53.6,82,전체관람가,8,0,1,1042,2
5207,애니메이션,4,3,52.0,87,15세,9,0,0,812,0
5208,드라마,2,4,181.3,172,15세,4,0,1,2040,2
5209,호러,2,5,186.4,104,15세,4,0,0,725,0
5210,스릴러,4,4,84.4,170,청불,6,0,1,1231,0
5211,스릴러,2,4,71.0,96,15세,11,0,0,921,1
5212,애니메이션,3,3,100.9,159,15세,8,0,0,1198,0
5213,액션,5,4,47.6,123,15세,10,0,0,2102,1
5214,애니메이션,5,3,292.6,98,전체관람가,6,0,0,1159,0
5215,액션,5,3,173.0,81,12세,2,0,1,2232,2
5216,코미디,3,3,109.8,91,12세,2,0,0,544,1
5217,SF,4,4,246.7,171,15세,1,1,0,1829,2
5218,SF,5,3,59.7,165,전체관람가,4,0,0,805,0
5219,애니메이션,5,4,196.4,102,15세,5,0,0,281,0
5220,SF,4,5,28.8,103,15세,6,1,1,1339,1
5221,SF,2,4,27.2,124,15세,6,0,0,1804,1
5222,코미디,5,3,214.6,93,전체관람가,4,0,0,1195,0
5223,액션,1,1,291.3,173,청불,11,0,1,1390,2
5224,코미디,1,4,11.6,114,15세,10,0,0,2212,1
5225,코미디,3,2,253.2,125,12세,11,0,0,1660,2
5226,코미디,4,3,236.3,135,15세,12,0,1,1308,1
5227,호러,5,4,224.1,95,전체관람가,1,0,0,252,0
5228,SF,3,5,63.5,85,청불,12,0,0,564,0
5229,액션,1,1,80.9,105,15세,11,0,0,1024,3
5230,로맨스,5,1,113.5,101,12세,4,0,0,2478,1
5231,로맨스,5,2,278.2,117,전체관람가,7,0,0,654,0
5232,애니메이션,5,1,30.2,96,15세,9,1,0,731,0
5233,드라마,3,5,282.0,113,15세,9,0,0,1718,0
5234,로맨스,3,3,177.5,169,12세,1,0,1,1060,0
5235,드라마,3,3,39.7,173,청불,6,1,0,1969,0
5236,애니메이션,1,4,240.7,151,15세,1,0,0,440,0
5237,애니메이션,3,2,4.2,135,15세,12,0,1,1779,1
5238,호러,2,2,6.1,139,전체관람가,12,1,0,984,0
5239,스릴러,4,3,70.2,88,15세,12,0,0,1842,1
5240,액션,1,1,33.4,95,청불,9,1,1,1125,1
5241,로맨스,4,2,180.5,159,15세,12,0,1,1799,0
5242,스릴러,5,3,75.7,143,전체관람가,6,1,0,168,0
5243,드라마,1,5,103.8,126,전체관람가,3,0,0,550,0
5244,코미디,4,2,224.0,90,전체관람가,9,0,1,785,0
5245,코미디,5,4,155.0,150,15세,1,1,1,193,1
5246,드라마,5,3,119.8,146,15세,3,0,0,680,0
5247,스릴러,2,4,18.7,178,15세,5,0,0,2201,1
5248,SF,4,2,230.3,144,15세,3,0,0,1746,1
5249,드라마,4,1,27.6,171,전체관람가,9,0,0,807,0
5250,로맨스,4,5,186.1,89,15세,8,0,0,166,0
5251,드라마,1,1,175.1,116,15세,8,0,1,142,1
5252,호러,4,4,166.2,91,15세,11,0,0,849,0
5253,액션,3,4,239.1,94,15세,10,1,1,378,1
5254,코미디,3,5,66.9,154,15세,12,0,0,896,0
5255,SF,4,2,33.4,147,12세,3,0,0,1972,1
5256,로맨스,5,1,293.9,141,12세,6,0,0,1778,2
5257,SF,5,5,145.5,150,12세,6,1,1,1532,0
5258,호러,2,5,192.1,115,12세,5,0,0,1108,0
5259,액션,3,5,96.8,144,전체관람가,6,0,0,265,0
5260,스릴러,3,4,38.0,143,청불,4,1,1,784,0
5261,애니메이션,5,1,265.3,144,전체관람가,5,0,1,516,1
5262,애니메이션,4,4,77.9,132,12세,5,0,0,2129,1
5263,로맨스,4,3,220.2,130,15세,9,0,0,991,1
5264,액션,4,3,216.6,118,15세,6,1,0,2187,2
5265,SF,1,5,296.7,136,12세,12,0,1,1759,3
5266,로맨스,3,2,189.3,105,15세,5,0,1,950,1
5267,코미디,5,3,253.6,138,15세,8,0,1,207,1
5268,애니메이션,5,3,43.6,172,청불,10,0,1,993,0
5269,SF,5,3,277.1,135,15세,12,1,0,1869,2
5270,스릴러,3,2,38.0,162,15세,10,0,1,1584,0
5271,로맨스,3,4,298.1,165,12세,4,0,0,763,0
5272,스릴러,3,2,102.4,90,12세,10,0,0,1208,0
5273,코미디,1,2,101.5,167,청불,6,0,0,1327,1
5274,액션,1,3,223.3,106,15세,11,0,1,2011,2
5275,스릴러,1,4,66.7,125,청불,1,1,1,1416,0
5276,스릴러,5,3,133.1,171,15세,7,0,1,1624,1
5277,코미디,2,2,198.1,105,15세,4,0,0,1221,2
5278,SF,5,4,134.2,135,청불,10,0,0,2478,0
5279,SF,4,5,59.4,106,15세,10,0,1,1972,0
5280,드라마,3,5,22.9,156,15세,1,1,1,1226,1
5281,애니메이션,1,3,119.3,90,15세,8,0,1,374,0
5282,드라마,5,2,102.1,138,15세,9,0,0,732,0
5283,액션,2,3,165.8,93,12세,7,0,1,1304,2
5284,스릴러,1,1,79.6,179,청불,2,1,1,1533,1
5285,SF,1,2,122.7,126,12세,4,0,0,1957,1
5286,스릴러,5,1,252.3,166,전체관람가,11,0,0,2083,1
5287,드라마,5,5,187.9,126,15세,10,0,0,1167,0
5288,로맨스,3,2,128.9,89,전체관람가,1,1,0,326,1
5289,스릴러,4,5,103.9,107,12세,1,0,0,579,0
5290,스릴러,5,4,273.3,105,15세,12,0,1,2130,2
5291,애니메이션,5,2,175.6,80,15세,3,0,0,2328,1
5292,드라마,4,4,239.0,88,15세,5,0,1,797,1
5293,SF,3,1,258.4,179,청불,3,1,0,1956,2
5294,코미디,5,5,244.2,101,15세,5,0,1,2063,0
5295,액션,5,2,67.5,80,12세,12,0,0,173,0
5296,호러,5,2,123.4,110,15세,8,0,0,2199,1
5297,액션,2,4,43.6,97,청불,10,0,1,2498,1
5298,SF,3,4,17.3,83,15세,11,0,0,698,0
5299,스릴러,4,5,165.3,145,12세,5,0,0,1845,2
5300,코미디,5,1,90.9,125,전체관람가,9,0,0,1692,1
5301,SF,3,4,44.0,135,15세,7,0,0,2374,0
5302,스릴러,3,1,69.5,149,15세,8,0,1,913,2
5303,드라마,1,5,82.9,120,15세,1,1,0,2014,3
5304,드라마,3,1,150.6,159,15세,7,0,1,2357,3
5305,코미디,4,5,159.4,177,전체관람가,12,0,1,1237,1
5306,호러,2,3,239.5,172,12세,2,0,1,2306,3
5307,로맨스,1,4,40.1,119,12세,7,0,0,1008,2
5308,코미디,1,2,63.5,163,15세,5,0,1,2152,2
5309,호러,1,4,15.3,178,15세,3,0,1,391,0
5310,드라마,5,2,25.5,86,12세,2,0,0,1150,0
5311,액션,2,5,23.9,119,전체관람가,10,0,0,1123,0
5312,스릴러,1,5,204.8,159,청불,10,1,1,597,0
5313,액션,1,4,192.3,100,12세,10,1,1,1522,1
5314,SF,5,4,249.4,91,15세,9,0,0,2163,0
5315,SF,1,1,169.7,149,15세,4,0,0,1269,1
5316,로맨스,4,3,126.2,145,12세,3,0,0,1085,2
5317,액션,1,1,9.9,96,12세,10,0,1,434,0
5318,로맨스,3,4,247.9,115,전체관람가,7,0,0,1445,1
5319,SF,5,4,108.7,122,15세,11,0,0,1438,0
5320,로맨스,3,2,241.8,113,15세,1,0,0,1059,0
5321,코미디,3,3,65.5,110,전체관람가,2,1,0,555,1
5322,코미디,5,3,152.6,92,15세,10,1,1,565,0
5323,스릴러,2,3,253.4,112,12세,5,0,0,138,0
5324,호러,3,4,56.6,149,12세,3,1,0,1607,0
5325,코미디,3,4,75.1,128,15세,12,1,0,2010,2
5326,액션,2,4,125.7,100,청불,4,0,1,160,0
5327,호러,4,2,114.2,172,12세,1,0,0,858,2
5328,로맨스,4,4,111.7,105,15세,6,1,0,1407,0
5329,SF,2,3,4.7,125,15세,2,0,0,1024,0
5330,액션,5,2,269.9,161,청불,10,0,0,222,0
5331,코미디,2,4,250.3,146,청불,6,0,1,799,1
5332,액션,3,5,225.6,151,15세,8,0,0,349,1
5333,로맨스,3,5,8.5,83,전체관람가,3,0,1,400,0
5334,스릴러,4,4,136.3,94,15세,3,0,0,792,0
5335,애니메이션,2,2,101.6,171,청불,10,1,0,1662,1
5336,코미디,3,3,105.2,88,15세,2,1,1,1579,1
5337,로맨스,4,2,65.4,100,전체관람가,7,0,1,1547,2
5338,액션,4,2,122.6,112,15세,7,0,0,426,0
5339,호러,5,4,221.1,92,전체관람가,3,1,0,1853,1
5340,애니메이션,5,2,279.4,115,15세,8,1,0,1487,1
5341,애니메이션,2,3,132.1,94,12세,4,0,0,908,2
5342,호러,4,4,252.7,140,12세,8,0,0,2043,1
5343,드라마,5,2,135.5,147,청불,10,0,0,659,0
5344,액션,2,2,198.6,132,15세,9,1,0,2207,3
5345,스릴러,5,2,32.5,145,12세,5,0,1,1522,0
5346,드라마,5,1,236.9,98,전체관람가,7,1,1,463,2
5347,호러,5,2,186.4,137,전체관람가,8,0,0,1000,0
5348,액션,5,4,155.8,102,청불,1,0,1,1021,0
5349,드라마,4,5,66.9,111,12세,11,0,0,1223,0
5350,스릴러,3,1,96.8,136,15세,6,0,0,182,0
5351,드라마,2,1,224.0,140,전체관람가,8,1,0,2385,3
5352,액션,2,3,123.2,99,청불,12,0,0,1432,1
5353,코미디,1,2,185.5,116,15세,6,1,1,1893,3
5354,SF,1,2,223.6,168,12세,5,0,0,1569,2
5355,애니메이션,4,3,224.8,105,12세,12,0,0,2057,1
5356,호러,4,1,85.8,112,12세,4,1,1,1661,1
5357,애니메이션,5,5,186.0,106,12세,10,0,1,867,0
5358,애니메이션,5,5,32.1,138,12세,11,0,0,1491,0
5359,스릴러,1,2,53.3,172,15세,11,0,0,596,1
5360,액션,2,4,64.4,138,15세,2,0,0,2449,3
5361,SF,2,2,132.4,81,15세,6,0,0,949,1
5362,코미디,1,1,173.1,166,12세,1,1,0,1609,3
5363,호러,5,5,110.8,139,15세,6,0,0,499,0
5364,SF,5,3,54.7,120,12세,3,1,1,338,0
5365,호러,1,5,216.5,127,15세,8,0,1,696,1
5366,스릴러,4,2,98.0,93,12세,12,0,1,1118,0
5367,스릴러,2,2,285.9,126,12세,2,0,1,1640,2
5368,호러,3,1,174.6,167,전체관람가,3,0,0,1315,0
5369,스릴러,1,1,157.2,157,15세,12,1,0,2005,3
5370,스릴러,2,4,290.5,165,15세,6,0,0,2491,3
5371,로맨스,2,3,98.9,88,15세,5,0,1,2049,2
5372,스릴러,2,1,250.2,109,12세,11,0,1,824,2
5373,스릴러,5,1,176.4,160,15세,12,0,0,834,1
5374,드라마,4,3,169.5,83,15세,9,1,1,1227,1
5375,애니메이션,3,5,99.4,154,15세,3,1,0,1437,0
5376,로맨스,4,5,196.7,88,15세,10,0,0,567,0
5377,스릴러,5,5,212.2,163,15세,2,0,1,506,0
5378,SF,2,2,281.9,80,청불,6,0,1,1605,1
5379,드라마,3,5,119.1,113,15세,4,1,1,1941,1
5380,애니메이션,5,5,241.0,127,15세,8,1,0,2392,2
5381,액션,4,5,284.4,163,15세,7,0,1,2304,2
5382,애니메이션,4,4,254.0,170,청불,4,0,0,666,0
5383,코미디,5,3,2.2,111,청불,7,0,1,591,0
5384,로맨스,1,2,210.9,103,12세,7,0,1,1192,2
5385,스릴러,5,5,61.4,81,12세,3,0,0,1720,0
5386,애니메이션,2,5,246.9,144,전체관람가,11,1,1,1361,0
5387,코미디,4,2,231.1,177,15세,6,0,0,315,0
5388,스릴러,5,5,62.8,145,15세,4,0,0,576,0
5389,로맨스,1,2,62.1,175,12세,1,1,0,200,3
5390,SF,3,2,200.7,111,전체관람가,5,1,0,662,1
5391,로맨스,5,3,275.6,86,전체관람가,4,0,1,1894,0
5392,SF,3,3,198.0,166,12세,5,0,0,146,0
5393,SF,3,4,208.8,117,15세,9,0,0,813,1
5394,애니메이션,5,1,98.8,138,12세,9,0,0,869,1
5395,로맨스,5,3,5.6,180,전체관람가,9,0,0,845,0
5396,애니메이션,1,4,36.8,112,12세,3,1,0,771,2
5397,드라마,5,5,37.0,116,12세,12,0,0,641,0
5398,애니메이션,4,1,188.8,167,15세,3,0,0,1360,1
5399,스릴러,1,3,164.6,180,15세,8,1,0,2163,3
5400,액션,2,5,70.4,83,15세,8,0,1,1869,1
5401,스릴러,3,4,199.5,165,청불,2,0,1,1766,1
5402,드라마,1,4,149.8,112,전체관람가,7,1,0,1760,3
5403,애니메이션,2,2,76.1,104,청불,4,0,0,1717,2
5404,스릴러,3,2,72.0,116,청불,9,0,0,1691,1
5405,코미디,5,5,5.1,94,12세,1,0,0,496,0
5406,코미디,1,4,233.5,118,12세,7,0,1,2193,3
5407,로맨스,4,1,265.6,93,15세,5,0,0,919,0
5408,SF,3,4,103.8,159,청불,3,0,0,2009,1
5409,액션,2,2,13.6,119,청불,4,0,1,845,1
5410,호러,5,4,17.9,83,전체관람가,7,1,1,2078,1
5411,드라마,5,4,1.5,85,12세,7,1,0,2498,0
5412,애니메이션,5,3,74.0,128,15세,11,0,1,1937,1
5413,SF,5,1,204.0,109,12세,3,0,1,1612,1
5414,코미디,2,3,203.1,161,15세,9,0,0,2409,3
5415,로맨스,4,1,19.7,152,15세,1,0,0,1593,0
5416,스릴러,4,4,55.6,116,12세,10,0,1,1430,1
5417,드라마,1,1,245.4,91,12세,10,0,1,621,1
5418,SF,1,4,38.7,89,12세,2,0,1,261,1
5419,코미디,2,4,179.4,88,15세,11,0,0,2130,2
5420,SF,1,2,289.4,158,전체관람가,5,0,0,2467,2
5421,애니메이션,1,3,51.6,156,전체관람가,8,1,0,1249,3
5422,SF,5,5,101.6,158,15세,4,0,0,929,0
5423,SF,2,1,222.2,97,15세,5,0,1,391,2
5424,드라마,1,1,206.0,106,15세,2,0,1,329,2
5425,SF,4,1,87.8,89,전체관람가,10,1,0,1446,1
5426,스릴러,4,4,96.3,115,15세,5,0,0,1442,0
5427,스릴러,3,2,174.0,92,15세,6,0,0,1251,1
5428,로맨스,5,5,47.2,132,청불,2,0,0,521,0
5429,코미디,4,5,89.2,107,12세,8,0,0,2160,1
5430,애니메이션,3,3,57.5,141,전체관람가,10,0,0,1048,1
5431,드라마,1,2,18.3,131,전체관람가,7,0,0,1885,2
5432,코미디,5,2,267.9,161,청불,12,0,0,2312,0
5433,드라마,4,5,109.9,118,전체관람가,10,0,1,2409,0
5434,로맨스,4,5,112.1,175,15세,10,0,0,1869,1
5435,코미디,3,2,167.6,96,청불,10,1,1,672,1
5436,코미디,5,1,94.6,107,전체관람가,1,0,1,891,0
5437,로맨스,3,3,191.8,100,15세,7,1,1,147,1
5438,코미디,2,2,38.8,100,15세,2,0,1,942,0
5439,드라마,1,2,278.6,166,12세,5,1,0,1920,3
5440,드라마,3,1,136.4,129,15세,11,0,0,194,0
5441,호러,5,1,17.8,111,12세,6,0,0,1483,0
5442,애니메이션,4,4,217.9,152,15세,3,1,1,481,1
5443,액션,4,5,233.5,120,15세,12,0,0,2134,0
5444,드라마,4,4,176.6,175,청불,11,1,0,133,0
5445,SF,5,1,116.9,96,12세,11,0,0,2230,1
5446,액션,3,4,192.5,162,12세,3,0,0,1335,1
5447,애니메이션,4,1,241.4,110,12세,7,0,0,2127,3
5448,코미디,3,1,28.7,139,15세,11,0,1,1081,1
5449,로맨스,2,2,277.5,149,12세,7,0,1,531,2
5450,SF,1,4,244.8,83,12세,7,1,0,293,2
5451,SF,2,3,289.6,127,15세,6,0,0,751,2
5452,스릴러,4,2,131.1,89,15세,4,0,1,780,0
5453,액션,2,4,275.4,174,전체관람가,8,1,0,1093,2
5454,코미디,2,1,259.5,126,15세,5,0,1,1826,3
5455,호러,4,1,2.5,94,청불,3,0,0,1951,0
5456,드라마,5,3,42.4,180,15세,10,0,1,1197,1
5457,코미디,2,4,203.7,102,12세,7,0,0,1099,1
5458,로맨스,1,2,97.4,134,15세,4,0,1,1908,2
5459,액션,4,2,2.5,91,12세,2,0,1,455,0
5460,액션,5,5,214.5,97,12세,5,1,1,319,0
5461,로맨스,1,5,176.8,121,15세,1,0,0,2225,3
5462,로맨스,4,2,142.4,151,청불,10,0,0,1032,0
5463,코미디,3,1,82.8,117,12세,10,1,0,1119,1
5464,액션,1,2,72.1,81,15세,4,1,1,2001,3
5465,스릴러,5,5,64.7,101,청불,12,0,0,2276,1
5466,호러,5,5,182.5,85,12세,12,0,1,1304,0
5467,코미디,5,2,153.7,131,15세,4,0,1,367,0
5468,코미디,1,2,155.0,155,12세,9,1,1,1267,1
5469,스릴러,4,1,175.8,152,전체관람가,11,0,1,1083,0
5470,액션,1,5,64.8,108,15세,6,0,0,1341,1
5471,코미디,5,2,200.6,132,15세,5,0,0,207,0
5472,코미디,2,5,21.5,117,전체관람가,5,0,1,739,0
5473,호러,2,3,93.3,158,15세,5,0,0,1678,1
5474,드라마,1,4,143.2,100,12세,6,0,0,1338,2
5475,애니메이션,5,2,32.8,176,15세,1,0,1,780,0
5476,액션,3,3,140.1,135,15세,10,0,0,1728,1
5477,SF,1,3,289.0,117,12세,5,0,1,286,2
5478,SF,3,4,10.9,170,12세,5,0,0,1039,0
5479,로맨스,4,2,168.7,145,15세,2,0,0,2150,2
5480,애니메이션,3,2,139.6,86,12세,8,1,1,1204,2
5481,드라마,2,1,246.8,111,12세,10,0,0,1505,3
5482,로맨스,4,2,26.6,147,15세,1,0,0,764,0
5483,드라마,4,5,96.7,101,12세,8,0,1,447,0
5484,애니메이션,4,2,195.0,102,청불,6,0,0,1007,0
5485,스릴러,1,3,55.0,153,청불,3,1,0,176,1
5486,호러,5,5,16.4,178,15세,8,0,0,1134,0
5487,SF,2,5,202.4,177,15세,2,0,0,483,0
5488,드라마,4,3,127.6,119,전체관람가,10,0,0,2230,2
5489,애니메이션,1,1,212.4,109,전체관람가,3,0,1,1707,3
5490,액션,4,1,116.4,134,12세,7,0,0,1590,3
5491,로맨스,4,5,254.6,134,15세,1,0,0,2137,1
5492,코미디,1,1,87.9,103,전체관람가,11,0,0,1027,2
5493,드라마,3,1,253.2,142,15세,11,0,0,647,1
5494,SF,3,5,189.9,171,15세,2,1,1,458,1
5495,스릴러,5,1,214.1,99,15세,6,1,0,959,0
5496,스릴러,4,2,276.1,150,15세,5,0,0,1170,0
5497,스릴러,1,5,127.4,93,15세,6,0,0,1291,1
5498,애니메이션,4,2,104.7,124,전체관람가,12,0,0,776,1
5499,SF,2,4,154.1,92,15세,11,0,0,526,1
5500,드라마,1,4,123.9,81,12세,12,0,0,2121,3
5501,애니메이션,5,5,39.0,164,15세,2,1,0,1219,1
5502,액션,2,4,153.7,106,12세,8,0,0,337,2
5503,액션,1,5,229.3,173,15세,6,0,0,1350,0
5504,로맨스,3,5,173.3,173,전체관람가,9,0,0,1084,0
5505,액션,1,4,288.4,115,15세,10,0,0,577,2
5506,액션,1,2,148.3,160,15세,1,0,0,529,2
5507,액션,4,4,222.2,98,15세,8,1,1,1757,3
5508,로맨스,5,1,58.0,125,전체관람가,2,0,0,1295,0
5509,스릴러,4,1,123.1,150,전체관람가,3,0,1,2300,2
5510,액션,3,1,91.9,179,12세,3,1,1,289,0
5511,코미디,3,5,240.0,147,15세,10,0,1,199,0
5512,코미디,5,4,159.5,175,12세,11,0,0,2064,1
5513,드라마,2,3,282.1,128,청불,8,0,1,147,1
5514,로맨스,1,2,221.4,108,청불,8,0,0,2311,2
5515,애니메이션,2,2,285.9,83,12세,4,0,1,820,2
5516,호러,3,4,3.8,141,12세,12,0,1,420,0
5517,액션,1,3,37.4,103,12세,8,0,1,1517,1
5518,드라마,5,5,200.9,98,15세,7,1,0,1000,0
5519,드라마,4,1,198.2,126,전체관람가,11,0,0,1133,0
5520,애니메이션,4,2,263.1,96,15세,5,0,0,2464,3
5521,코미디,1,5,187.9,123,전체관람가,12,1,0,1277,3
5522,드라마,4,2,158.5,120,전체관람가,6,0,1,1158,1
5523,SF,4,2,161.5,115,12세,8,1,1,513,2
5524,코미디,5,5,222.6,160,12세,4,0,0,1911,0
5525,드라마,2,1,111.2,178,15세,3,0,1,2206,2
5526,애니메이션,1,2,270.7,108,15세,7,0,0,1391,3
5527,스릴러,3,2,64.1,175,전체관람가,12,1,0,1270,0
5528,SF,5,4,92.6,105,전체관람가,6,0,0,828,0
5529,코미디,3,4,53.2,141,12세,6,0,0,813,1
5530,드라마,2,3,275.5,168,12세,12,0,0,1918,2
5531,로맨스,4,4,192.1,131,12세,1,0,0,447,0
5532,SF,3,5,17.6,110,12세,11,0,1,758,0
5533,애니메이션,2,5,255.8,86,12세,10,0,0,2053,3
5534,드라마,5,2,263.7,142,전체관람가,7,0,0,607,0
5535,로맨스,4,4,209.2,151,15세,7,0,0,1538,1
5536,로맨스,1,4,204.7,155,전체관람가,10,0,1,2418,2
5537,액션,1,2,171.0,105,12세,8,0,1,567,1
5538,SF,5,2,91.3,167,15세,8,0,0,2150,1
5539,SF,5,3,173.2,110,12세,4,0,0,1671,2
5540,스릴러,4,2,264.1,175,15세,7,1,1,932,2
5541,SF,4,2,273.7,86,전체관람가,4,1,0,1611,1
5542,코미디,5,3,58.6,110,15세,4,0,0,823,0
5543,애니메이션,3,1,185.0,157,전체관람가,9,0,0,591,1
5544,스릴러,4,4,208.6,178,15세,11,0,0,2461,1
5545,스릴러,5,4,74.4,161,12세,9,0,0,233,0
5546,액션,3,4,296.8,138,청불,4,0,0,2282,2
5547,스릴러,5,2,16.3,146,15세,9,1,0,1817,1
5548,호러,2,3,123.7,103,12세,9,1,1,365,1
5549,액션,5,2,97.1,81,12세,7,0,1,855,0
5550,코미디,2,1,284.7,143,15세,4,0,0,372,0
5551,드라마,5,4,155.3,115,전체관람가,1,0,0,1422,0
5552,액션,2,1,163.4,110,전체관람가,2,1,1,1382,3
5553,액션,4,5,129.8,147,청불,7,1,0,2217,2
5554,액션,3,2,84.1,112,12세,8,0,0,1133,1
5555,호러,1,2,53.5,132,12세,12,0,0,2279,2
5556,스릴러,2,3,43.9,82,15세,7,1,0,2068,1
5557,코미디,4,4,165.1,90,12세,11,0,1,1708,1
5558,SF,5,5,11.6,100,전체관람가,5,0,0,1671,0
5559,호러,5,4,1.4,123,12세,9,0,1,1167,0
5560,액션,4,3,127.1,93,전체관람가,8,1,0,381,2
5561,액션,5,4,192.8,111,15세,12,1,1,1634,1
5562,드라마,3,1,135.0,96,15세,6,0,1,822,0
5563,액션,1,1,135.5,111,12세,3,0,0,1404,3
5564,드라마,3,5,251.3,160,전체관람가,11,0,0,1192,0
5565,애니메이션,5,3,57.2,137,12세,11,0,0,2168,1
5566,호러,4,5,218.3,100,청불,7,1,0,1587,0
5567,호러,4,4,84.9,95,15세,4,0,1,772,0
5568,드라마,5,2,260.3,173,청불,12,1,0,1106,0
5569,로맨스,4,2,251.3,169,12세,11,0,1,1567,3
5570,코미디,5,4,157.4,177,15세,6,0,0,2325,1
5571,애니메이션,3,4,87.3,96,12세,5,1,1,1790,1
5572,드라마,4,1,164.3,117,12세,12,1,0,2300,3
5573,SF,3,2,189.3,151,12세,7,1,0,1083,2
5574,드라마,3,3,68.2,103,15세,12,0,0,420,0
5575,드라마,1,4,134.8,93,청불,6,0,0,1085,0
5576,로맨스,3,3,42.1,179,전체관람가,1,0,0,346,0
5577,스릴러,3,3,173.0,103,15세,4,0,0,1922,1
5578,SF,3,5,27.7,171,15세,2,0,1,968,0
5579,호러,5,5,31.4,180,12세,5,0,0,1119,0
5580,스릴러,4,2,271.3,98,15세,2,0,1,628,1
5581,애니메이션,3,2,123.6,102,15세,3,0,0,2442,2
5582,스릴러,4,3,86.0,126,15세,4,0,1,1106,0
5583,SF,3,4,85.1,166,전체관람가,10,0,0,931,0
5584,코미디,3,4,90.5,146,청불,5,0,0,281,0
5585,스릴러,5,2,55.1,164,청불,4,1,1,2001,1
5586,드라마,4,5,214.0,154,청불,10,0,0,292,0
5587,드라마,5,3,290.3,115,청불,10,0,0,2241,1
5588,로맨스,3,3,240.8,117,12세,3,0,1,1550,2
5589,로맨스,2,5,22.5,174,12세,10,0,0,2424,1
5590,스릴러,2,1,14.5,177,15세,7,0,0,2088,2
5591,로맨스,4,3,161.3,153,전체관람가,9,0,0,1699,0
5592,액션,4,2,174.6,166,12세,2,0,1,678,1
5593,로맨스,4,2,249.7,101,12세,6,0,1,140,1
5594,액션,1,5,37.4,112,15세,12,0,0,194,0
5595,스릴러,2,3,84.9,150,15세,1,0,0,1719,2
5596,호러,4,1,89.4,145,15세,5,0,0,1855,0
5597,호러,4,1,77.6,154,전체관람가,7,0,0,1409,1
5598,애니메이션,5,2,173.0,144,전체관람가,6,0,0,489,0
5599,스릴러,2,5,153.5,173,15세,4,0,1,1255,0
5600,스릴러,1,5,10.5,122,청불,10,0,0,225,0
5601,SF,1,5,98.4,155,15세,8,0,0,415,0
5602,로맨스,4,4,71.1,81,전체관람가,7,1,0,445,2
5603,애니메이션,5,5,243.2,109,전체관람가,8,0,1,1594,2
5604,액션,1,4,100.5,149,전체관람가,9,0,1,1869,2
5605,호러,4,1,184.5,103,청불,4,0,0,866,0
5606,액션,5,3,264.2,144,15세,7,0,0,1014,0
5607,애니메이션,2,1,16.9,115,15세,6,0,0,516,0
5608,드라마,2,1,211.4,162,청불,8,0,0,949,2
5609,드라마,5,4,104.8,120,15세,5,0,0,1917,0
5610,호러,3,3,256.8,176,15세,12,0,0,802,0
5611,코미디,2,5,74.2,86,전체관람가,5,0,0,1169,1
5612,호러,2,4,158.3,153,12세,6,0,0,1721,1
5613,애니메이션,4,2,1.8,95,15세,5,0,0,393,0
5614,코미디,5,4,127.7,117,전체관람가,1,0,1,1548,0
5615,로맨스,3,1,93.9,170,15세,12,0,0,2313,0
5616,코미디,3,5,231.3,170,15세,7,0,1,137,0
5617,코미디,4,1,251.9,83,15세,5,0,0,1636,2
5618,액션,1,2,277.8,110,15세,1,0,1,2176,3
5619,드라마,5,2,180.2,87,12세,11,0,1,2465,2
5620,호러,5,5,42.1,114,12세,10,0,0,686,0
5621,SF,1,2,156.3,117,15세,1,0,0,2387,3
5622,애니메이션,2,5,129.5,108,청불,12,0,0,2008,1
5623,드라마,4,4,262.5,164,청불,12,0,0,1942,1
5624,애니메이션,4,4,257.6,117,12세,1,0,0,1880,2
5625,호러,1,2,247.1,142,15세,6,0,1,2453,1
5626,코미디,4,4,166.7,162,15세,1,0,1,2499,2
5627,애니메이션,5,5,250.5,118,12세,2,0,0,715,1
5628,스릴러,3,1,26.2,85,15세,1,0,1,759,1
5629,스릴러,4,5,213.5,108,청불,3,0,0,1061,0
5630,액션,3,5,117.6,175,15세,4,0,0,2379,1
5631,SF,1,5,223.0,99,15세,3,0,1,2411,2
5632,드라마,3,3,161.1,161,15세,10,0,0,1457,1
5633,애니메이션,1,5,167.1,101,청불,8,1,1,1981,2
5634,SF,2,4,136.9,120,12세,9,0,1,436,1
5635,코미디,5,4,27.3,163,15세,1,1,0,506,0
5636,드라마,5,5,15.1,175,전체관람가,1,0,0,945,0
5637,드라마,1,3,61.6,111,청불,9,0,0,1205,1
5638,스릴러,2,5,60.9,105,12세,2,1,0,2163,3
5639,로맨스,4,4,158.8,100,전체관람가,10,0,0,2184,0
5640,호러,5,1,186.8,112,15세,6,0,0,1816,0
5641,스릴러,4,1,19.7,138,전체관람가,5,0,0,110,0
5642,스릴러,2,3,228.8,84,15세,12,0,1,2405,3
5643,SF,1,1,107.0,179,청불,10,0,0,180,0
5644,호러,1,3,183.8,127,15세,3,0,0,1779,2
5645,드라마,5,5,41.1,160,15세,8,0,0,214,0
5646,드라마,1,1,231.4,155,12세,2,0,1,2150,3
5647,액션,2,1,296.8,103,15세,4,1,0,1887,3
5648,호러,5,3,35.5,120,15세,10,1,1,1556,1
5649,코미디,4,4,281.4,96,15세,6,0,0,2495,1
5650,드라마,4,5,177.5,120,전체관람가,4,0,0,179,0
5651,SF,1,1,235.6,90,15세,11,0,0,440,1
5652,코미디,5,2,71.7,160,15세,10,0,1,1045,0
5653,애니메이션,2,4,118.2,119,15세,7,0,1,1727,1
5654,애니메이션,4,2,256.0,104,전체관람가,5,0,1,996,0
5655,호러,5,3,10.6,96,15세,8,1,1,1350,0
5656,코미디,3,3,191.4,135,청불,5,1,0,1782,2
5657,호러,3,5,25.6,162,15세,7,0,0,807,1
5658,코미디,2,1,197.7,148,12세,5,1,0,1200,2
5659,로맨스,2,1,186.9,91,전체관람가,11,0,1,372,2
5660,스릴러,1,4,50.9,84,15세,5,0,1,1758,0
5661,코미디,5,3,74.5,143,12세,10,0,0,2329,0
5662,SF,2,1,109.7,156,12세,2,0,0,592,1
5663,드라마,5,3,253.1,114,12세,11,0,1,1314,1
5664,코미디,3,5,48.7,135,15세,1,0,1,2247,2
5665,드라마,3,5,63.9,141,15세,8,1,0,1561,1
5666,액션,1,3,176.2,122,12세,7,1,0,2343,3
5667,드라마,1,5,66.6,144,15세,4,0,0,1410,1
5668,스릴러,3,2,149.4,127,12세,7,0,1,1542,0
5669,드라마,4,4,47.1,175,전체관람가,1,0,0,1430,0
5670,스릴러,4,1,287.8,113,전체관람가,12,0,0,222,2
5671,애니메이션,1,1,78.4,153,15세,12,0,0,2025,3
5672,드라마,2,5,227.6,146,청불,7,1,1,893,0
5673,SF,1,1,273.1,127,청불,9,0,0,1119,0
5674,코미디,3,5,287.4,142,15세,12,1,0,1537,2
5675,호러,5,4,132.2,130,15세,5,1,0,1166,1
5676,SF,3,4,128.8,161,청불,10,0,1,2496,2
5677,코미디,3,4,238.2,153,15세,1,1,0,997,2
5678,드라마,5,5,240.5,84,12세,8,0,1,883,0
5679,로맨스,3,2,246.4,131,청불,1,0,0,143,0
5680,코미디,5,5,49.0,81,청불,5,0,0,665,0
5681,SF,2,2,58.2,86,15세,10,0,0,915,1
5682,SF,3,5,168.5,165,12세,2,0,0,463,0
5683,드라마,2,5,135.6,140,12세,11,0,0,2326,2
5684,애니메이션,1,3,72.9,144,전체관람가,4,0,0,1563,1
5685,SF,1,4,275.6,136,12세,1,1,0,127,2
5686,로맨스,4,2,21.0,163,12세,10,0,0,1184,0
5687,드라마,5,1,212.1,121,청불,8,1,0,403,0
5688,SF,3,1,24.1,169,12세,2,0,0,879,1
5689,드라마,2,4,107.1,176,12세,7,0,0,471,1
5690,SF,4,3,24.3,80,12세,7,0,1,2095,1
5691,코미디,2,3,81.0,143,15세,9,1,0,1308,2
5692,SF,2,4,239.3,155,전체관람가,1,0,0,2150,2
5693,호러,1,3,104.4,118,15세,5,0,1,213,0
5694,호러,5,1,104.8,131,전체관람가,6,0,0,725,0
5695,SF,1,5,142.1,130,15세,10,0,0,1179,1
5696,SF,1,1,177.5,115,15세,3,1,0,600,2
5697,액션,5,2,146.2,146,15세,8,0,0,1596,2
5698,코미디,4,1,294.0,179,12세,9,0,0,1032,1
5699,드라마,2,5,12.6,127,12세,10,0,0,1044,0
5700,애니메이션,1,2,73.6,84,청불,9,0,0,1270,1
5701,호러,2,2,250.4,100,12세,7,0,0,2356,3
5702,애니메이션,4,5,151.3,165,15세,4,1,0,1793,2
5703,스릴러,3,5,250.3,179,청불,1,0,0,1380,0
5704,SF,5,3,201.7,119,전체관람가,4,0,1,153,0
5705,SF,1,3,13.0,141,청불,1,0,1,1212,0
5706,애니메이션,4,1,94.5,120,15세,6,0,0,141,0
5707,코미디,1,3,177.7,170,15세,3,1,1,290,1
5708,SF,5,2,122.8,163,청불,2,1,1,1893,0
5709,호러,2,5,19.8,171,12세,1,0,1,613,0
5710,로맨스,4,4,211.7,164,15세,2,0,0,1033,1
5711,액션,5,1,186.5,94,전체관람가,9,0,0,300,1
5712,애니메이션,4,4,13.6,92,15세,4,0,0,1111,0
5713,코미디,2,1,138.6,105,청불,11,0,1,1729,1
5714,액션,4,2,33.1,124,청불,3,1,1,285,1
5715,SF,4,5,136.6,124,15세,3,0,1,447,0
5716,액션,5,4,4.9,89,15세,12,0,0,1245,0
5717,스릴러,4,4,20.6,128,12세,4,1,1,649,0
5718,코미디,4,3,164.4,139,전체관람가,11,0,1,1446,1
5719,애니메이션,1,2,291.7,121,15세,8,0,0,735,1
5720,액션,1,5,197.9,161,전체관람가,1,0,1,2369,2
5721,코미디,5,4,119.6,175,12세,8,0,0,150,0
5722,호러,4,3,212.7,86,15세,3,0,1,522,0
5723,드라마,2,5,262.5,177,15세,9,0,0,897,0
5724,코미디,1,4,51.2,171,전체관람가,8,1,0,652,1
5725,애니메이션,4,3,211.2,134,15세,5,0,1,1643,3
5726,SF,1,4,266.4,158,15세,8,1,1,735,3
5727,스릴러,2,2,48.9,118,15세,11,1,0,695,1
5728,SF,3,2,71.9,151,12세,4,0,0,2439,2
5729,스릴러,5,5,72.3,138,15세,8,0,1,1433,0
5730,액션,5,1,49.5,118,전체관람가,9,0,0,1192,0
5731,액션,5,3,231.7,94,12세,9,0,1,992,1
5732,코미디,3,3,131.4,158,12세,11,0,1,2356,3
5733,코미디,4,2,85.7,151,15세,10,0,0,1482,0
5734,로맨스,1,3,13.0,150,청불,3,1,1,1157,0
5735,SF,5,5,264.9,90,15세,9,0,0,1216,1
5736,호러,4,1,274.1,153,12세,1,1,0,1904,3
5737,호러,2,1,59.5,178,청불,6,0,0,918,0
5738,호러,1,3,62.4,156,15세,6,0,0,915,0
5739,SF,4,1,175.9,139,청불,11,0,1,405,0
5740,액션,3,2,292.8,152,전체관람가,9,0,0,1181,2
5741,애니메이션,5,5,224.2,149,12세,2,0,1,1427,1
5742,애니메이션,4,1,240.8,139,12세,4,0,0,263,0
5743,로맨스,5,1,170.3,178,15세,8,1,0,650,0
5744,코미디,1,5,2.9,133,15세,1,0,1,1937,1
5745,호러,1,3,59.2,137,청불,9,0,0,2323,1
5746,액션,1,2,236.7,156,12세,12,0,0,2475,3
5747,호러,1,5,58.4,142,15세,12,0,0,432,0
5748,액션,4,1,147.2,157,전체관람가,5,0,0,1604,1
5749,드라마,5,1,111.7,177,15세,12,0,0,1898,0
5750,애니메이션,5,3,155.9,89,청불,10,1,0,865,0
5751,코미디,4,1,291.0,169,전체관람가,4,1,0,1116,0
5752,액션,4,5,169.9,87,전체관람가,2,0,0,1017,1
5753,드라마,3,2,278.5,176,전체관람가,4,0,0,971,3
5754,로맨스,2,1,272.2,125,12세,8,0,0,108,2
5755,드라마,3,4,171.7,150,15세,11,1,0,1792,1
5756,SF,3,1,195.2,129,15세,6,0,1,2461,3
5757,애니메이션,4,1,196.3,141,15세,3,0,0,215,0
5758,드라마,5,5,164.9,110,15세,12,0,1,1152,0
5759,호러,5,2,91.6,123,15세,12,0,1,233,0
5760,SF,3,2,296.1,87,12세,11,0,1,825,1
5761,애니메이션,3,5,263.5,136,15세,6,0,0,782,0
5762,로맨스,3,4,266.1,179,12세,7,0,1,594,2
5763,로맨스,4,2,71.5,90,15세,10,0,0,1961,1
5764,호러,3,5,180.8,151,청불,5,0,1,449,0
5765,SF,1,1,140.3,109,청불,10,1,1,142,1
5766,액션,5,1,173.3,104,12세,10,0,0,2479,3
5767,코미디,2,2,76.3,144,12세,4,0,1,549,0
5768,애니메이션,3,4,99.5,134,15세,2,0,1,1290,0
5769,호러,2,2,172.6,133,15세,3,0,0,1062,0
5770,애니메이션,3,4,277.6,165,전체관람가,8,1,0,2476,3
5771,로맨스,2,5,272.5,165,12세,10,0,1,516,2
5772,애니메이션,5,1,264.0,92,15세,10,0,1,2282,2
5773,로맨스,4,5,111.2,150,전체관람가,1,0,1,2126,2
5774,드라마,2,3,121.5,133,12세,8,0,1,1440,1
5775,액션,2,4,57.0,168,전체관람가,6,0,0,2175,1
5776,스릴러,2,4,3.0,137,전체관람가,6,1,0,501,0
5777,코미디,3,1,234.8,169,15세,8,0,0,1038,1
5778,코미디,3,2,255.5,171,전체관람가,5,1,0,683,0
5779,호러,3,3,263.0,93,15세,11,0,0,2407,1
5780,애니메이션,3,1,86.9,165,전체관람가,11,1,0,184,0
5781,애니메이션,5,4,42.6,107,청불,1,0,1,622,0
5782,로맨스,5,4,36.4,171,15세,6,0,0,705,0
5783,애니메이션,3,1,282.7,134,전체관람가,3,1,0,855,2
5784,액션,3,5,171.9,88,15세,6,0,0,2436,2
5785,SF,1,1,281.0,142,15세,2,0,0,1700,2
5786,애니메이션,4,1,8.8,154,12세,5,0,1,2176,1
5787,호러,2,1,17.0,169,12세,12,0,0,1044,2
5788,애니메이션,1,4,55.0,171,전체관람가,8,0,0,1448,0
5789,애니메이션,3,1,257.9,90,15세,3,0,1,1953,1
5790,로맨스,5,4,215.9,165,12세,1,0,0,141,0
5791,드라마,3,5,291.0,80,전체관람가,9,0,1,1090,0
5792,액션,1,1,23.5,111,전체관람가,1,0,0,220,0
5793,스릴러,1,5,213.4,122,15세,11,1,1,2224,2
5794,드라마,4,1,255.0,151,15세,7,0,1,1071,1
5795,호러,2,3,157.2,111,12세,11,0,0,752,1
5796,코미디,1,5,182.7,159,15세,5,1,1,1027,2
5797,코미디,3,3,8.9,180,15세,6,1,0,2275,1
5798,로맨스,4,2,289.0,132,12세,7,0,1,457,0
5799,코미디,4,2,188.6,116,15세,4,1,0,546,0
5800,액션,2,3,270.6,112,15세,8,0,1,492,2
5801,액션,2,1,159.9,97,15세,8,0,0,2376,3
5802,호러,2,1,37.5,163,청불,5,0,0,1791,0
5803,액션,5,3,46.6,126,청불,12,1,0,2171,1
5804,스릴러,5,3,296.8,152,전체관람가,5,0,0,865,0
5805,코미디,5,5,56.9,172,15세,8,0,1,918,0
5806,호러,4,1,83.1,85,15세,7,0,0,1736,1
5807,드라마,1,3,33.9,110,15세,11,0,0,2187,2
5808,드라마,1,1,176.6,166,15세,3,0,0,2178,2
5809,드라마,3,5,174.0,174,15세,9,1,0,1906,2
5810,SF,5,3,81.9,155,15세,12,1,0,996,0
5811,애니메이션,4,4,49.1,101,청불,2,0,1,1697,1
5812,애니메이션,1,5,229.2,156,12세,6,0,1,2003,1
5813,드라마,5,2,51.2,104,15세,8,1,0,560,0
5814,스릴러,3,1,62.4,121,15세,7,0,1,709,3
5815,로맨스,5,1,44.2,168,12세,9,0,0,1999,0
5816,SF,1,4,30.7,167,12세,10,0,0,605,0
5817,코미디,1,4,26.7,160,15세,4,0,1,446,1
5818,액션,5,1,212.0,147,전체관람가,2,0,0,785,1
5819,로맨스,5,1,118.4,89,15세,11,0,0,1164,1
5820,드라마,1,3,22.6,161,12세,2,0,0,157,2
5821,애니메이션,4,5,141.5,113,15세,3,0,0,203,0
5822,애니메이션,3,5,34.2,149,12세,5,0,0,858,1
5823,호러,3,4,272.8,179,15세,9,0,0,473,0
5824,애니메이션,2,4,281.4,87,전체관람가,10,0,0,2325,3
5825,액션,3,3,194.0,85,12세,10,0,0,1145,1
5826,코미디,1,4,52.6,86,청불,8,1,0,1098,1
5827,드라마,5,1,215.4,139,청불,6,0,0,2392,1
5828,액션,3,4,284.2,103,15세,5,0,0,1942,2
5829,SF,5,1,106.3,154,12세,3,0,0,2052,2
5830,코미디,3,4,208.8,129,12세,2,0,0,1312,0
5831,애니메이션,1,1,37.0,145,12세,2,0,0,1760,3
5832,코미디,3,1,190.0,153,15세,6,0,0,964,1
5833,호러,3,2,44.7,144,12세,3,0,1,778,1
5834,SF,5,1,75.7,103,12세,4,0,0,352,0
5835,코미디,2,2,248.9,134,청불,7,0,0,391,1
5836,SF,2,4,207.4,92,12세,3,1,0,1432,1
5837,액션,3,2,256.1,157,15세,12,0,1,806,1
5838,애니메이션,2,1,12.5,176,15세,1,1,0,1401,3
5839,SF,1,4,201.5,118,청불,4,0,0,1467,1
5840,코미디,2,2,277.8,108,15세,6,0,1,827,0
5841,드라마,1,2,72.6,82,12세,9,0,0,525,1
5842,스릴러,3,4,167.2,158,전체관람가,9,0,0,1999,1
5843,스릴러,4,1,179.2,89,12세,11,0,1,319,0
5844,코미디,3,4,60.7,150,15세,4,0,1,432,0
5845,로맨스,3,4,246.9,154,15세,10,0,1,719,1
5846,호러,5,5,39.8,178,12세,9,1,0,688,0
5847,스릴러,2,4,49.6,91,12세,8,1,1,2154,1
5848,드라마,5,4,25.2,141,12세,5,1,1,1486,1
5849,액션,5,5,37.2,131,청불,1,0,0,854,0
5850,액션,4,1,270.9,90,15세,11,0,0,327,1
5851,SF,3,3,96.3,147,12세,8,0,0,2266,2
5852,드라마,3,4,254.9,141,12세,1,0,1,262,1
5853,코미디,4,4,149.0,172,12세,4,0,0,1356,1
5854,SF,2,2,25.3,168,15세,3,0,1,2407,3
5855,액션,1,1,206.9,154,15세,3,0,0,1606,2
5856,애니메이션,5,5,127.6,150,12세,2,0,1,1997,0
5857,코미디,3,3,260.4,173,전체관람가,10,0,1,1921,1
5858,코미디,3,4,34.8,132,15세,7,0,1,1153,0
5859,드라마,4,3,275.2,127,15세,9,0,0,2425,2
5860,SF,5,4,103.5,166,전체관람가,12,1,0,2077,1
5861,드라마,3,5,102.6,170,전체관람가,9,0,0,939,0
5862,로맨스,2,4,241.3,180,전체관람가,7,0,0,1154,1
5863,애니메이션,4,5,147.4,174,15세,11,0,0,120,0
5864,액션,3,4,159.0,135,15세,12,0,0,1579,3
5865,SF,1,3,85.6,111,전체관람가,1,1,1,2168,3
5866,SF,5,4,147.8,157,15세,7,0,0,1088,0
5867,스릴러,2,4,277.1,81,12세,9,0,0,1122,0
5868,액션,1,5,80.1,111,12세,4,1,1,353,1
5869,호러,2,5,169.7,109,12세,1,0,0,704,0
5870,로맨스,5,2,15.2,113,청불,6,0,0,2387,0
5871,호러,3,4,295.1,102,청불,7,1,0,1132,0
5872,SF,4,5,17.2,111,전체관람가,5,0,1,1706,0
5873,애니메이션,2,5,133.9,119,15세,11,0,0,1969,0
5874,코미디,2,5,256.6,173,15세,1,0,0,1959,1
5875,드라마,4,4,236.3,133,전체관람가,11,0,0,1316,1
5876,SF,1,5,125.0,84,전체관람가,3,0,0,228,0
5877,액션,4,4,176.9,131,전체관람가,12,0,0,2210,3
5878,코미디,5,3,173.5,129,12세,4,0,0,332,0
5879,호러,5,1,149.8,85,12세,2,0,0,1730,1
5880,스릴러,2,3,279.0,180,청불,2,1,1,759,1
5881,SF,4,2,126.8,96,청불,2,1,0,1152,1
5882,SF,3,1,30.4,137,15세,4,0,0,1325,1
5883,호러,1,4,217.6,174,12세,7,0,1,1616,1
5884,액션,3,5,2.9,103,15세,2,1,1,347,0
5885,코미디,1,2,253.5,114,12세,11,0,1,1480,2
5886,스릴러,5,1,91.6,81,12세,2,0,0,603,0
5887,스릴러,2,2,19.1,136,청불,12,0,1,2053,0
5888,액션,3,5,211.8,149,12세,2,0,1,1982,2
5889,코미디,3,1,186.9,84,15세,5,1,1,2380,3
5890,로맨스,5,2,203.4,105,15세,5,0,0,339,0
5891,스릴러,5,4,137.0,115,12세,3,0,0,676,0
5892,로맨스,2,3,167.8,106,전체관람가,4,1,0,2094,3
5893,액션,5,1,136.1,108,12세,11,0,0,1201,0
5894,SF,5,2,280.2,118,12세,8,0,0,1997,3
5895,로맨스,5,3,49.8,116,전체관람가,7,0,1,1929,1
5896,로맨스,2,1,55.1,154,12세,7,0,1,1494,2
5897,스릴러,2,2,140.6,112,12세,4,0,1,405,1
5898,애니메이션,3,5,99.1,111,15세,5,1,1,1373,0
5899,SF,4,3,195.7,152,청불,7,1,0,2004,1
5900,SF,5,2,143.4,149,12세,6,1,0,1593,1
5901,드라마,3,1,18.8,164,전체관람가,8,0,0,2393,2
5902,호러,5,5,268.0,155,전체관람가,12,0,1,668,0
5903,로맨스,4,3,40.4,100,전체관람가,10,0,1,1691,0
5904,SF,4,1,136.3,171,15세,6,0,0,1145,1
5905,SF,3,2,78.3,179,15세,3,1,0,1565,1
5906,SF,4,3,224.2,90,12세,7,0,1,779,0
5907,로맨스,1,5,143.6,124,12세,3,0,1,530,0
5908,호러,1,3,49.8,100,전체관람가,4,0,0,685,0
5909,애니메이션,3,1,232.1,139,청불,5,0,1,1910,3
5910,SF,2,2,176.0,89,12세,5,0,1,2068,3
5911,스릴러,2,2,213.0,91,전체관람가,4,0,1,1388,0
5912,드라마,2,2,156.3,146,12세,12,0,0,2011,3
5913,로맨스,2,3,280.3,145,전체관람가,5,0,0,869,1
5914,로맨스,1,5,106.4,123,청불,11,0,0,1964,1
5915,로맨스,4,1,112.8,173,청불,9,1,0,132,0
5916,SF,1,4,185.8,117,12세,12,0,0,888,1
5917,로맨스,5,4,233.2,108,12세,12,0,1,997,1
5918,액션,2,1,77.9,133,15세,11,0,1,1540,2
5919,애니메이션,2,5,205.9,168,15세,11,0,0,1733,1
5920,스릴러,5,3,99.9,172,청불,6,0,1,718,0
5921,드라마,3,2,290.8,102,15세,3,0,1,2030,2
5922,애니메이션,4,3,249.7,171,12세,9,1,1,1662,1
5923,로맨스,2,1,197.6,169,전체관람가,10,1,1,898,3
5924,스릴러,1,4,50.5,129,15세,5,0,1,1992,0
5925,호러,2,4,74.0,153,15세,9,0,0,553,0
5926,로맨스,1,2,36.2,127,청불,5,0,0,1275,0
5927,드라마,2,5,117.8,166,15세,3,1,0,1344,1
5928,드라마,1,4,169.7,151,12세,3,0,1,2302,1
5929,스릴러,4,1,106.5,101,전체관람가,4,0,0,1926,1
5930,애니메이션,4,2,46.9,101,12세,10,0,1,1078,2
5931,스릴러,1,3,204.6,129,15세,4,0,0,1129,2
5932,로맨스,5,1,100.4,91,15세,5,1,1,1437,0
5933,호러,5,5,266.6,130,12세,5,0,1,1815,0
5934,로맨스,2,5,205.8,108,12세,7,1,0,908,1
5935,호러,3,1,170.0,151,12세,12,0,0,1914,1
5936,스릴러,2,2,133.4,106,15세,5,0,0,880,1
5937,애니메이션,4,2,200.9,111,전체관람가,9,1,0,1868,2
5938,애니메이션,2,4,187.2,101,전체관람가,3,0,1,825,0
5939,로맨스,1,2,94.2,161,15세,8,0,0,1118,2
5940,액션,1,5,12.1,171,전체관람가,9,0,0,1632,3
5941,액션,5,5,255.1,121,청불,3,0,1,1098,1
5942,코미디,2,1,282.5,107,12세,6,0,1,2451,3
5943,호러,2,2,124.4,157,15세,11,0,0,172,0
5944,호러,4,3,265.8,144,15세,3,0,1,1687,2
5945,드라마,3,1,267.8,146,전체관람가,4,1,0,410,1
5946,SF,5,4,263.0,82,청불,8,0,1,1958,0
5947,SF,3,2,117.2,99,청불,5,0,0,1026,0
5948,스릴러,1,4,87.7,143,15세,8,0,1,942,1
5949,액션,5,5,289.0,105,15세,7,0,0,1412,1
5950,코미디,5,4,66.3,126,15세,9,1,1,363,0
5951,애니메이션,2,2,100.8,179,12세,4,0,0,1310,2
5952,액션,5,2,124.5,174,15세,7,0,0,417,0
5953,SF,3,4,185.5,137,청불,6,0,0,1275,0
5954,호러,5,4,17.3,126,12세,6,0,0,550,0
5955,호러,2,4,231.9,144,12세,4,0,0,658,0
5956,액션,3,1,113.4,176,12세,10,0,1,154,1
5957,코미디,4,2,157.2,148,청불,12,1,0,1276,0
5958,코미디,4,5,285.2,161,15세,3,1,0,1413,0
5959,스릴러,2,4,159.8,129,12세,4,0,0,192,0
5960,액션,3,2,282.6,170,12세,11,0,1,1767,3
5961,코미디,5,4,256.7,126,전체관람가,10,1,1,2026,1
5962,코미디,5,2,180.4,80,12세,5,0,1,524,0
5963,코미디,3,3,238.0,138,15세,6,0,0,2499,1
5964,호러,5,2,127.3,101,15세,10,1,1,568,0
5965,애니메이션,3,4,33.3,112,청불,4,0,1,722,0
5966,SF,1,2,28.9,156,12세,4,1,1,2356,3
5967,로맨스,1,4,286.8,178,12세,10,0,0,1273,1
5968,액션,2,1,155.6,110,15세,4,0,1,245,0
5969,애니메이션,4,3,229.1,112,12세,2,0,0,449,0
5970,애니메이션,3,2,132.0,156,전체관람가,2,0,0,1653,1
5971,로맨스,1,1,41.4,173,전체관람가,3,0,0,1980,3
5972,SF,4,1,105.6,144,12세,6,0,0,946,1
5973,코미디,1,4,266.7,122,12세,1,0,0,624,1
5974,애니메이션,3,4,123.6,165,15세,5,1,1,2042,1
5975,로맨스,5,2,186.5,141,15세,7,0,0,1896,1
5976,애니메이션,4,3,49.3,160,12세,3,0,0,367,0
5977,호러,5,5,279.2,157,12세,5,0,0,2425,0
5978,스릴러,2,3,165.7,114,12세,8,0,1,347,0
5979,호러,2,4,292.4,109,전체관람가,9,0,1,590,0
5980,스릴러,1,1,297.2,158,15세,4,1,0,1719,2
5981,SF,2,5,188.6,126,전체관람가,12,0,1,684,1
5982,로맨스,2,3,202.8,159,12세,10,0,0,642,0
5983,SF,1,5,112.4,151,15세,7,0,0,2170,3
5984,액션,4,2,140.1,121,12세,9,0,1,947,1
5985,SF,5,5,224.9,118,15세,6,0,0,2098,1
5986,스릴러,3,3,283.1,138,15세,10,0,1,2402,1
5987,SF,2,1,236.7,151,청불,4,1,0,1939,3
5988,스릴러,5,3,81.7,170,15세,5,0,0,1062,0
5989,스릴러,4,3,241.1,122,15세,4,0,1,1361,1
5990,로맨스,1,4,276.8,139,15세,4,0,0,2258,3
5991,스릴러,3,5,217.4,170,15세,5,0,0,2078,0
5992,호러,1,1,104.5,138,15세,12,0,0,1184,3
5993,드라마,4,5,214.9,164,전체관람가,12,0,0,292,1
5994,애니메이션,4,2,88.6,94,전체관람가,8,0,1,1618,2
5995,호러,3,4,1.3,141,15세,5,0,0,2386,0
5996,스릴러,3,2,14.0,167,12세,5,0,0,411,0
5997,호러,3,3,149.4,94,12세,7,0,1,820,2
5998,SF,3,5,294.4,109,12세,12,0,1,111,0
5999,애니메이션,1,5,103.5,156,15세,1,0,1,1410,2
6000,호러,3,1,66.2,107,청불,4,1,0,2260,0
6001,로맨스,2,3,269.3,158,15세,9,1,0,2497,3
6002,SF,3,1,134.4,93,12세,3,0,1,1792,2
6003,코미디,2,2,122.4,103,전체관람가,10,0,0,506,2
6004,액션,5,5,99.0,118,15세,10,0,1,120,0
6005,스릴러,5,3,127.1,108,전체관람가,10,0,1,311,0
6006,스릴러,4,5,188.4,95,15세,11,0,0,1347,0
6007,스릴러,5,3,84.0,81,청불,5,0,0,2202,0
6008,애니메이션,2,4,193.2,135,15세,5,0,0,635,0
6009,드라마,2,1,61.4,139,15세,2,1,0,1883,2
6010,드라마,2,1,166.0,156,15세,5,1,1,1957,3
6011,스릴러,2,1,37.1,148,15세,12,0,0,754,1
6012,드라마,4,5,82.8,117,전체관람가,1,0,1,2363,2
6013,드라마,5,5,221.1,131,12세,7,1,0,1617,2
6014,스릴러,2,2,225.9,132,전체관람가,9,1,0,1099,0
6015,드라마,1,2,95.4,119,청불,1,0,0,1117,2
6016,SF,5,2,136.2,138,청불,12,0,1,282,0
6017,로맨스,2,2,174.9,173,15세,4,0,0,837,3
6018,호러,2,1,237.9,94,15세,3,0,1,1876,2
6019,코미디,1,3,239.3,178,15세,9,0,1,1584,2
6020,SF,4,4,181.8,156,청불,3,0,0,2245,1
6021,애니메이션,2,1,33.0,171,15세,3,1,0,764,0
6022,SF,5,3,246.6,175,12세,12,0,1,2132,1
6023,액션,5,3,214.2,86,15세,8,0,1,2126,2
6024,호러,1,1,119.8,113,15세,6,0,1,1477,1
6025,코미디,3,4,206.8,144,12세,9,0,1,903,0
6026,호러,2,2,36.4,120,15세,11,0,0,1440,1
6027,호러,2,4,178.6,124,15세,5,0,0,1902,2
6028,코미디,4,2,29.6,141,15세,10,0,0,1254,0
6029,호러,1,1,244.0,169,12세,8,0,1,1313,2
6030,액션,2,5,202.7,117,15세,2,0,0,1500,1
6031,드라마,2,5,203.2,160,15세,7,0,1,811,0
6032,SF,2,1,115.1,115,12세,1,0,1,1252,3
6033,SF,2,2,130.8,137,12세,3,0,1,693,1
6034,호러,3,1,151.7,102,12세,3,0,0,251,0
6035,스릴러,3,2,131.2,97,15세,1,0,0,1919,3
6036,로맨스,2,5,208.5,168,12세,2,0,0,294,0
6037,스릴러,5,2,103.1,101,전체관람가,10,1,0,526,0
6038,애니메이션,2,2,80.4,81,12세,9,0,1,1186,1
6039,액션,5,2,118.6,89,청불,2,0,0,138,0
6040,코미디,5,4,258.0,157,12세,10,0,0,2148,2
6041,SF,1,1,72.4,144,15세,9,0,0,202,0
6042,코미디,3,5,211.4,150,전체관람가,4,0,1,1362,0
6043,애니메이션,1,5,295.5,149,15세,2,1,0,926,2
6044,드라마,5,1,55.4,133,청불,4,0,1,1257,1
6045,SF,4,1,232.8,140,12세,4,1,0,982,1
6046,로맨스,4,1,222.5,110,15세,3,0,0,155,0
6047,애니메이션,1,1,156.9,142,15세,4,0,1,929,2
6048,SF,1,2,137.3,164,12세,10,0,0,483,1
6049,로맨스,2,3,162.4,95,청불,11,0,0,1804,1
6050,로맨스,4,3,130.5,130,12세,7,0,0,1286,0
6051,드라마,4,5,284.3,87,15세,1,0,1,2475,1
6052,SF,1,1,16.4,115,12세,10,0,1,468,1
6053,호러,5,2,178.4,97,15세,10,0,1,462,0
6054,로맨스,1,3,5.4,151,12세,3,0,0,2348,1
6055,호러,3,4,258.6,151,전체관람가,6,0,0,921,0
6056,액션,3,2,249.4,148,12세,1,0,0,536,1
6057,액션,5,3,47.8,142,15세,6,1,0,947,0
6058,액션,5,4,4.2,160,전체관람가,5,0,1,2015,0
6059,드라마,5,1,228.1,100,15세,9,0,1,1275,2
6060,로맨스,5,4,238.6,162,15세,4,0,1,1721,0
6061,로맨스,2,2,116.1,122,청불,9,0,1,1693,2
6062,애니메이션,2,1,66.6,145,15세,2,1,0,239,1
6063,스릴러,4,4,74.9,140,12세,7,1,0,2302,3
6064,SF,1,3,256.4,171,15세,8,0,0,2358,3
6065,코미디,5,1,107.8,95,15세,2,0,1,1597,1
6066,SF,5,1,275.6,114,전체관람가,8,0,1,939,0
6067,코미디,3,2,112.0,152,전체관람가,7,0,1,2265,2
6068,호러,1,4,41.6,110,15세,5,0,0,1938,0
6069,애니메이션,3,5,252.5,166,12세,7,0,0,1186,0
6070,액션,2,5,180.2,175,12세,5,0,1,1608,0
6071,스릴러,2,1,94.2,82,15세,8,0,0,280,0
6072,스릴러,2,1,223.2,160,12세,11,0,0,1424,2
6073,스릴러,1,5,101.4,144,청불,2,0,1,1683,2
6074,호러,3,5,100.5,127,12세,4,0,0,1917,0
6075,액션,2,1,138.6,148,청불,3,0,0,745,0
6076,코미디,5,2,71.0,81,12세,3,0,1,1608,1
6077,스릴러,5,5,64.3,87,15세,5,0,0,1707,1
6078,애니메이션,5,3,148.7,157,전체관람가,1,0,0,1176,0
6079,코미디,5,1,286.2,114,12세,7,0,0,691,0
6080,SF,4,3,124.5,174,청불,2,0,0,315,0
6081,스릴러,2,1,55.7,149,12세,10,0,0,2307,2
6082,애니메이션,2,5,210.5,86,12세,8,1,0,1243,0
6083,SF,4,4,8.7,141,15세,6,0,1,1555,0
6084,호러,1,1,272.6,132,15세,9,0,0,188,0
6085,호러,3,3,205.6,175,12세,1,0,1,584,0
6086,액션,2,2,98.9,154,청불,7,0,0,1909,3
6087,액션,5,3,134.1,104,청불,6,0,1,1704,0
6088,드라마,3,1,36.3,153,청불,5,0,1,1430,1
6089,드라마,5,2,159.8,128,12세,9,0,0,1742,1
6090,호러,2,4,268.4,168,12세,4,0,1,2452,3
6091,SF,5,3,195.7,146,전체관람가,6,1,0,1247,2
6092,애니메이션,2,4,234.1,141,전체관람가,2,0,1,2449,2
6093,SF,2,4,245.6,80,청불,9,0,1,1199,1
6094,로맨스,3,3,299.6,145,15세,11,1,0,830,1
6095,SF,5,2,95.4,110,12세,5,0,1,1723,2
6096,스릴러,5,4,171.0,178,12세,5,1,0,2478,1
6097,코미디,4,5,11.0,145,12세,10,1,0,184,0
6098,호러,4,4,24.4,170,12세,7,0,0,322,0
6099,호러,5,3,103.9,104,12세,3,1,0,2010,1
6100,애니메이션,5,3,7.5,145,15세,1,0,0,582,0
6101,액션,3,2,275.2,85,15세,4,0,1,1810,2
6102,액션,5,5,13.6,179,15세,12,1,1,1080,0
6103,로맨스,4,2,103.1,104,전체관람가,3,0,0,1872,2
6104,드라마,4,1,88.8,174,15세,11,0,0,1294,1
6105,드라마,1,5,81.3,116,청불,6,0,0,2271,2
6106,액션,4,1,243.9,105,12세,10,0,1,137,2
6107,호러,2,3,31.9,156,12세,2,0,0,429,1
6108,SF,2,4,181.2,139,15세,3,0,0,159,0
6109,SF,1,1,187.7,134,15세,2,0,0,362,3
6110,코미디,5,3,222.7,179,15세,10,0,0,2497,0
6111,드라마,1,2,103.6,169,12세,8,1,0,142,2
6112,SF,4,3,42.7,161,15세,2,0,0,1673,0
6113,드라마,5,1,228.8,146,12세,3,0,0,317,2
6114,호러,3,4,228.9,178,15세,7,0,1,825,0
6115,액션,4,4,293.5,84,12세,11,0,0,858,0
6116,스릴러,1,1,299.6,180,15세,4,0,0,658,2
6117,액션,2,3,212.1,157,15세,5,0,0,955,0
6118,액션,1,4,265.3,137,12세,12,1,0,1274,3
6119,호러,5,4,245.0,86,15세,5,0,0,1212,0
6120,로맨스,5,4,220.2,112,청불,8,0,1,2096,1
6121,애니메이션,4,2,58.5,136,청불,1,1,0,2097,1
6122,애니메이션,4,2,35.1,131,15세,2,1,0,2120,2
6123,액션,2,1,132.2,160,15세,9,0,1,973,0
6124,SF,1,2,37.0,97,12세,7,0,0,1750,2
6125,로맨스,2,5,154.5,154,12세,10,1,1,727,1
6126,액션,5,4,192.0,87,청불,4,0,1,437,0
6127,SF,4,3,93.0,95,청불,2,0,0,292,0
6128,애니메이션,5,4,262.2,174,전체관람가,7,1,1,2001,1
6129,호러,3,4,186.2,100,15세,6,1,0,2323,1
6130,코미디,4,1,296.5,116,15세,4,1,1,214,1
6131,SF,5,2,136.5,172,청불,6,0,0,627,0
6132,호러,4,2,219.0,127,청불,11,1,0,2386,3
6133,코미디,3,1,48.2,117,전체관람가,1,1,0,2479,3
6134,애니메이션,5,2,157.3,88,15세,11,1,0,2258,1
6135,애니메이션,5,3,147.6,144,15세,7,0,0,278,0
6136,애니메이션,3,4,91.9,91,청불,10,0,0,2334,1
6137,액션,2,3,114.9,174,12세,8,0,0,2347,2
6138,드라마,3,1,224.2,138,전체관람가,2,0,0,1090,2
6139,SF,2,5,282.8,148,15세,5,0,0,433,0
6140,로맨스,2,5,263.5,84,15세,12,0,0,133,0
6141,스릴러,2,4,71.4,84,청불,12,0,0,1599,0
6142,드라마,3,2,91.6,119,15세,1,1,1,550,1
6143,코미디,3,2,8.2,91,청불,7,0,0,1501,2
6144,SF,2,4,57.6,154,15세,2,0,0,1442,0
6145,호러,5,4,89.2,172,12세,11,0,0,333,0
6146,로맨스,2,1,47.8,169,15세,1,0,0,751,1
6147,SF,3,4,148.0,120,전체관람가,8,0,1,1905,2
6148,드라마,2,1,30.6,82,12세,7,0,0,710,3
6149,코미디,2,3,7.3,81,15세,6,0,0,261,0
6150,드라마,4,1,278.0,109,청불,11,0,0,1046,0
6151,스릴러,2,3,254.5,97,12세,3,1,0,1699,2
6152,호러,4,3,130.5,157,15세,5,1,1,361,0
6153,SF,2,4,75.3,174,전체관람가,7,0,1,1075,1
6154,SF,2,1,143.6,143,12세,1,0,0,806,1
6155,로맨스,4,2,151.2,140,청불,8,0,1,2281,1
6156,액션,5,2,103.7,138,청불,6,0,1,613,0
6157,호러,3,5,36.8,174,15세,6,0,0,1448,0
6158,스릴러,4,4,199.8,128,15세,8,0,0,2199,2
6159,SF,2,3,131.4,112,전체관람가,9,0,1,125,0
6160,애니메이션,5,3,21.8,132,15세,8,0,0,1011,0
6161,액션,5,2,3.7,87,12세,3,0,0,1241,0
6162,액션,1,2,74.6,149,12세,12,0,0,2146,3
6163,액션,1,1,46.0,149,12세,1,0,1,843,1
6164,호러,5,2,245.1,98,청불,2,0,1,2440,1
6165,코미디,1,4,286.6,120,12세,10,0,1,2184,3
6166,액션,4,2,38.9,177,청불,8,1,0,415,1
6167,코미디,1,4,37.2,126,15세,6,1,1,2317,2
6168,SF,1,5,34.2,130,15세,6,0,0,846,0
6169,애니메이션,5,3,130.6,84,12세,4,0,0,1398,1
6170,애니메이션,3,5,219.1,120,청불,10,0,0,1314,0
6171,애니메이션,2,4,162.4,179,15세,5,1,0,1708,3
6172,애니메이션,2,4,133.0,153,15세,6,0,1,1985,2
6173,SF,5,2,43.2,121,15세,11,0,1,2102,1
6174,스릴러,5,4,183.2,137,전체관람가,2,0,0,2479,1
6175,코미디,3,1,194.1,96,12세,2,0,0,527,1
6176,액션,3,1,225.5,97,12세,11,0,1,800,1
6177,드라마,4,4,289.2,133,12세,3,0,0,469,0
6178,스릴러,1,5,254.0,123,전체관람가,12,0,0,2239,2
6179,액션,1,4,189.5,172,청불,12,1,0,923,2
6180,애니메이션,2,1,191.3,132,15세,4,0,0,369,1
6181,애니메이션,2,5,123.4,157,청불,4,0,0,258,0
6182,드라마,3,2,108.4,147,15세,2,1,0,1860,2
6183,드라마,1,5,217.4,132,전체관람가,7,1,1,259,1
6184,드라마,1,2,74.2,156,12세,12,1,1,754,3
6185,드라마,2,1,25.0,137,전체관람가,8,0,1,1518,1
6186,코미디,1,3,269.2,162,15세,3,0,1,2416,3
6187,SF,5,3,209.8,160,12세,5,0,1,1884,0
6188,로맨스,4,3,264.2,92,15세,12,0,0,294,1
6189,코미디,2,1,205.4,134,12세,3,0,0,1802,2
6190,드라마,4,5,287.6,146,청불,4,0,1,855,0
6191,로맨스,3,5,41.9,172,12세,6,0,0,999,0
6192,SF,2,5,127.3,81,청불,7,0,1,878,0
6193,애니메이션,3,4,83.1,140,전체관람가,4,0,0,1465,1
6194,스릴러,2,4,161.1,168,전체관람가,9,0,1,1642,1
6195,애니메이션,5,5,149.5,85,전체관람가,11,0,1,1268,0
6196,드라마,2,1,170.8,101,12세,6,0,1,2028,3
6197,드라마,3,4,288.8,109,15세,9,0,0,1780,1
6198,액션,3,2,9.4,109,12세,9,1,1,108,1
6199,로맨스,5,4,274.4,160,전체관람가,5,0,1,1070,1
6200,애니메이션,4,3,100.3,166,15세,10,0,1,1302,1
6201,로맨스,4,3,267.6,87,15세,8,1,1,980,2
6202,코미디,3,5,292.1,133,12세,1,0,1,1302,0
6203,애니메이션,3,1,250.8,99,15세,2,1,1,1252,2
6204,로맨스,5,3,180.4,143,15세,1,0,0,1151,1
6205,로맨스,4,4,183.0,177,12세,7,1,0,1451,2
6206,로맨스,5,2,67.8,115,15세,1,1,0,2100,2
6207,로맨스,3,4,109.6,84,15세,1,0,0,1019,0
6208,호러,5,2,250.5,117,전체관람가,4,0,1,1870,1
6209,애니메이션,1,3,96.6,140,12세,1,1,1,1130,1
6210,드라마,2,3,125.0,136,전체관람가,3,0,0,1925,2
6211,코미디,5,4,27.9,90,12세,6,0,0,1020,0
6212,액션,2,4,152.9,155,청불,1,1,1,1897,2
6213,SF,1,4,212.5,129,청불,3,0,0,1355,1
6214,애니메이션,5,3,97.7,141,청불,5,0,1,2164,1
6215,SF,1,4,123.0,95,12세,2,0,0,1748,3
6216,로맨스,2,3,214.9,133,15세,3,0,0,1032,1
6217,액션,3,3,251.6,123,청불,3,0,1,1890,2
6218,애니메이션,3,4,245.2,160,12세,8,0,0,1084,2
6219,로맨스,5,4,221.8,169,15세,1,0,1,868,0
6220,애니메이션,1,2,276.3,96,전체관람가,3,0,1,310,2
6221,드라마,5,1,26.6,174,15세,5,1,1,1887,1
6222,스릴러,2,5,139.7,163,12세,10,0,0,438,0
6223,코미디,1,4,216.9,125,청불,5,0,0,1861,0
6224,스릴러,2,5,207.0,146,15세,9,0,1,628,0
6225,호러,2,2,165.2,98,15세,7,1,1,1362,3
6226,드라마,2,1,256.7,91,전체관람가,2,0,0,2036,3
6227,액션,3,5,114.4,139,15세,5,0,0,1112,0
6228,호러,4,4,14.9,122,15세,6,0,1,1863,0
6229,액션,1,5,129.0,149,15세,12,0,0,996,2
6230,스릴러,1,3,204.2,161,12세,7,0,0,1235,2
6231,호러,2,1,43.8,180,청불,7,0,0,854,0
6232,로맨스,3,1,281.2,131,15세,3,0,0,1321,2
6233,액션,4,4,250.7,159,전체관람가,1,0,0,2349,2
6234,호러,5,5,12.7,84,15세,5,1,1,412,0
6235,액션,1,1,220.0,87,12세,1,1,1,391,3
6236,애니메이션,4,5,87.3,143,전체관람가,7,0,0,1424,1
6237,액션,3,2,85.5,152,청불,3,0,1,1385,0
6238,SF,2,1,181.0,83,청불,8,0,0,1389,1
6239,SF,3,2,212.3,158,12세,2,1,0,622,3
6240,스릴러,5,3,136.7,167,15세,9,0,0,1386,0
6241,스릴러,4,5,169.0,147,청불,10,0,0,2065,0
6242,애니메이션,4,4,132.3,165,12세,3,0,1,1301,0
6243,액션,3,5,274.2,97,12세,8,1,0,762,1
6244,드라마,1,3,81.9,176,전체관람가,8,0,1,987,0
6245,애니메이션,1,1,265.8,153,15세,10,0,1,811,1
6246,스릴러,5,5,1.2,164,15세,1,0,0,2136,0
6247,스릴러,5,2,241.5,95,15세,4,0,1,2044,0
6248,스릴러,5,3,37.3,124,청불,6,0,1,1941,0
6249,SF,3,4,272.2,118,12세,3,1,1,2440,3
6250,SF,3,4,32.5,156,12세,2,0,0,2456,0
6251,로맨스,2,1,278.7,86,전체관람가,5,1,1,1606,3
6252,코미디,4,5,95.7,93,청불,2,0,1,2323,1
6253,코미디,4,1,49.2,103,15세,7,0,0,178,0
6254,SF,3,2,241.1,97,15세,9,0,0,1920,2
6255,드라마,4,4,232.0,162,전체관람가,4,0,0,250,0
6256,코미디,4,5,268.6,120,12세,3,1,1,339,0
6257,액션,2,2,281.6,151,15세,8,0,0,2484,3
6258,액션,5,1,13.5,136,15세,10,0,0,2405,1
6259,애니메이션,5,1,251.1,146,15세,2,1,0,2060,3
6260,로맨스,2,4,186.7,130,15세,10,0,1,1693,1
6261,드라마,1,3,85.6,113,12세,3,0,1,1579,2
6262,드라마,5,4,8.4,113,청불,8,0,1,876,0
6263,코미디,1,3,177.2,173,청불,1,0,1,709,0
6264,스릴러,2,1,142.8,154,15세,11,1,0,1942,3
6265,액션,4,5,253.0,102,전체관람가,12,0,1,1983,2
6266,스릴러,4,3,24.0,123,전체관람가,5,0,0,340,0
6267,액션,1,4,66.4,165,15세,2,0,1,316,0
6268,코미디,3,5,202.9,140,12세,7,1,1,2321,3
6269,호러,3,2,53.6,92,12세,4,1,0,450,0
6270,스릴러,5,4,168.7,98,전체관람가,2,0,1,500,0
6271,코미디,2,1,127.6,119,전체관람가,5,0,1,825,2
6272,SF,3,4,261.2,103,15세,3,1,0,2209,2
6273,SF,3,4,273.8,145,15세,6,1,0,2446,3
6274,로맨스,4,1,290.6,172,15세,3,0,1,2205,3
6275,드라마,4,1,195.1,125,전체관람가,8,1,0,1760,3
6276,SF,1,5,178.0,135,12세,9,0,1,882,1
6277,액션,2,5,230.3,120,12세,11,0,1,1617,2
6278,코미디,1,3,9.6,164,12세,11,0,1,1585,0
6279,스릴러,3,4,276.6,126,15세,4,0,1,918,1
6280,호러,2,5,125.8,155,12세,8,0,0,368,0
6281,호러,3,2,24.4,133,15세,5,0,0,1206,0
6282,스릴러,2,4,281.6,117,전체관람가,6,0,0,1448,2
6283,스릴러,2,3,74.8,111,12세,8,0,1,432,1
6284,호러,2,4,262.4,118,청불,10,0,1,1931,0
6285,호러,3,4,153.0,177,15세,12,0,1,1684,1
6286,액션,2,1,219.3,115,전체관람가,2,0,0,484,2
6287,코미디,2,2,282.4,175,전체관람가,7,1,0,1007,2
6288,코미디,1,5,189.4,142,12세,7,0,0,1804,2
6289,호러,2,4,207.4,148,전체관람가,8,0,0,1073,2
6290,코미디,4,1,240.2,117,12세,9,0,0,1633,2
6291,로맨스,2,1,296.3,92,15세,9,0,1,317,3
6292,드라마,5,4,208.4,139,15세,11,0,0,2351,1
6293,드라마,4,5,31.4,116,15세,1,0,0,868,0
6294,호러,1,1,205.7,126,12세,10,1,0,632,2
6295,액션,5,4,299.5,151,15세,9,0,0,1494,0
6296,액션,1,3,290.2,149,15세,12,0,0,1903,3
6297,액션,2,5,51.8,144,15세,4,0,0,2323,2
6298,액션,2,3,241.1,113,15세,10,0,1,1139,0
6299,애니메이션,4,4,88.0,83,12세,12,0,1,921,1
6300,드라마,2,5,82.1,129,전체관람가,11,0,0,1748,1
6301,호러,1,4,190.8,166,12세,9,0,0,1885,1
6302,액션,3,2,219.6,109,청불,10,0,0,380,0
6303,코미디,5,4,116.0,102,청불,12,1,1,1441,0
6304,스릴러,1,2,217.1,158,12세,4,0,0,997,2
6305,호러,4,4,131.8,135,12세,9,0,1,1868,1
6306,로맨스,5,2,24.9,166,15세,3,0,0,775,0
6307,드라마,1,5,267.0,180,12세,2,0,1,398,1
6308,스릴러,1,4,113.8,95,15세,3,0,0,605,1
6309,호러,1,4,196.1,114,15세,2,0,1,1246,2
6310,로맨스,1,4,50.4,158,15세,6,1,1,880,1
6311,호러,4,4,168.9,89,15세,2,0,0,552,0
6312,코미디,4,3,55.3,148,15세,6,0,0,636,0
6313,애니메이션,5,4,209.5,158,15세,1,0,0,2117,2
6314,SF,5,2,68.1,134,15세,6,1,0,2082,2
6315,SF,4,2,287.3,112,청불,12,0,1,1442,1
6316,로맨스,4,4,185.5,124,12세,4,0,0,2187,2
6317,로맨스,3,5,83.8,96,15세,7,0,1,928,0
6318,SF,2,2,285.5,114,15세,1,0,0,960,2
6319,로맨스,2,5,58.8,131,12세,7,1,0,2320,3
6320,SF,5,2,137.4,164,12세,1,1,1,1841,1
6321,드라마,2,2,15.5,86,15세,12,0,0,499,1
6322,SF,1,5,18.5,122,15세,8,0,0,1577,1
6323,액션,1,2,89.9,137,전체관람가,4,0,0,1879,3
6324,스릴러,2,5,82.3,93,12세,10,0,1,2171,1
6325,애니메이션,5,4,152.2,102,12세,4,0,1,1376,0
6326,코미디,1,1,190.3,120,15세,9,1,1,2340,3
6327,액션,2,4,34.8,82,12세,3,0,1,1190,0
6328,애니메이션,5,3,155.3,84,12세,4,0,0,313,0
6329,드라마,4,5,254.6,153,15세,7,0,0,861,2
6330,애니메이션,3,4,92.4,96,전체관람가,12,1,0,978,1
6331,코미디,5,2,22.4,165,청불,1,0,0,1327,1
6332,코미디,2,3,50.0,135,전체관람가,4,0,1,2310,3
6333,드라마,2,5,278.2,149,전체관람가,1,0,0,1067,1
6334,애니메이션,3,2,276.3,113,청불,6,0,1,909,0
6335,스릴러,1,5,253.3,103,15세,2,1,0,207,0
6336,드라마,1,3,80.1,141,전체관람가,11,0,1,310,0
6337,로맨스,3,4,86.0,176,12세,7,0,0,2338,2
6338,액션,4,1,18.4,133,15세,4,0,1,2100,0
6339,드라마,2,4,121.4,115,15세,10,0,0,287,0
6340,드라마,2,4,58.2,124,15세,7,1,1,1412,1
6341,스릴러,1,5,130.3,180,15세,10,0,0,1552,1
6342,SF,5,1,60.2,161,12세,6,0,1,2221,3
6343,드라마,3,4,60.2,110,청불,2,1,1,1930,2
6344,코미디,3,1,73.0,111,12세,1,0,0,2379,3
6345,코미디,1,4,284.5,80,15세,6,0,1,534,1
6346,호러,1,1,244.6,141,12세,3,0,1,2393,3
6347,호러,3,5,132.4,157,전체관람가,7,0,1,1902,1
6348,코미디,1,5,4.5,82,12세,7,0,0,2258,1
6349,코미디,5,4,33.7,162,전체관람가,1,0,0,2230,1
6350,호러,1,5,30.5,177,15세,1,0,0,201,0
6351,로맨스,2,1,49.8,148,청불,12,0,0,2367,2
6352,스릴러,4,1,86.9,87,15세,9,0,1,2199,0
6353,코미디,4,1,69.5,172,15세,8,0,0,2262,2
6354,액션,4,2,57.9,95,12세,12,0,1,2117,2
6355,애니메이션,4,5,182.2,107,15세,5,0,1,1343,0
6356,로맨스,5,1,170.8,104,15세,9,1,0,1177,0
6357,액션,1,2,83.5,142,12세,12,1,0,2195,3
6358,로맨스,3,1,206.3,80,전체관람가,11,1,1,2471,3
6359,드라마,1,3,255.7,148,청불,9,0,1,964,0
6360,애니메이션,4,2,218.1,151,15세,12,1,0,2321,2
6361,액션,2,2,70.8,127,15세,4,0,1,2301,2
6362,스릴러,4,1,213.7,105,청불,8,0,1,1366,1
6363,액션,3,1,3.1,121,15세,6,0,1,378,0
6364,호러,4,3,62.1,150,청불,11,0,1,1540,0
6365,애니메이션,1,2,239.7,133,12세,2,1,0,174,2
6366,스릴러,1,3,236.8,103,15세,5,0,1,1707,2
6367,로맨스,3,3,78.6,134,전체관람가,3,0,0,1187,1
6368,액션,1,4,73.3,91,청불,3,0,0,518,0
6369,코미디,5,2,272.4,167,15세,5,1,1,1129,1
6370,애니메이션,1,4,219.5,135,15세,7,0,1,431,1
6371,SF,4,1,218.8,93,12세,10,1,0,2354,3
6372,SF,5,4,135.1,171,전체관람가,11,1,0,1374,0
6373,코미디,4,4,57.6,168,12세,9,1,1,791,0
6374,로맨스,5,2,260.2,176,12세,6,1,0,337,0
6375,스릴러,4,3,57.9,84,12세,3,0,0,1030,0
6376,로맨스,5,1,240.6,148,15세,5,0,0,1185,0
6377,코미디,1,4,71.6,167,12세,1,0,1,1199,0
6378,애니메이션,5,2,172.1,129,전체관람가,6,0,0,1246,1
6379,호러,1,2,164.8,165,전체관람가,3,0,1,538,0
6380,스릴러,2,1,166.9,102,12세,8,0,1,127,1
6381,드라마,2,3,143.9,92,15세,2,0,0,1634,1
6382,액션,3,1,55.0,158,15세,9,0,0,1942,1
6383,SF,1,2,70.7,139,15세,12,0,0,770,1
6384,SF,4,5,28.2,101,12세,1,0,1,2344,2
6385,애니메이션,1,5,44.5,112,전체관람가,4,0,0,1251,0
6386,애니메이션,1,5,213.7,97,15세,11,0,1,1344,1
6387,호러,4,1,14.2,86,청불,9,0,0,2247,0
6388,애니메이션,3,3,88.8,115,청불,3,0,0,2250,1
6389,로맨스,3,5,116.8,172,12세,9,0,1,2387,1
6390,애니메이션,1,2,54.2,86,청불,11,0,0,383,0
6391,스릴러,4,2,178.6,105,12세,3,1,0,484,0
6392,호러,4,2,250.7,90,청불,9,1,0,2498,3
6393,코미디,2,4,168.5,83,12세,4,0,0,1720,1
6394,로맨스,4,3,124.7,84,15세,3,0,1,1631,0
6395,애니메이션,2,5,290.4,127,12세,1,1,1,1763,3
6396,로맨스,4,3,171.1,108,15세,2,0,0,2422,3
6397,호러,5,4,202.4,179,15세,6,0,0,1173,0
6398,호러,2,2,88.0,177,15세,6,0,0,1933,1
6399,호러,4,2,119.7,179,전체관람가,5,0,0,1326,1
6400,코미디,5,3,179.6,163,전체관람가,7,0,0,1382,2
6401,SF,5,2,97.5,142,15세,5,1,0,2312,2
6402,코미디,3,5,246.9,117,12세,4,1,0,1484,1
6403,코미디,2,4,53.4,155,12세,12,0,0,1948,2
6404,드라마,3,2,113.7,87,청불,7,0,0,363,0
6405,코미디,2,2,159.3,117,전체관람가,7,1,0,618,2
6406,로맨스,1,3,102.1,155,12세,11,1,1,1464,2
6407,호러,2,4,99.2,166,전체관람가,12,0,1,1555,0
6408,로맨스,1,5,276.2,156,15세,12,0,1,515,0
6409,스릴러,4,1,42.0,134,12세,4,0,1,2084,1
6410,드라마,5,5,278.8,124,전체관람가,11,1,1,2413,1
6411,드라마,3,3,270.9,85,12세,11,0,1,1610,2
6412,호러,5,5,251.8,166,12세,7,0,0,1769,1
6413,로맨스,1,1,255.1,84,전체관람가,4,0,1,1153,1
6414,호러,5,4,203.1,140,15세,12,0,1,2212,1
6415,스릴러,3,2,169.8,135,청불,11,0,0,269,0
6416,스릴러,1,2,151.4,140,15세,9,0,1,2170,3
6417,액션,3,1,284.7,141,15세,1,0,0,150,0
6418,애니메이션,2,2,60.7,106,15세,8,0,1,2180,3
6419,스릴러,2,1,172.5,138,15세,9,0,0,255,0
6420,액션,3,1,291.6,177,15세,5,0,0,465,1
6421,드라마,3,5,295.7,96,15세,4,1,0,452,0
6422,스릴러,2,3,263.6,95,15세,12,0,0,792,1
6423,액션,3,5,86.4,153,12세,5,0,1,896,0
6424,드라마,3,5,223.8,123,15세,12,0,0,2193,2
6425,스릴러,4,3,182.0,121,청불,7,0,0,1322,0
6426,로맨스,2,2,175.2,154,15세,5,0,0,2298,3
6427,호러,5,3,281.6,111,15세,12,0,0,1273,0
6428,코미디,3,5,29.5,91,15세,2,1,0,2413,2
6429,SF,5,3,18.8,103,12세,6,1,0,1126,0
6430,액션,1,4,92.4,165,전체관람가,8,0,1,1950,3
6431,액션,4,2,240.7,165,12세,2,0,0,2121,2
6432,애니메이션,1,2,167.3,106,15세,4,0,0,1905,3
6433,스릴러,2,5,167.7,105,15세,12,0,1,1019,1
6434,액션,2,4,66.4,165,15세,11,1,0,1149,0
6435,호러,5,4,101.6,89,12세,5,0,1,1229,0
6436,호러,1,4,289.1,97,12세,10,0,0,161,1
6437,로맨스,5,5,257.3,159,15세,6,0,1,1209,0
6438,스릴러,3,2,84.8,160,15세,7,1,0,1349,2
6439,액션,4,5,66.0,109,12세,7,0,0,1703,1
6440,호러,4,1,126.5,139,청불,2,0,0,1562,0
6441,호러,3,3,125.3,86,청불,10,0,0,1838,1
6442,스릴러,3,2,171.9,92,15세,8,0,1,1995,1
6443,로맨스,3,4,60.2,116,전체관람가,4,0,1,614,0
6444,액션,1,2,278.6,166,15세,11,1,0,2137,3
6445,코미디,2,3,175.1,117,전체관람가,7,0,0,1834,2
6446,SF,3,3,14.5,161,12세,2,0,0,1828,1
6447,SF,2,4,1.8,94,전체관람가,11,0,1,164,0
6448,호러,2,5,196.5,111,12세,8,1,0,1994,3
6449,호러,2,3,287.4,127,전체관람가,7,0,0,1736,1
6450,애니메이션,2,4,290.9,114,12세,7,1,1,1462,2
6451,로맨스,5,3,89.7,123,15세,3,0,0,2206,1
6452,액션,3,2,61.8,112,12세,11,0,1,1334,1
6453,액션,3,4,268.1,107,15세,6,0,0,1145,0
6454,로맨스,3,4,47.1,168,15세,3,0,0,1401,0
6455,SF,2,1,52.6,114,15세,2,0,1,1784,3
6456,호러,4,4,147.4,166,청불,6,0,1,226,0
6457,드라마,2,3,7.4,96,12세,11,0,0,728,0
6458,호러,5,1,288.2,147,전체관람가,3,1,1,994,1
6459,액션,3,5,201.4,122,15세,5,0,0,1770,1
6460,호러,5,2,240.9,116,전체관람가,9,0,0,2460,2
6461,SF,3,2,186.3,108,15세,7,0,0,1824,2
6462,애니메이션,4,3,73.2,115,15세,3,1,1,181,0
6463,액션,3,3,28.7,164,15세,8,0,1,936,0
6464,코미디,4,1,275.6,128,12세,12,0,0,2248,2
6465,액션,1,3,23.0,162,청불,8,0,1,1421,0
6466,애니메이션,5,1,92.8,172,12세,12,1,0,1139,0
6467,SF,2,5,65.3,87,전체관람가,4,0,0,2371,1
6468,코미디,3,3,205.7,104,청불,3,1,1,1907,1
6469,로맨스,4,5,78.2,123,15세,11,0,0,1837,1
6470,코미디,1,4,41.0,180,전체관람가,9,1,0,712,1
6471,액션,4,3,135.9,145,12세,3,1,0,619,3
6472,호러,1,4,20.3,102,12세,11,0,0,1334,1
6473,SF,1,4,51.2,135,15세,6,1,0,2021,1
6474,SF,2,3,241.0,163,15세,7,0,0,166,0
6475,SF,5,5,137.2,111,15세,10,0,0,1916,1
6476,스릴러,4,5,287.9,123,12세,12,0,0,1342,1
6477,로맨스,3,4,51.3,99,청불,10,0,0,897,0
6478,스릴러,1,2,92.6,117,전체관람가,9,0,0,457,0
6479,SF,1,5,260.8,145,15세,2,0,1,2132,3
6480,로맨스,3,1,224.0,128,15세,3,0,0,179,1
6481,로맨스,2,1,245.1,125,전체관람가,8,0,0,205,2
6482,액션,1,2,274.6,100,15세,12,1,1,2069,3
6483,호러,1,2,294.7,99,청불,9,0,0,266,0
6484,호러,1,2,230.5,142,15세,3,0,1,2044,1
6485,코미디,4,5,198.2,141,12세,10,0,0,1987,1
6486,SF,5,3,188.3,166,전체관람가,5,0,1,965,0
6487,로맨스,1,5,120.6,170,12세,4,0,0,386,0
6488,코미디,1,4,259.9,83,15세,5,0,1,1507,2
6489,스릴러,5,1,118.1,143,청불,7,0,0,1337,0
6490,애니메이션,2,3,35.8,106,15세,1,0,0,1695,2
6491,로맨스,1,4,146.5,159,전체관람가,4,0,1,1939,2
6492,SF,3,4,109.6,104,전체관람가,7,0,0,1214,0
6493,SF,1,5,274.3,131,12세,4,1,0,1480,3
6494,SF,4,1,290.0,162,12세,8,0,0,409,0
6495,SF,5,5,87.3,116,청불,8,0,0,819,0
6496,SF,3,4,136.2,136,15세,11,0,0,1299,1
6497,애니메이션,1,5,113.4,158,12세,1,0,0,893,1
6498,호러,1,4,274.3,80,15세,6,0,0,1190,2
6499,SF,3,3,63.7,158,청불,7,1,0,658,0
6500,SF,3,2,41.7,88,전체관람가,2,0,1,492,2
6501,호러,5,1,294.8,118,12세,5,0,0,2108,2
6502,SF,1,2,58.8,82,전체관람가,4,0,0,544,0
6503,액션,4,4,101.1,146,15세,5,1,1,579,1
6504,스릴러,2,5,242.4,160,15세,11,1,1,366,0
6505,액션,2,4,299.9,109,15세,10,1,0,1502,1
6506,SF,5,2,10.3,155,청불,2,0,1,1420,1
6507,SF,1,1,165.5,147,12세,1,1,0,1964,3
6508,액션,5,3,33.0,162,청불,11,0,1,1197,0
6509,로맨스,4,3,43.3,100,청불,12,0,0,2162,0
6510,SF,4,2,110.7,154,12세,3,0,1,2006,1
6511,드라마,3,1,86.9,144,15세,9,0,0,707,2
6512,호러,2,5,207.8,106,12세,1,0,0,255,0
6513,SF,4,1,247.5,176,15세,9,0,0,1116,1
6514,드라마,1,2,136.1,159,15세,4,1,0,1125,3
6515,스릴러,3,2,6.2,84,15세,12,0,0,174,0
6516,애니메이션,3,3,164.1,102,12세,6,1,0,710,0
6517,로맨스,1,3,15.5,177,12세,12,0,0,2146,3
6518,코미디,3,5,61.9,174,청불,3,0,1,754,0
6519,호러,5,5,217.7,139,12세,4,0,0,2063,1
6520,로맨스,5,4,229.8,149,15세,2,0,0,670,0
6521,액션,1,3,115.5,115,청불,5,0,0,1898,2
6522,호러,1,3,19.5,124,12세,6,0,1,164,0
6523,SF,1,3,157.5,109,청불,11,0,0,1111,1
6524,애니메이션,5,2,288.3,139,15세,7,1,0,2330,2
6525,액션,3,1,84.4,108,12세,4,1,0,2318,2
6526,스릴러,2,3,18.6,157,15세,3,0,0,1648,0
6527,스릴러,2,2,116.8,169,전체관람가,5,0,1,1640,1
6528,호러,3,3,181.8,151,청불,3,0,0,987,0
6529,코미디,4,3,258.9,168,청불,4,1,0,863,0
6530,애니메이션,4,4,1.2,138,15세,10,1,1,117,0
6531,액션,4,1,253.1,128,12세,4,0,0,2323,2
6532,로맨스,1,5,133.5,87,전체관람가,9,0,1,1463,1
6533,액션,1,3,24.4,136,12세,12,0,0,685,0
6534,호러,4,3,165.6,145,12세,4,0,1,872,0
6535,SF,3,5,24.8,98,15세,8,0,0,1934,0
6536,액션,5,5,136.0,96,15세,4,1,0,2081,1
6537,로맨스,5,4,54.6,171,전체관람가,2,1,1,235,0
6538,로맨스,5,4,160.9,124,12세,3,0,0,2468,0
6539,호러,3,4,35.9,169,15세,10,0,0,1879,0
6540,액션,1,5,267.8,103,15세,9,0,1,1604,1
6541,로맨스,4,2,291.9,164,전체관람가,9,0,0,497,0
6542,로맨스,3,5,249.8,109,12세,3,0,1,2294,2
6543,SF,5,3,85.3,158,12세,5,0,0,211,0
6544,애니메이션,4,1,267.4,130,12세,10,0,1,1484,0
6545,SF,5,4,184.6,179,15세,1,0,0,1499,0
6546,드라마,1,2,122.9,164,12세,8,0,0,840,2
6547,액션,3,4,178.6,132,12세,11,1,0,2460,2
6548,스릴러,5,4,77.9,125,12세,6,0,0,427,0
6549,애니메이션,2,1,51.0,115,15세,6,0,1,469,0
6550,SF,5,5,206.3,84,12세,6,1,0,770,0
6551,로맨스,1,4,253.4,103,15세,10,1,1,2356,3
6552,로맨스,1,2,131.8,101,12세,5,0,1,810,2
6553,SF,2,4,136.4,156,전체관람가,2,0,0,1699,2
6554,드라마,2,3,261.0,87,12세,7,0,0,1207,1
6555,애니메이션,2,3,11.5,107,12세,9,0,1,1042,0
6556,애니메이션,1,2,211.5,162,12세,4,0,1,1610,2
6557,애니메이션,3,2,101.2,165,12세,1,0,1,1374,1
6558,SF,1,3,144.8,132,전체관람가,3,0,1,1692,1
6559,애니메이션,3,4,194.5,159,청불,1,0,1,1765,0
6560,스릴러,3,1,14.1,139,12세,2,1,0,1166,2
6561,호러,5,5,118.7,136,15세,8,0,0,1174,0
6562,로맨스,2,5,77.8,173,12세,7,1,1,2065,1
6563,드라마,2,4,133.6,175,15세,4,0,1,2472,2
6564,SF,1,1,227.6,168,청불,9,0,1,2443,2
6565,로맨스,1,5,173.6,135,15세,10,0,1,1623,1
6566,호러,1,5,181.0,128,12세,12,0,0,428,2
6567,드라마,3,4,280.3,139,15세,6,1,0,2200,2
6568,드라마,1,5,163.1,84,12세,4,1,0,1250,1
6569,로맨스,4,2,131.9,138,15세,7,0,0,1562,1
6570,드라마,1,4,133.2,128,청불,11,1,0,1368,0
6571,드라마,3,1,283.6,166,15세,12,0,1,224,1
6572,스릴러,5,5,181.6,98,15세,11,1,0,1301,0
6573,코미디,4,2,125.6,85,15세,6,1,0,2257,1
6574,드라마,2,1,211.7,141,12세,7,0,1,1381,3
6575,액션,1,1,35.9,84,15세,5,0,1,892,0
6576,로맨스,2,1,213.2,155,12세,4,0,1,827,1
6577,코미디,1,1,71.1,120,청불,1,0,1,106,1
6578,드라마,4,1,170.0,143,12세,2,0,1,1668,3
6579,코미디,4,2,282.7,118,12세,11,1,0,1468,1
6580,코미디,2,2,95.0,124,15세,4,0,0,2229,2
6581,SF,1,2,269.5,174,청불,9,0,0,1631,3
6582,애니메이션,2,2,3.3,135,12세,8,1,0,2111,3
6583,액션,3,2,184.2,84,15세,11,0,1,1919,2
6584,스릴러,3,5,203.0,132,청불,7,1,0,1250,1
6585,로맨스,1,1,131.4,100,12세,12,0,0,2149,2
6586,호러,2,4,179.4,157,청불,4,0,0,1385,1
6587,로맨스,2,1,37.9,82,12세,5,1,0,291,0
6588,드라마,1,3,187.8,170,15세,6,0,0,1503,2
6589,애니메이션,4,1,97.7,86,전체관람가,12,0,1,2110,3
6590,애니메이션,1,4,79.3,180,청불,8,1,1,240,1
6591,SF,4,4,23.0,130,청불,11,0,1,511,0
6592,호러,5,1,280.3,84,12세,10,1,1,424,0
6593,SF,5,3,211.9,135,청불,1,1,0,2414,1
6594,코미디,3,2,137.6,141,전체관람가,9,0,0,127,0
6595,SF,1,4,135.8,180,전체관람가,4,0,1,1767,2
6596,코미디,1,4,123.0,166,12세,6,1,1,2196,2
6597,애니메이션,2,4,154.7,81,12세,5,0,0,2265,3
6598,액션,1,1,266.6,178,15세,6,0,0,2247,3
6599,드라마,4,5,251.1,159,전체관람가,6,0,0,2493,1
6600,SF,3,2,148.7,177,15세,7,0,0,1654,2
6601,드라마,3,5,231.2,106,15세,4,0,0,1846,1
6602,스릴러,4,1,62.4,178,전체관람가,8,0,0,1887,2
6603,호러,3,2,55.1,82,전체관람가,11,0,0,184,0
6604,액션,5,2,77.3,134,전체관람가,3,1,1,895,0
6605,SF,1,3,186.7,83,전체관람가,1,0,1,495,1
6606,액션,3,5,268.1,101,15세,3,0,0,121,0
6607,스릴러,4,2,151.0,102,청불,5,0,0,1189,0
6608,드라마,5,3,297.2,98,15세,10,1,0,1139,2
6609,애니메이션,4,1,51.2,94,15세,12,0,1,390,0
6610,SF,5,3,221.0,152,15세,2,0,1,1129,1
6611,호러,3,4,241.6,177,15세,1,0,1,1279,2
6612,로맨스,2,4,191.2,103,15세,7,0,0,2017,3
6613,드라마,5,1,69.5,100,청불,8,0,0,1963,0
6614,스릴러,4,2,53.5,82,15세,1,0,1,327,0
6615,코미디,5,3,152.0,87,청불,3,0,1,2307,1
6616,애니메이션,4,1,260.3,98,12세,6,1,0,968,2
6617,호러,2,5,186.8,129,전체관람가,2,0,0,1997,2
6618,SF,5,2,201.6,136,15세,8,0,1,510,1
6619,드라마,4,1,129.8,121,12세,9,0,0,723,0
6620,애니메이션,2,4,93.8,156,청불,7,0,0,457,1
6621,스릴러,1,4,74.4,92,15세,2,1,0,2055,3
6622,코미디,4,2,299.2,84,15세,1,0,0,1203,1
6623,액션,5,4,169.3,86,15세,7,0,1,1046,0
6624,호러,3,4,36.4,163,15세,8,1,1,1175,1
6625,애니메이션,1,3,19.1,135,12세,6,0,0,1523,2
6626,액션,1,3,19.1,118,12세,5,0,0,1462,1
6627,호러,2,2,81.0,172,15세,6,0,0,1768,0
6628,로맨스,3,4,106.1,94,전체관람가,12,1,0,504,0
6629,호러,5,5,283.1,84,15세,4,0,1,932,0
6630,로맨스,5,5,297.3,172,15세,4,0,1,169,0
6631,코미디,5,5,260.4,88,15세,10,1,1,1884,2
6632,코미디,2,4,32.3,98,청불,3,0,0,802,0
6633,SF,1,4,177.5,132,청불,1,0,0,2165,3
6634,스릴러,3,3,133.0,114,12세,8,0,0,2480,3
6635,SF,4,1,68.5,81,12세,7,0,0,505,1
6636,SF,2,5,215.8,161,전체관람가,8,1,1,1269,3
6637,스릴러,1,1,184.7,99,12세,10,1,0,2415,3
6638,코미디,5,1,262.7,150,12세,10,0,0,2460,3
6639,SF,3,2,244.7,82,전체관람가,7,1,0,1580,3
6640,로맨스,3,4,263.6,169,15세,9,0,1,1842,0
6641,호러,4,2,221.1,151,15세,5,1,0,2480,2
6642,드라마,4,1,15.6,129,15세,5,0,0,1959,0
6643,로맨스,2,3,18.7,81,청불,11,0,1,2194,1
6644,애니메이션,4,2,262.2,110,전체관람가,10,0,0,609,1
6645,드라마,2,3,235.6,103,전체관람가,6,0,0,2373,2
6646,SF,2,1,200.2,148,청불,12,0,0,2288,2
6647,호러,1,2,268.9,141,12세,2,1,1,1337,3
6648,액션,2,3,123.9,173,청불,7,0,1,1438,0
6649,애니메이션,5,2,83.9,85,15세,4,0,1,1893,0
6650,애니메이션,1,2,272.8,105,12세,7,0,1,2258,3
6651,호러,3,2,189.9,105,12세,7,1,0,1535,2
6652,액션,5,1,65.9,103,청불,7,0,0,439,0
6653,애니메이션,1,1,16.1,133,15세,12,0,1,1022,2
6654,액션,2,3,255.8,107,15세,1,0,1,718,2
6655,애니메이션,5,2,230.7,139,15세,5,0,0,2135,1
6656,애니메이션,2,2,295.6,80,15세,11,0,1,873,2
6657,호러,4,5,13.4,95,청불,5,1,1,454,0
6658,드라마,2,4,94.5,99,전체관람가,6,1,0,1570,1
6659,SF,5,1,121.6,151,12세,6,0,1,277,0
6660,스릴러,1,4,261.0,137,전체관람가,10,1,0,561,1
6661,로맨스,3,2,11.8,84,15세,5,0,0,821,0
6662,드라마,1,1,127.9,123,청불,10,0,1,2319,3
6663,스릴러,1,3,108.2,143,12세,7,0,0,1422,2
6664,애니메이션,4,5,11.2,164,청불,12,0,1,617,0
6665,드라마,4,4,117.8,107,12세,8,1,0,2190,2
6666,드라마,3,5,85.1,163,전체관람가,11,0,0,1731,0
6667,스릴러,5,5,126.4,122,청불,6,0,0,535,0
6668,코미디,3,4,45.5,173,12세,4,0,1,1173,0
6669,코미디,4,2,228.4,159,12세,8,0,0,412,1
6670,SF,1,3,109.7,128,12세,3,0,1,1220,1
6671,호러,5,4,30.6,159,전체관람가,1,0,1,103,0
6672,드라마,4,5,133.6,132,12세,10,0,0,1649,0
6673,코미디,3,1,298.7,147,청불,12,0,1,633,1
6674,드라마,3,1,15.1,133,15세,2,1,0,1280,1
6675,액션,4,1,79.3,113,15세,12,0,0,460,0
6676,액션,5,2,218.0,137,청불,1,0,1,1434,0
6677,로맨스,2,3,149.9,100,청불,2,1,0,2234,3
6678,코미디,1,1,250.8,141,15세,2,1,0,2320,3
6679,호러,2,5,272.5,148,12세,9,0,1,118,1
6680,호러,2,2,13.5,116,12세,10,0,0,2252,2
6681,호러,5,4,121.0,135,15세,8,0,0,562,0
6682,드라마,5,5,241.2,132,12세,11,0,1,377,0
6683,드라마,2,5,219.1,132,15세,4,0,1,574,0
6684,드라마,3,3,149.5,129,15세,4,0,1,867,0
6685,코미디,3,2,176.6,178,12세,7,1,1,1950,3
6686,드라마,2,3,9.8,153,청불,9,0,0,1574,0
6687,드라마,2,3,227.9,162,15세,1,0,0,347,1
6688,애니메이션,5,3,61.3,85,12세,8,0,0,1551,1
6689,SF,4,5,6.5,162,12세,3,0,0,1345,0
6690,로맨스,4,2,296.9,100,청불,11,0,0,2263,2
6691,애니메이션,5,5,82.6,121,12세,1,0,0,1410,0
6692,드라마,3,5,229.5,111,12세,3,0,1,1058,2
6693,코미디,5,4,118.4,85,12세,3,0,0,1401,0
6694,애니메이션,5,4,64.1,110,15세,12,0,1,2126,0
6695,SF,3,3,210.4,169,15세,9,0,0,697,0
6696,로맨스,5,4,192.3,113,전체관람가,10,1,1,1349,0
6697,SF,4,2,228.9,83,12세,5,0,1,1179,2
6698,드라마,3,5,63.5,104,15세,12,0,1,139,0
6699,애니메이션,4,1,78.6,134,전체관람가,2,0,0,1226,1
6700,로맨스,4,5,201.1,111,전체관람가,7,1,1,1155,1
6701,SF,4,1,275.1,180,12세,5,1,1,808,2
6702,액션,5,3,262.4,179,12세,8,0,0,2334,1
6703,액션,5,5,263.8,86,12세,8,0,0,1452,2
6704,호러,5,3,55.1,173,12세,2,0,0,1483,0
6705,애니메이션,2,5,77.5,149,전체관람가,9,0,0,952,1
6706,호러,2,1,65.4,138,12세,10,1,0,1196,2
6707,드라마,3,4,157.9,164,15세,1,1,1,883,0
6708,드라마,5,5,227.1,142,청불,1,0,1,1995,0
6709,액션,1,1,24.6,116,15세,11,0,0,1763,2
6710,액션,4,2,11.2,121,15세,1,0,0,974,0
6711,로맨스,5,3,278.8,82,12세,7,0,1,2475,2
6712,로맨스,2,3,203.7,89,15세,8,0,0,1556,1
6713,호러,2,1,46.2,109,전체관람가,3,0,0,1259,1
6714,로맨스,4,2,178.5,92,전체관람가,8,0,1,856,1
6715,호러,2,5,256.3,118,청불,4,1,0,246,0
6716,애니메이션,1,2,73.3,142,12세,8,0,1,1170,2
6717,로맨스,3,1,233.2,151,15세,5,1,0,2411,3
6718,액션,4,2,25.7,138,15세,3,0,0,1280,0
6719,스릴러,4,3,139.3,160,12세,3,0,1,2076,2
6720,SF,2,5,297.7,116,청불,8,0,0,229,1
6721,액션,2,4,230.8,93,15세,5,0,1,1927,3
6722,액션,4,2,73.3,100,15세,1,0,0,236,0
6723,SF,3,2,106.5,150,12세,6,1,1,387,2
6724,드라마,4,1,165.3,152,전체관람가,2,1,0,1122,1
6725,스릴러,5,2,277.8,148,전체관람가,8,0,1,1008,0
6726,스릴러,2,1,273.8,126,15세,6,1,0,605,1
6727,드라마,4,1,192.2,83,12세,7,0,1,2044,3
6728,코미디,4,3,92.5,113,12세,5,0,1,2344,1
6729,호러,2,4,99.1,131,전체관람가,10,1,1,804,2
6730,스릴러,5,4,210.5,125,12세,7,0,1,297,0
6731,애니메이션,4,2,283.1,144,12세,12,0,1,956,2
6732,스릴러,2,3,63.9,117,15세,5,0,1,1838,1
6733,스릴러,5,2,47.4,87,15세,3,0,1,1260,0
6734,코미디,3,2,269.6,144,15세,7,0,1,269,0
6735,스릴러,2,4,269.6,96,12세,12,0,0,1302,1
6736,애니메이션,4,1,296.1,157,청불,12,0,0,2146,2
6737,애니메이션,5,1,83.3,109,15세,1,0,0,907,1
6738,스릴러,2,3,153.9,166,청불,10,0,0,461,0
6739,SF,4,3,223.6,140,12세,12,1,0,2202,3
6740,로맨스,1,3,237.3,105,청불,7,1,0,133,1
6741,액션,5,3,27.4,153,15세,11,0,1,498,0
6742,호러,1,1,268.2,158,전체관람가,9,0,0,1447,2
6743,호러,2,2,19.1,140,전체관람가,12,0,1,1009,0
6744,호러,1,4,128.5,171,청불,3,0,1,396,0
6745,애니메이션,1,2,106.4,102,12세,11,0,0,345,0
6746,로맨스,3,1,256.9,166,15세,11,0,0,2328,3
6747,애니메이션,5,2,273.5,153,청불,5,0,1,1534,1
6748,호러,1,5,91.6,90,15세,2,0,0,1603,1
6749,코미디,3,4,10.8,106,12세,2,0,1,449,0
6750,스릴러,3,3,80.0,160,청불,1,0,0,1142,1
6751,애니메이션,2,4,48.5,94,청불,10,0,0,2230,0
6752,스릴러,1,3,171.6,104,청불,4,0,1,1135,0
6753,드라마,4,4,141.5,124,전체관람가,5,1,0,1485,2
6754,드라마,3,2,287.3,83,12세,12,0,1,1899,2
6755,로맨스,2,1,108.3,117,전체관람가,2,0,1,2141,2
6756,로맨스,5,5,265.4,167,12세,1,0,0,548,1
6757,드라마,2,4,133.3,100,12세,10,1,0,1137,2
6758,SF,4,4,200.8,148,15세,11,0,0,1505,1
6759,애니메이션,2,1,44.3,150,15세,4,0,0,847,1
6760,액션,2,3,270.3,178,청불,6,0,0,1287,0
6761,스릴러,1,1,53.2,96,청불,1,1,1,1961,3
6762,액션,3,2,259.1,90,15세,11,1,0,144,1
6763,스릴러,4,2,206.6,135,청불,2,0,1,274,0
6764,드라마,4,2,236.4,119,15세,6,0,0,1052,0
6765,액션,5,5,58.7,116,12세,9,0,0,888,1
6766,드라마,5,4,20.9,152,12세,10,0,0,1716,0
6767,코미디,2,3,287.7,109,청불,9,1,0,2357,3
6768,애니메이션,3,4,232.1,177,12세,8,0,1,1179,1
6769,애니메이션,5,2,89.0,91,12세,12,0,0,853,0
6770,코미디,2,1,48.3,128,12세,4,0,0,883,1
6771,액션,5,5,34.9,81,15세,4,0,0,878,0
6772,액션,2,1,282.5,112,12세,3,0,0,149,0
6773,액션,5,4,246.5,134,전체관람가,8,1,1,1880,2
6774,호러,3,3,189.4,129,전체관람가,4,0,1,1405,0
6775,스릴러,1,4,51.1,168,전체관람가,3,0,0,2156,1
6776,호러,1,1,123.1,87,전체관람가,9,0,0,1737,2
6777,액션,2,1,184.7,139,전체관람가,7,0,1,1491,3
6778,SF,5,2,26.3,128,12세,3,1,0,1271,1
6779,드라마,1,4,19.4,84,12세,3,1,0,858,0
6780,애니메이션,3,2,171.4,90,12세,10,1,0,2375,3
6781,코미디,1,2,86.3,86,15세,6,1,1,1784,1
6782,드라마,4,3,269.8,133,15세,5,0,0,818,0
6783,로맨스,1,3,267.5,81,15세,6,0,1,1218,2
6784,드라마,1,5,235.0,138,15세,6,0,1,1048,1
6785,드라마,4,2,136.4,161,12세,6,0,0,210,0
6786,드라마,5,1,178.4,108,전체관람가,11,0,0,282,0
6787,호러,3,4,236.8,158,15세,1,0,0,2343,2
6788,코미디,5,2,98.4,125,15세,10,0,0,1532,1
6789,코미디,3,4,173.9,128,12세,1,1,0,286,0
6790,로맨스,4,3,73.7,132,12세,4,0,1,1791,0
6791,로맨스,1,2,144.7,169,12세,9,0,0,570,1
6792,액션,3,5,282.2,117,12세,5,0,0,1154,1
6793,SF,2,1,180.9,109,12세,5,0,0,517,0
6794,애니메이션,3,4,76.3,165,15세,12,0,0,1472,0
6795,로맨스,2,5,224.1,179,15세,7,0,0,1445,2
6796,스릴러,1,1,289.2,120,15세,10,0,1,1518,3
6797,SF,4,4,166.1,161,15세,10,0,0,2193,0
6798,코미디,4,4,176.5,116,12세,11,0,0,1771,0
6799,드라마,4,2,17.6,80,청불,9,1,0,2280,1
6800,애니메이션,3,3,253.0,164,12세,2,0,0,1499,1
6801,호러,5,2,140.1,115,전체관람가,2,0,0,600,1
6802,호러,3,2,181.5,159,전체관람가,6,0,0,2236,1
6803,코미디,3,2,134.2,142,전체관람가,12,0,1,846,2
6804,코미디,5,3,250.1,115,전체관람가,12,1,0,1342,2
6805,코미디,2,1,260.5,113,15세,3,0,0,2238,3
6806,액션,3,2,12.4,107,청불,1,0,0,1435,0
6807,호러,1,5,272.1,101,전체관람가,11,0,1,722,1
6808,코미디,1,1,32.2,98,15세,12,0,0,2271,3
6809,액션,4,4,247.4,97,15세,1,0,0,1355,1
6810,스릴러,5,1,269.2,154,15세,9,0,1,1069,0
6811,드라마,3,2,91.1,102,전체관람가,7,0,1,595,2
6812,스릴러,5,2,64.8,84,12세,2,0,0,163,0
6813,애니메이션,1,5,49.5,118,12세,11,0,0,2047,1
6814,드라마,4,5,170.7,163,12세,12,0,0,1879,0
6815,로맨스,2,2,169.4,91,전체관람가,11,0,0,1730,3
6816,로맨스,3,4,243.7,90,전체관람가,5,0,0,1073,0
6817,스릴러,5,2,68.9,164,전체관람가,11,0,1,358,0
6818,애니메이션,2,4,242.7,142,12세,1,1,0,1886,3
6819,애니메이션,4,5,69.5,158,15세,12,0,0,1587,0
6820,SF,3,1,14.2,143,12세,4,0,0,1986,2
6821,코미디,3,5,275.5,141,15세,4,0,0,1119,1
6822,로맨스,3,1,5.7,91,15세,11,0,0,1487,0
6823,로맨스,1,2,130.1,145,15세,12,0,1,1587,2
6824,드라마,3,4,175.1,164,12세,4,1,1,629,0
6825,SF,1,5,195.8,149,전체관람가,2,0,0,494,0
6826,호러,2,4,196.3,125,12세,2,0,1,652,0
6827,SF,1,5,43.0,144,12세,11,0,1,673,1
6828,스릴러,3,1,62.5,162,12세,7,1,0,468,1
6829,액션,3,4,69.3,112,15세,2,0,1,478,0
6830,스릴러,2,5,79.8,127,12세,1,0,1,620,0
6831,로맨스,1,2,129.9,170,12세,2,1,0,456,2
6832,로맨스,3,1,12.4,117,15세,8,0,0,1617,1
6833,드라마,2,5,259.4,111,15세,8,0,1,1830,2
6834,호러,5,2,258.3,82,12세,12,0,1,2322,2
6835,액션,3,5,156.3,89,전체관람가,2,0,0,1399,2
6836,드라마,2,2,146.4,144,15세,10,0,1,588,1
6837,액션,1,5,27.8,156,12세,12,0,0,2238,0
6838,로맨스,3,2,132.6,146,15세,5,0,0,1819,1
6839,액션,5,3,19.1,146,15세,4,1,1,2203,2
6840,스릴러,1,5,121.5,111,15세,2,0,1,936,0
6841,스릴러,4,2,41.7,138,12세,8,0,1,561,0
6842,액션,4,2,54.1,101,청불,6,0,0,1352,1
6843,SF,5,5,126.4,103,12세,10,0,1,231,0
6844,호러,2,1,178.2,161,15세,5,0,1,2253,2
6845,애니메이션,4,5,83.1,113,12세,11,1,1,1853,1
6846,애니메이션,1,2,177.3,135,15세,1,1,0,1901,3
6847,코미디,5,3,56.8,173,15세,9,0,0,1988,1
6848,코미디,3,1,238.2,135,청불,6,0,1,1942,0
6849,드라마,3,5,219.0,101,15세,8,0,1,896,0
6850,스릴러,1,3,82.6,98,15세,4,1,0,2364,2
6851,로맨스,1,1,66.5,84,청불,12,0,1,2286,2
6852,애니메이션,3,5,47.5,154,12세,9,0,0,1085,1
6853,로맨스,4,5,151.1,157,전체관람가,4,0,1,888,0
6854,액션,2,1,42.0,138,전체관람가,5,0,1,500,0
6855,코미디,3,5,192.4,109,15세,9,0,1,1969,1
6856,SF,2,3,29.4,146,15세,5,1,0,270,0
6857,드라마,1,2,230.7,124,전체관람가,9,1,0,168,2
6858,코미디,3,5,99.6,160,15세,9,0,0,2364,0
6859,호러,3,3,46.3,171,12세,12,0,1,2351,2
6860,드라마,2,1,277.4,85,12세,8,1,1,2200,3
6861,코미디,3,2,244.4,156,청불,11,0,1,1864,2
6862,드라마,5,3,212.7,104,15세,5,1,0,1609,0
6863,애니메이션,3,2,267.0,114,전체관람가,11,0,0,1868,1
6864,드라마,4,5,170.4,156,15세,10,1,0,404,0
6865,액션,3,2,52.6,125,15세,12,1,1,1526,1
6866,SF,5,5,38.6,93,15세,9,0,0,940,0
6867,액션,5,4,11.3,88,12세,8,1,1,380,0
6868,로맨스,4,4,54.2,154,전체관람가,1,0,0,1261,0
6869,코미디,5,4,233.5,180,15세,4,1,1,433,0
6870,액션,5,3,202.2,83,12세,9,0,0,2431,1
6871,로맨스,2,2,204.9,148,전체관람가,1,0,0,135,1
6872,코미디,2,2,14.3,148,15세,8,0,0,450,0
6873,로맨스,4,5,109.1,151,12세,2,0,1,1911,0
6874,드라마,2,3,203.3,155,12세,10,0,1,1551,1
6875,스릴러,5,4,61.1,100,청불,7,0,0,1464,0
6876,액션,1,4,4.4,116,15세,6,0,0,1871,1
6877,애니메이션,4,1,299.2,106,전체관람가,9,0,0,1295,1
6878,코미디,2,1,160.5,163,전체관람가,5,0,0,1914,3
6879,스릴러,1,4,14.1,146,15세,2,0,1,1361,1
6880,애니메이션,2,3,265.9,168,청불,3,0,1,390,0
6881,SF,5,5,174.1,171,12세,1,0,1,548,1
6882,SF,4,4,109.0,88,청불,10,1,0,2425,0
6883,코미디,5,2,259.9,171,청불,4,0,1,1660,0
6884,호러,2,1,250.1,157,15세,6,0,1,1595,2
6885,SF,4,5,111.3,113,15세,8,0,1,1133,1
6886,로맨스,4,2,206.9,132,15세,3,0,0,1769,2
6887,드라마,5,1,43.8,88,전체관람가,2,0,1,712,1
6888,애니메이션,3,1,241.5,97,12세,11,0,1,2189,3
6889,스릴러,4,3,168.3,88,청불,6,0,1,349,0
6890,드라마,2,4,299.1,170,12세,10,0,0,1958,1
6891,로맨스,4,1,4.2,173,12세,8,0,0,316,0
6892,드라마,1,3,195.6,138,12세,12,0,1,756,1
6893,드라마,2,5,257.5,141,12세,2,1,0,1416,2
6894,애니메이션,5,5,25.5,117,15세,5,0,0,1742,0
6895,호러,5,4,64.2,170,15세,12,0,1,2405,0
6896,로맨스,3,3,237.5,80,15세,6,0,0,1219,2
6897,로맨스,1,4,245.4,123,12세,2,1,0,2413,3
6898,드라마,3,5,81.6,134,15세,4,0,0,1444,2
6899,스릴러,3,3,25.2,167,12세,6,0,1,1906,1
6900,액션,1,1,181.0,97,15세,3,1,0,129,2
6901,코미디,4,3,208.8,81,15세,8,0,0,2221,1
6902,호러,2,5,253.8,175,전체관람가,1,0,0,2206,1
6903,SF,1,3,84.6,141,12세,3,0,0,1611,2
6904,액션,4,1,282.8,177,12세,6,0,0,603,1
6905,SF,1,3,214.7,157,15세,6,0,0,1492,1
6906,드라마,5,1,96.3,108,전체관람가,7,0,1,2084,0
6907,스릴러,3,4,153.4,127,12세,12,0,0,738,0
6908,애니메이션,2,3,170.4,149,15세,7,0,0,2264,3
6909,드라마,1,4,84.4,143,15세,11,0,0,1984,1
6910,SF,3,2,6.0,110,15세,4,0,0,1702,0
6911,스릴러,5,3,259.4,148,전체관람가,6,1,1,751,0
6912,로맨스,3,5,190.8,152,12세,2,0,0,244,0
6913,로맨스,4,5,248.4,93,15세,3,0,0,930,1
6914,코미디,3,3,34.9,102,전체관람가,8,0,0,1375,0
6915,애니메이션,2,2,91.9,136,12세,11,0,0,2446,2
6916,로맨스,5,2,102.6,89,12세,11,0,0,520,0
6917,액션,2,2,87.2,165,12세,10,1,0,2091,3
6918,스릴러,3,3,50.1,134,15세,3,0,1,2392,1
6919,로맨스,4,1,160.8,165,12세,8,0,1,1718,2
6920,코미디,4,5,279.1,122,15세,9,0,0,1269,0
6921,액션,3,4,83.7,180,15세,12,1,0,1240,2
6922,로맨스,5,2,56.9,129,15세,11,0,1,1917,0
6923,코미디,2,2,77.5,130,15세,3,1,1,573,2
6924,드라마,2,5,91.3,176,15세,5,0,1,767,0
6925,애니메이션,2,1,78.6,100,전체관람가,1,0,1,1293,2
6926,드라마,1,3,45.0,179,전체관람가,4,1,0,1776,1
6927,호러,5,4,195.6,106,12세,6,0,1,780,0
6928,로맨스,5,2,230.3,80,청불,8,0,0,2160,2
6929,SF,1,1,178.1,169,15세,9,0,0,2320,3
6930,SF,2,3,119.8,97,15세,12,1,1,934,1
6931,로맨스,5,4,122.1,118,청불,4,1,1,1196,0
6932,스릴러,1,3,46.9,147,12세,4,0,1,2267,2
6933,애니메이션,2,2,109.6,153,청불,8,1,0,557,1
6934,액션,3,1,270.8,123,15세,8,1,1,656,3
6935,스릴러,5,4,128.2,150,12세,6,0,0,578,0
6936,코미디,3,5,123.0,175,15세,3,1,1,1850,2
6937,스릴러,1,5,216.3,105,청불,4,0,0,1630,1
6938,드라마,1,4,27.1,165,15세,5,0,0,670,0
6939,코미디,2,1,57.1,150,전체관람가,4,0,1,2390,2
6940,로맨스,4,3,52.4,102,15세,3,0,1,1603,1
6941,코미디,4,1,4.9,103,15세,3,1,1,623,0
6942,로맨스,5,4,62.5,115,15세,9,0,0,983,0
6943,로맨스,1,3,193.3,154,청불,7,1,1,1583,2
6944,로맨스,2,4,263.1,164,12세,8,0,0,1487,2
6945,액션,1,4,293.6,119,12세,1,0,0,1443,3
6946,드라마,4,4,192.8,111,15세,3,0,1,1285,0
6947,액션,4,1,78.3,92,청불,8,0,0,660,0
6948,코미디,5,2,257.8,156,청불,2,1,1,1219,1
6949,로맨스,5,3,158.7,81,12세,7,0,1,1996,2
6950,로맨스,4,2,140.7,167,15세,7,0,1,2475,2
6951,스릴러,4,5,65.7,100,청불,12,1,0,124,0
6952,코미디,2,1,109.5,108,15세,8,0,0,573,2
6953,액션,5,5,217.4,98,15세,10,0,0,2053,1
6954,코미디,2,2,231.3,161,15세,1,1,1,2252,3
6955,액션,5,3,156.0,84,12세,12,0,0,1993,1
6956,SF,2,3,38.5,171,12세,3,0,1,2433,2
6957,액션,2,5,127.8,127,12세,11,0,0,1959,2
6958,드라마,5,3,224.2,159,12세,7,0,1,2244,1
6959,SF,5,4,134.2,133,12세,6,0,1,1346,0
6960,드라마,2,1,68.2,109,15세,5,0,0,417,1
6961,SF,4,3,5.4,125,12세,11,0,0,1878,1
6962,로맨스,4,3,145.6,145,청불,12,0,1,1907,0
6963,애니메이션,1,2,11.9,132,전체관람가,6,0,1,2016,2
6964,SF,3,4,269.9,140,12세,6,1,0,1967,3
6965,SF,5,1,261.0,154,12세,7,0,0,2347,1
6966,애니메이션,1,4,134.5,172,15세,8,0,1,2372,3
6967,SF,5,4,251.3,151,12세,8,1,0,638,0
6968,코미디,2,3,83.5,118,12세,6,0,0,1294,2
6969,스릴러,4,3,188.5,142,청불,1,0,0,1165,0
6970,스릴러,3,2,292.9,144,12세,6,0,0,2096,2
6971,애니메이션,2,1,99.7,97,15세,8,0,0,603,1
6972,드라마,4,4,133.8,158,12세,6,0,1,925,0
6973,드라마,1,3,290.5,142,15세,8,0,1,588,3
6974,액션,4,4,48.0,83,15세,9,1,1,2052,0
6975,애니메이션,4,2,26.8,163,청불,3,1,1,2259,1
6976,액션,1,1,158.4,97,청불,1,1,0,399,1
6977,드라마,4,1,106.8,82,15세,12,0,0,1752,1
6978,로맨스,4,3,252.8,107,15세,8,0,1,1101,2
6979,애니메이션,1,1,194.5,149,전체관람가,7,1,0,1657,3
6980,코미디,5,3,259.6,168,청불,8,0,0,1173,0
6981,드라마,5,2,61.8,180,15세,12,0,0,1608,0
6982,스릴러,2,2,131.4,108,15세,6,1,1,265,2
6983,코미디,3,1,288.3,95,12세,7,0,0,1812,3
6984,로맨스,4,4,72.8,177,12세,2,0,1,416,0
6985,호러,3,1,160.0,116,12세,12,0,1,1423,2
6986,드라마,2,4,110.2,159,12세,12,0,1,239,0
6987,로맨스,4,5,47.6,103,청불,1,0,0,1596,0
6988,SF,2,3,170.9,152,15세,1,0,0,1901,2
6989,로맨스,4,3,269.1,86,전체관람가,2,0,0,1869,2
6990,SF,3,5,165.8,107,12세,6,0,1,1819,1
6991,애니메이션,1,1,187.3,152,12세,9,0,1,1517,2
6992,액션,1,2,244.1,110,전체관람가,4,1,0,498,3
6993,스릴러,1,2,120.2,87,전체관람가,10,1,0,2258,1
6994,SF,4,1,222.4,89,15세,8,0,1,2276,2
6995,애니메이션,1,4,156.7,126,15세,10,0,1,1657,0
6996,호러,2,1,21.1,124,전체관람가,11,0,0,2481,3
6997,액션,2,3,112.6,151,전체관람가,1,0,0,1787,3
6998,호러,1,3,53.4,107,전체관람가,5,1,0,818,1
6999,SF,4,2,10.0,157,15세,9,0,1,1086,0
7000,스릴러,3,2,105.0,106,청불,3,0,1,786,0
7001,SF,3,5,61.0,137,청불,10,0,1,388,0
7002,액션,2,5,286.1,86,12세,9,0,1,998,2
7003,드라마,4,1,168.7,119,12세,11,0,1,1657,1
7004,코미디,1,2,217.0,82,15세,4,0,0,2277,3
7005,로맨스,3,5,160.6,87,12세,2,0,1,279,1
7006,스릴러,4,3,8.9,119,15세,4,0,0,971,0
7007,액션,3,2,78.6,154,12세,7,0,0,450,0
7008,액션,5,2,126.0,139,전체관람가,8,0,1,1444,0
7009,액션,5,2,138.1,136,12세,3,1,0,328,2
7010,SF,5,5,186.1,176,전체관람가,11,0,1,1814,0
7011,로맨스,2,4,99.1,88,12세,4,0,0,1636,1
7012,로맨스,3,4,207.2,160,청불,1,0,1,326,0
7013,코미디,4,4,232.7,81,12세,4,0,0,1582,0
7014,SF,4,2,195.3,115,15세,11,0,1,512,1
7015,호러,2,1,231.5,172,15세,10,0,0,248,0
7016,애니메이션,3,5,112.7,106,12세,7,0,0,957,1
7017,SF,1,1,197.1,137,전체관람가,1,0,0,976,1
7018,SF,2,1,201.2,159,15세,2,0,1,894,3
7019,액션,5,5,178.8,168,15세,3,0,1,469,0
7020,액션,1,3,113.3,107,12세,8,0,1,1477,3
7021,드라마,1,1,232.5,137,15세,8,0,0,2213,3
7022,애니메이션,5,2,122.5,173,전체관람가,6,0,1,2311,2
7023,액션,1,3,157.7,91,15세,10,0,1,294,2
7024,SF,4,2,27.8,168,12세,11,1,0,1044,1
7025,액션,5,3,87.3,83,15세,2,0,0,1032,0
7026,호러,2,2,254.8,121,청불,11,0,1,1750,0
7027,호러,5,5,146.5,144,15세,7,1,1,872,1
7028,코미디,4,3,267.6,98,청불,1,0,0,2279,1
7029,스릴러,1,4,105.0,159,12세,8,0,1,2364,3
7030,SF,1,4,272.9,169,청불,11,0,0,2042,1
7031,SF,5,1,151.0,118,청불,5,1,0,1492,0
7032,애니메이션,4,3,113.3,89,15세,11,0,0,944,0
7033,액션,3,2,207.1,135,15세,7,0,1,571,1
7034,스릴러,1,4,154.5,124,15세,10,0,0,1124,0
7035,애니메이션,1,4,72.6,166,청불,12,0,0,1136,0
7036,SF,3,2,228.9,88,15세,1,0,0,196,0
7037,액션,5,5,107.3,136,청불,5,0,0,1904,0
7038,애니메이션,1,1,14.4,127,15세,11,0,1,515,2
7039,액션,4,3,229.6,102,12세,9,0,0,1012,2
7040,드라마,2,4,91.3,123,15세,9,0,0,2087,1
7041,애니메이션,4,2,202.6,137,12세,8,0,0,2109,0
7042,코미디,5,4,199.5,124,15세,1,0,0,2171,1
7043,코미디,3,5,151.7,144,전체관람가,7,0,0,1786,2
7044,애니메이션,2,4,119.2,142,청불,5,0,0,410,0
7045,애니메이션,1,4,277.8,99,15세,11,0,0,231,1
7046,호러,5,5,295.6,127,12세,1,0,1,2463,1
7047,드라마,4,3,120.5,116,청불,1,0,0,1853,1
7048,스릴러,3,1,205.5,86,15세,9,0,0,1345,0
7049,드라마,3,2,42.4,166,15세,10,0,1,627,0
7050,호러,5,2,236.3,99,전체관람가,10,0,1,384,0
7051,호러,5,5,152.4,104,청불,6,0,0,2152,0
7052,호러,3,2,160.4,104,15세,11,0,0,606,0
7053,드라마,3,5,30.1,119,15세,1,0,1,192,0
7054,액션,2,1,155.9,126,12세,3,0,1,388,1
7055,SF,3,5,107.8,104,청불,12,0,0,2474,1
7056,호러,1,1,61.4,122,청불,1,0,0,313,0
7057,호러,1,2,69.4,143,전체관람가,6,0,0,1956,3
7058,코미디,4,3,77.2,157,12세,2,0,0,2426,2
7059,SF,2,5,161.0,147,12세,12,0,0,1311,3
7060,SF,2,4,154.8,85,12세,7,0,0,1580,1
7061,드라마,3,2,294.3,154,전체관람가,10,0,0,2215,2
7062,액션,3,5,45.2,131,청불,3,0,1,2486,1
7063,호러,3,4,104.2,128,15세,11,0,1,180,0
7064,액션,4,2,62.5,135,12세,1,0,1,2339,2
7065,애니메이션,4,3,198.4,139,15세,1,0,0,161,1
7066,애니메이션,3,4,43.6,168,15세,5,0,0,1727,0
7067,로맨스,2,2,74.1,92,12세,11,0,0,732,1
7068,SF,5,3,194.8,87,전체관람가,6,0,0,1166,0
7069,스릴러,1,1,239.4,99,전체관람가,10,0,0,228,1
7070,드라마,4,5,291.0,154,12세,5,0,0,386,0
7071,액션,4,2,167.3,107,15세,11,1,1,1741,3
7072,스릴러,1,3,34.7,140,12세,7,0,0,1222,2
7073,코미디,5,3,254.6,155,청불,2,0,0,1632,0
7074,애니메이션,4,1,261.2,140,전체관람가,3,0,0,2311,3
7075,호러,3,1,130.1,135,전체관람가,2,0,1,804,0
7076,애니메이션,3,4,29.6,84,15세,8,0,1,302,0
7077,애니메이션,3,1,144.5,156,12세,3,0,1,1348,3
7078,스릴러,3,2,298.6,155,15세,7,1,0,1340,2
7079,액션,2,2,70.7,109,15세,8,0,1,2420,2
7080,드라마,5,5,245.9,127,12세,4,0,0,281,0
7081,스릴러,2,1,68.6,144,15세,1,0,0,1328,1
7082,스릴러,3,1,189.4,135,15세,2,0,0,1920,3
7083,로맨스,2,3,26.5,140,15세,6,0,1,524,0
7084,스릴러,3,4,178.1,175,15세,2,0,1,1846,0
7085,액션,5,3,123.4,92,12세,12,0,0,143,0
7086,SF,5,1,118.8,149,12세,6,0,1,1313,0
7087,액션,1,3,266.2,84,12세,3,1,1,1937,3
7088,호러,1,2,289.8,179,12세,9,0,0,1971,2
7089,액션,5,4,232.0,142,12세,4,0,0,1187,0
7090,호러,3,1,225.5,145,전체관람가,1,0,0,632,1
7091,코미디,1,4,223.1,97,12세,4,0,0,892,2
7092,SF,5,1,33.4,89,15세,6,0,1,1443,0
7093,호러,3,3,116.3,100,12세,7,0,0,2349,2
7094,호러,2,3,22.4,99,전체관람가,1,0,0,355,0
7095,코미디,1,3,213.9,170,12세,4,0,0,298,1
7096,스릴러,3,5,146.9,162,15세,9,0,0,2173,0
7097,액션,2,1,49.9,88,전체관람가,5,0,1,313,0
7098,액션,1,3,137.4,89,청불,9,0,1,2429,2
7099,로맨스,5,5,100.1,152,15세,10,0,1,1657,0
7100,SF,4,5,180.7,85,전체관람가,7,0,0,2242,1
7101,로맨스,4,5,68.2,157,전체관람가,2,0,1,408,0
7102,로맨스,4,1,217.9,125,15세,10,1,1,751,1
7103,로맨스,5,1,64.7,161,15세,8,0,0,1693,1
7104,애니메이션,1,5,209.6,159,12세,7,0,1,2008,2
7105,코미디,5,4,37.1,84,15세,9,1,0,1250,0
7106,로맨스,2,3,164.3,149,청불,6,1,0,2246,1
7107,애니메이션,3,3,295.0,157,15세,11,0,1,1542,2
7108,코미디,1,5,169.1,92,12세,9,1,0,2098,3
7109,드라마,1,3,265.1,116,15세,1,1,0,582,1
7110,애니메이션,1,4,119.0,87,청불,11,0,1,1102,0
7111,로맨스,4,1,201.3,162,15세,10,1,0,691,0
7112,로맨스,1,2,112.5,138,12세,12,0,1,394,1
7113,코미디,5,4,29.7,152,청불,7,0,0,970,0
7114,SF,1,2,239.9,153,12세,4,1,1,387,2
7115,액션,3,5,122.2,143,청불,3,0,1,1799,0
7116,코미디,3,2,189.1,156,15세,12,0,0,1100,2
7117,스릴러,3,1,222.5,157,12세,3,0,1,2257,2
7118,로맨스,5,1,57.7,109,15세,5,0,1,1204,0
7119,애니메이션,1,2,271.7,138,전체관람가,10,0,0,1839,3
7120,SF,2,2,288.6,155,12세,7,0,0,2209,3
7121,로맨스,5,2,268.2,93,15세,1,0,0,947,1
7122,SF,4,4,268.0,140,청불,10,0,0,2308,1
7123,SF,1,5,121.4,97,15세,11,0,0,758,1
7124,코미디,1,1,257.1,105,청불,1,1,0,432,1
7125,애니메이션,2,1,145.5,104,12세,10,1,0,490,3
7126,호러,2,5,293.6,172,청불,3,0,1,292,0
7127,호러,2,5,232.4,98,15세,10,0,1,2099,1
7128,드라마,4,5,240.3,163,청불,9,1,0,251,0
7129,드라마,5,5,146.5,175,전체관람가,12,0,1,989,0
7130,코미디,1,3,219.2,138,12세,6,0,0,1799,1
7131,로맨스,1,2,56.8,168,12세,12,0,0,1358,1
7132,호러,2,2,186.2,127,15세,12,1,0,1650,2
7133,액션,3,4,221.1,87,15세,3,0,0,1089,0
7134,애니메이션,5,1,260.3,107,전체관람가,1,0,1,1348,1
7135,스릴러,2,1,47.6,179,15세,4,1,1,2477,2
7136,호러,1,1,45.9,105,12세,4,0,0,1852,1
7137,드라마,1,5,209.9,167,15세,6,0,1,1103,0
7138,호러,4,2,270.0,83,청불,11,0,0,591,0
7139,드라마,5,4,164.4,97,전체관람가,3,0,1,2148,0
7140,액션,2,2,142.5,179,12세,2,1,0,2199,3
7141,애니메이션,2,4,79.3,157,청불,2,0,1,1172,0
7142,스릴러,5,3,84.5,90,15세,6,0,0,864,0
7143,호러,5,3,255.8,115,12세,8,1,0,1671,2
7144,SF,1,2,179.4,138,전체관람가,7,0,1,2177,3
7145,호러,3,4,167.6,166,15세,12,1,0,133,0
7146,코미디,3,2,33.0,119,15세,11,0,0,487,0
7147,코미디,1,1,276.5,94,15세,5,0,0,1694,3
7148,SF,4,3,268.4,88,전체관람가,6,0,1,1025,1
7149,액션,5,4,118.8,113,15세,1,0,0,1733,1
7150,SF,1,3,235.1,168,12세,6,0,0,2454,3
7151,액션,5,2,109.1,90,전체관람가,8,0,0,425,0
7152,스릴러,1,5,244.1,108,청불,2,0,1,924,0
7153,호러,2,5,214.5,123,15세,3,1,0,1811,2
7154,로맨스,1,4,166.2,105,15세,9,0,0,1652,2
7155,SF,3,3,153.2,169,15세,10,1,0,1752,2
7156,코미디,4,4,276.2,98,청불,2,0,1,619,0
7157,드라마,3,5,90.1,155,12세,3,0,0,333,0
7158,애니메이션,2,2,17.8,165,12세,3,0,0,468,0
7159,액션,3,1,17.3,91,15세,8,0,0,836,2
7160,호러,3,3,147.9,176,15세,12,0,0,1159,2
7161,애니메이션,4,4,23.3,155,15세,10,0,1,464,0
7162,호러,5,3,174.8,165,12세,7,0,1,2433,1
7163,드라마,4,5,50.1,111,전체관람가,10,0,0,556,0
7164,드라마,2,5,79.3,90,15세,2,0,1,1275,0
7165,로맨스,3,5,154.1,151,12세,2,0,0,2201,2
7166,스릴러,3,2,214.8,105,12세,9,0,0,405,0
7167,액션,1,1,264.2,119,12세,10,0,0,1259,3
7168,호러,5,5,96.7,140,15세,10,0,1,2196,1
7169,액션,1,4,68.5,153,12세,9,0,0,1274,1
7170,코미디,3,1,67.8,113,12세,1,0,1,210,1
7171,애니메이션,1,4,212.0,167,12세,8,0,0,1845,2
7172,SF,1,4,244.4,111,12세,11,0,0,1723,2
7173,호러,4,3,95.4,91,청불,2,0,1,1437,0
7174,호러,5,1,168.1,153,12세,3,0,0,889,0
7175,SF,1,2,89.5,152,12세,8,0,0,2393,3
7176,로맨스,2,4,298.9,147,전체관람가,7,0,1,1856,2
7177,호러,3,3,210.5,180,12세,8,0,1,1904,1
7178,스릴러,5,5,28.6,93,전체관람가,5,0,0,1684,0
7179,액션,5,5,20.3,98,청불,8,0,0,1294,0
7180,호러,2,5,164.4,179,15세,1,0,0,1955,1
7181,액션,3,3,139.3,110,12세,2,0,0,721,2
7182,로맨스,4,2,270.5,92,15세,4,1,0,707,1
7183,스릴러,2,2,93.9,126,전체관람가,9,0,1,996,0
7184,애니메이션,1,3,278.5,80,청불,10,0,0,1765,2
7185,액션,5,5,48.8,178,12세,6,0,1,1352,1
7186,드라마,2,5,273.6,141,12세,4,0,0,1586,1
7187,코미디,3,4,35.8,123,15세,2,1,0,1619,1
7188,애니메이션,4,1,114.7,167,15세,10,0,0,309,1
7189,애니메이션,4,5,288.5,86,전체관람가,2,0,0,658,1
7190,애니메이션,5,4,92.9,132,전체관람가,10,0,1,1045,0
7191,애니메이션,2,1,67.9,108,청불,2,0,1,1938,2
7192,SF,1,2,34.4,130,15세,5,0,0,2393,2
7193,코미디,4,1,11.0,125,12세,5,1,0,955,1
7194,코미디,3,1,194.2,123,15세,3,0,0,2098,2
7195,SF,2,3,201.9,101,전체관람가,10,0,0,386,0
7196,SF,2,1,288.7,157,15세,7,1,0,2294,3
7197,애니메이션,3,5,128.2,129,청불,11,0,0,1835,0
7198,SF,2,5,275.8,88,15세,10,0,0,1619,1
7199,SF,4,1,183.2,84,15세,1,0,1,1086,1
7200,애니메이션,2,3,67.3,174,12세,10,0,1,2095,1
7201,코미디,4,1,13.0,146,15세,3,0,1,1623,0
7202,로맨스,2,4,166.9,134,12세,8,0,0,1572,2
7203,코미디,1,1,250.6,158,15세,7,0,0,1745,3
7204,SF,3,2,158.3,172,15세,9,0,0,794,1
7205,코미디,2,3,77.0,151,12세,8,0,0,666,1
7206,호러,1,1,249.2,123,15세,4,0,1,986,0
7207,호러,4,5,6.0,104,15세,7,0,1,524,0
7208,스릴러,5,1,204.2,138,12세,1,0,1,788,1
7209,스릴러,1,4,37.2,107,15세,2,0,0,467,0
7210,SF,1,4,53.1,163,12세,6,1,0,711,1
7211,드라마,3,4,233.3,161,12세,7,0,0,1077,1
7212,스릴러,5,2,219.7,175,12세,12,0,0,903,1
7213,코미디,4,3,139.0,175,15세,4,0,0,1757,1
7214,로맨스,2,4,122.4,138,청불,2,0,0,2147,1
7215,액션,1,1,7.1,135,15세,8,0,0,1263,1
7216,드라마,5,1,20.5,109,청불,4,1,1,441,0
7217,SF,2,2,97.2,80,12세,2,0,0,1636,3
7218,애니메이션,5,1,162.0,101,15세,12,1,0,908,1
7219,스릴러,3,2,230.6,153,15세,5,0,0,1693,1
7220,SF,5,2,268.7,167,15세,6,1,0,1636,2
7221,SF,3,5,50.2,159,청불,3,0,1,1568,0
7222,애니메이션,1,3,222.3,129,12세,6,0,1,652,1
7223,애니메이션,3,3,114.1,136,12세,2,0,0,2086,3
7224,스릴러,4,1,265.3,140,전체관람가,10,0,0,1304,0
7225,호러,4,2,3.4,111,12세,11,0,1,1077,0
7226,로맨스,3,4,178.0,117,전체관람가,3,0,0,2101,1
7227,로맨스,2,4,267.3,107,15세,7,0,0,2279,2
7228,드라마,4,1,159.5,116,15세,3,1,1,1926,2
7229,호러,3,5,217.3,154,15세,10,0,0,1024,0
7230,애니메이션,1,2,125.2,180,15세,4,0,1,439,1
7231,애니메이션,3,5,299.5,152,전체관람가,9,1,0,1551,1
7232,드라마,1,1,54.9,85,15세,7,1,1,1533,2
7233,호러,2,1,139.4,95,15세,9,1,0,460,0
7234,드라마,4,1,206.0,89,12세,6,0,0,2350,2
7235,애니메이션,3,4,120.5,89,청불,12,1,1,125,0
7236,SF,5,2,28.6,135,12세,2,0,1,2123,2
7237,애니메이션,5,2,253.3,121,12세,6,0,0,361,0
7238,로맨스,2,2,214.4,126,15세,12,0,1,2272,3
7239,애니메이션,4,5,124.6,163,전체관람가,7,0,1,223,0
7240,호러,4,4,173.2,163,12세,5,0,1,1644,1
7241,드라마,5,1,228.5,105,12세,3,0,0,1384,1
7242,호러,4,5,12.6,126,12세,9,0,0,1973,0
7243,스릴러,1,2,48.0,144,15세,9,0,1,461,1
7244,호러,5,3,132.1,161,15세,7,0,0,1260,0
7245,애니메이션,4,1,254.5,147,12세,3,0,1,2473,3
7246,로맨스,5,2,84.9,132,전체관람가,6,0,0,1309,0
7247,SF,2,5,190.5,87,12세,2,0,1,508,1
7248,드라마,3,2,109.2,114,15세,5,0,1,2325,1
7249,SF,2,3,261.4,124,12세,8,0,1,1065,2
7250,스릴러,1,2,26.4,138,15세,12,1,0,2489,2
7251,로맨스,3,4,170.2,106,15세,3,0,0,766,0
7252,호러,5,3,128.9,173,청불,4,0,0,2312,0
7253,로맨스,2,2,54.2,109,12세,8,1,1,848,1
7254,스릴러,3,2,38.6,133,12세,9,1,0,103,1
7255,애니메이션,2,5,252.4,113,15세,11,0,0,278,1
7256,애니메이션,2,1,64.8,112,12세,2,0,1,1056,2
7257,스릴러,2,1,261.7,155,15세,4,1,0,1976,2
7258,로맨스,2,1,100.5,176,전체관람가,1,0,0,1017,0
7259,스릴러,2,2,77.0,120,12세,5,1,0,136,0
7260,스릴러,1,5,245.6,97,15세,3,0,0,1035,0
7261,호러,1,1,11.4,130,12세,9,0,0,1114,0
7262,SF,5,4,167.1,170,12세,5,1,1,1459,1
7263,호러,5,3,160.1,131,15세,11,0,0,497,0
7264,코미디,1,3,30.6,155,15세,4,1,1,1468,1
7265,드라마,1,3,220.3,121,15세,5,1,0,924,1
7266,액션,3,3,294.8,170,12세,2,0,0,2238,3
7267,호러,3,1,288.5,118,12세,8,0,0,1014,3
7268,액션,5,3,175.3,156,15세,2,0,0,1456,0
7269,코미디,1,3,39.4,102,15세,10,0,0,2050,2
7270,코미디,1,3,33.8,162,12세,1,0,0,199,0
7271,코미디,4,2,44.2,176,15세,12,0,1,2048,1
7272,스릴러,1,4,92.7,108,15세,10,0,1,547,0
7273,로맨스,2,2,186.6,141,12세,4,1,0,1519,1
7274,로맨스,3,3,202.5,123,15세,7,0,0,414,1
7275,애니메이션,5,4,165.8,148,전체관람가,2,0,0,1399,1
7276,호러,2,5,201.4,139,전체관람가,2,0,0,1331,2
7277,SF,4,5,42.4,138,청불,5,0,0,1814,0
7278,드라마,2,5,275.4,159,15세,1,0,1,2017,3
7279,애니메이션,3,1,168.4,115,15세,1,0,0,273,0
7280,코미디,1,3,263.0,137,청불,1,1,0,2311,2
7281,로맨스,3,1,144.1,102,15세,1,0,1,1658,1
7282,애니메이션,5,4,60.2,85,전체관람가,4,1,1,1449,1
7283,스릴러,2,2,285.7,84,12세,2,0,0,2286,3
7284,스릴러,1,5,288.5,138,12세,11,1,0,2339,2
7285,SF,2,5,256.7,155,전체관람가,6,0,1,2181,2
7286,호러,3,1,187.6,109,12세,11,1,0,151,1
7287,호러,5,4,270.9,163,12세,11,0,1,1761,1
7288,애니메이션,3,2,271.6,93,12세,2,1,1,142,1
7289,코미디,1,3,59.6,129,15세,9,0,0,859,1
7290,드라마,1,3,285.4,81,15세,6,0,1,1646,3
7291,로맨스,1,5,79.6,171,15세,1,0,0,2194,2
7292,로맨스,3,1,133.1,125,15세,12,0,1,295,0
7293,로맨스,1,2,233.6,85,15세,8,0,0,409,1
7294,SF,4,2,268.6,159,12세,3,0,0,2081,2
7295,액션,4,2,90.3,174,전체관람가,2,0,1,1300,1
7296,액션,3,3,92.4,120,15세,8,1,0,260,0
7297,액션,1,5,271.3,87,15세,6,0,1,2136,2
7298,액션,5,2,249.7,161,15세,4,0,0,551,0
7299,스릴러,2,2,279.0,172,15세,1,0,0,893,2
7300,코미디,2,1,49.1,168,청불,9,0,0,2343,2
7301,로맨스,2,3,170.3,159,15세,1,1,1,1743,2
7302,스릴러,4,3,248.6,167,12세,3,0,1,967,0
7303,호러,2,2,157.8,99,전체관람가,11,0,1,1973,3
7304,액션,3,1,242.5,154,12세,3,0,0,996,2
7305,액션,2,5,12.3,125,청불,5,0,0,1149,0
7306,호러,4,3,94.5,171,15세,6,0,0,960,0
7307,드라마,4,5,23.6,98,12세,10,0,1,1330,0
7308,로맨스,2,2,69.8,141,청불,8,0,0,2219,2
7309,액션,4,3,70.4,120,15세,1,0,1,2430,1
7310,액션,5,5,13.2,142,15세,5,0,0,1992,0
7311,애니메이션,2,5,7.9,87,전체관람가,2,0,0,514,0
7312,로맨스,2,2,43.3,121,15세,8,1,1,352,2
7313,코미디,3,5,210.4,137,12세,10,0,1,990,0
7314,호러,5,1,167.9,175,청불,12,0,1,1373,0
7315,로맨스,1,4,261.0,112,15세,2,0,1,1652,2
7316,액션,1,4,271.7,137,전체관람가,5,1,1,2303,3
7317,드라마,4,1,139.2,115,청불,10,0,0,2089,1
7318,코미디,3,1,152.3,125,12세,7,1,0,1448,2
7319,코미디,1,5,262.1,90,12세,6,0,1,1192,2
7320,액션,1,5,205.7,154,15세,10,1,0,960,2
7321,드라마,3,4,64.8,178,15세,9,1,1,1157,1
7322,로맨스,5,4,261.9,81,15세,2,0,1,1194,0
7323,호러,5,2,117.4,178,전체관람가,1,0,1,2186,2
7324,애니메이션,2,5,212.9,153,청불,3,0,0,764,0
7325,액션,1,3,160.2,96,15세,10,0,0,2107,3
7326,스릴러,4,2,198.2,106,15세,7,0,0,1758,3
7327,로맨스,3,3,13.9,137,12세,5,0,0,905,0
7328,액션,5,4,227.9,128,15세,10,1,0,579,0
7329,스릴러,3,4,126.3,110,12세,6,1,0,872,1
7330,애니메이션,3,3,22.3,106,15세,12,0,1,374,1
7331,SF,3,5,108.3,172,12세,2,0,0,2415,3
7332,액션,4,1,159.4,148,12세,8,0,1,667,2
7333,애니메이션,1,5,143.3,144,15세,11,0,1,684,2
7334,코미디,4,3,124.2,170,전체관람가,7,1,1,695,2
7335,SF,5,1,9.2,169,12세,7,0,1,146,0
7336,액션,1,3,37.3,110,15세,10,0,0,1159,1
7337,호러,4,4,295.1,164,전체관람가,12,0,1,2162,2
7338,애니메이션,2,4,64.3,123,15세,6,1,1,209,0
7339,호러,1,3,10.2,108,전체관람가,12,0,1,1972,1
7340,코미디,4,3,44.3,135,12세,6,0,1,855,0
7341,액션,2,5,252.1,152,전체관람가,8,0,0,1449,0
7342,액션,1,4,153.9,167,15세,4,0,1,110,0
7343,SF,2,5,180.2,163,12세,3,0,0,547,0
7344,스릴러,4,1,42.4,143,15세,12,0,1,1851,1
7345,애니메이션,1,3,176.4,104,12세,12,0,1,656,1
7346,스릴러,2,2,261.4,177,12세,11,0,1,1501,2
7347,호러,2,3,21.5,160,청불,4,0,1,2340,0
7348,호러,4,3,214.4,107,12세,1,1,1,1859,3
7349,애니메이션,3,5,146.6,132,청불,8,0,0,284,0
7350,호러,4,5,207.0,144,15세,6,0,0,1843,0
7351,로맨스,4,3,147.9,174,15세,6,0,0,1276,0
7352,호러,5,2,169.3,83,청불,10,0,0,1083,0
7353,호러,3,5,268.6,140,12세,9,0,1,1656,2
7354,애니메이션,3,1,130.7,176,12세,1,1,1,1973,3
7355,로맨스,1,1,20.1,115,12세,11,1,1,679,0
7356,로맨스,5,3,175.2,82,15세,8,0,1,255,0
7357,드라마,2,2,278.7,128,12세,10,0,1,247,1
7358,로맨스,2,5,292.4,177,전체관람가,2,0,1,1978,1
7359,호러,1,5,17.7,169,15세,11,1,1,732,0
7360,액션,2,5,135.5,88,청불,1,0,0,1359,0
7361,드라마,5,1,4.3,134,전체관람가,10,0,0,1606,0
7362,로맨스,5,3,4.5,115,전체관람가,6,0,0,191,0
7363,스릴러,1,2,226.9,166,청불,3,1,1,582,1
7364,애니메이션,5,3,55.2,126,12세,3,0,1,1648,1
7365,드라마,1,2,278.2,136,15세,11,0,1,1149,2
7366,SF,1,4,94.4,162,12세,7,0,0,836,1
7367,스릴러,5,5,193.9,110,15세,8,0,0,2152,2
7368,SF,1,1,25.4,176,전체관람가,1,0,0,252,0
7369,SF,2,1,266.1,93,15세,4,0,1,1252,1
7370,애니메이션,4,1,291.7,155,12세,7,0,0,810,0
7371,스릴러,3,4,87.9,131,15세,12,1,0,1337,1
7372,SF,4,1,173.8,178,15세,12,0,1,2094,3
7373,스릴러,4,3,19.4,112,12세,10,0,1,1993,1
7374,드라마,1,4,90.9,107,15세,4,0,1,1210,0
7375,호러,1,1,295.2,159,15세,9,0,0,995,3
7376,코미디,3,3,186.4,178,청불,3,0,1,155,0
7377,호러,4,4,271.6,88,15세,10,0,1,1886,1
7378,드라마,1,1,20.2,95,12세,5,0,0,2378,2
7379,애니메이션,5,4,202.1,118,12세,2,0,0,947,0
7380,애니메이션,5,4,42.6,102,15세,9,0,0,1070,0
7381,스릴러,4,1,12.8,114,15세,11,0,1,1760,1
7382,코미디,3,3,253.2,84,15세,9,0,0,1200,0
7383,드라마,5,4,291.8,113,15세,7,0,0,1761,1
7384,로맨스,1,4,51.9,146,전체관람가,7,0,0,2174,1
7385,코미디,1,2,255.6,179,15세,5,0,0,520,1
7386,SF,3,3,210.4,176,12세,4,0,0,2215,1
7387,SF,3,5,113.8,103,청불,3,1,1,571,0
7388,드라마,3,4,283.0,159,12세,12,0,0,437,0
7389,스릴러,4,3,3.7,111,15세,8,0,1,1929,0
7390,스릴러,4,5,173.0,154,12세,11,0,1,2277,1
7391,드라마,5,5,117.7,137,12세,1,0,1,2044,0
7392,액션,4,4,94.6,93,12세,6,0,0,2310,0
7393,로맨스,3,2,250.3,134,전체관람가,7,1,1,2337,3
7394,액션,3,4,172.0,120,12세,6,0,0,708,0
7395,스릴러,1,3,147.3,150,15세,2,1,1,1458,2
7396,호러,4,2,22.9,121,12세,5,1,1,923,0
7397,호러,5,2,198.7,100,청불,7,1,1,1023,0
7398,스릴러,3,2,148.3,126,전체관람가,2,1,1,836,1
7399,로맨스,5,2,206.4,136,15세,7,1,0,543,0
7400,로맨스,1,3,166.2,138,15세,4,1,0,1795,3
7401,액션,1,1,70.2,107,전체관람가,3,0,0,2323,3
7402,코미디,2,4,175.5,127,15세,7,0,0,868,1
7403,드라마,3,4,285.7,160,12세,10,0,0,401,0
7404,로맨스,5,5,241.7,106,15세,3,0,0,2000,1
7405,애니메이션,4,5,261.0,117,12세,2,0,0,301,1
7406,액션,2,4,20.0,146,전체관람가,8,0,1,893,0
7407,액션,3,2,105.8,132,청불,11,0,0,2478,2
7408,액션,4,5,35.9,179,15세,2,0,0,530,0
7409,드라마,4,1,86.6,139,청불,9,0,1,1147,1
7410,드라마,2,2,45.5,158,15세,1,1,1,406,1
7411,SF,3,4,38.7,170,15세,11,0,0,1377,0
7412,코미디,3,1,219.7,155,15세,4,1,1,540,1
7413,드라마,2,5,177.5,159,15세,7,0,1,2048,1
7414,애니메이션,3,4,189.2,169,12세,8,1,0,2000,3
7415,코미디,3,2,14.6,177,12세,5,0,0,705,0
7416,호러,2,1,288.9,89,15세,10,0,0,1147,2
7417,스릴러,3,4,164.7,163,전체관람가,7,0,0,2475,1
7418,드라마,4,2,92.1,97,청불,9,0,1,884,0
7419,로맨스,4,4,182.6,130,전체관람가,5,1,0,979,1
7420,코미디,3,5,113.0,119,전체관람가,2,0,1,1758,3
7421,호러,1,5,245.4,93,청불,9,0,0,505,0
7422,코미디,1,4,125.5,155,12세,6,0,0,2495,2
7423,SF,4,1,251.8,159,15세,6,0,1,1765,3
7424,스릴러,2,1,106.7,149,청불,8,0,0,2477,3
7425,애니메이션,4,1,191.4,142,전체관람가,10,1,0,393,1
7426,액션,2,1,202.5,83,12세,5,1,0,948,2
7427,호러,5,5,184.6,137,15세,5,0,1,1879,0
7428,액션,3,1,106.1,168,12세,3,0,0,430,0
7429,스릴러,1,1,153.2,127,전체관람가,3,0,1,457,0
7430,애니메이션,3,3,16.6,109,전체관람가,7,1,0,1355,0
7431,SF,2,3,289.4,103,15세,1,0,0,548,1
7432,스릴러,3,5,57.0,98,전체관람가,6,0,0,1589,0
7433,드라마,4,4,250.4,139,청불,1,0,0,1068,0
7434,코미디,3,4,287.1,141,15세,1,1,0,766,1
7435,액션,3,3,96.1,90,15세,11,0,1,806,0
7436,SF,3,4,297.7,115,15세,8,0,0,1292,2
7437,애니메이션,3,1,15.3,123,15세,10,0,0,592,0
7438,호러,4,2,75.7,154,청불,11,0,1,1799,0
7439,드라마,4,3,60.6,162,12세,5,0,1,1853,1
7440,애니메이션,3,2,167.8,99,12세,2,0,1,807,2
7441,호러,1,5,3.1,157,청불,7,0,1,1588,0
7442,SF,2,2,131.3,134,15세,3,0,1,954,2
7443,액션,1,1,237.9,122,전체관람가,5,0,1,1041,1
7444,코미디,2,2,217.3,173,청불,2,0,1,1456,1
7445,로맨스,5,1,155.8,150,15세,4,0,1,1564,0
7446,코미디,5,4,23.4,126,전체관람가,12,0,1,1568,1
7447,SF,3,5,180.7,141,15세,4,0,1,2457,1
7448,액션,4,1,25.8,84,12세,4,0,1,2351,1
7449,코미디,4,5,164.9,85,12세,5,0,1,658,0
7450,애니메이션,4,4,64.7,101,15세,6,0,1,1823,1
7451,SF,5,4,199.3,154,15세,8,1,1,2024,0
7452,스릴러,3,3,230.3,117,12세,2,0,1,2269,2
7453,코미디,3,3,253.8,99,12세,7,0,0,2036,3
7454,드라마,1,4,95.9,120,12세,6,0,1,456,0
7455,호러,1,3,9.0,127,전체관람가,10,1,1,342,0
7456,로맨스,4,4,61.3,170,청불,12,0,0,1212,0
7457,드라마,1,1,19.0,151,12세,12,0,1,444,1
7458,액션,1,2,166.3,81,15세,2,1,0,2059,3
7459,스릴러,1,3,106.4,141,12세,3,0,1,491,0
7460,액션,3,2,264.8,144,12세,3,0,0,2280,3
7461,애니메이션,3,5,185.0,111,전체관람가,3,0,1,2303,3
7462,코미디,2,2,25.1,168,청불,3,0,1,646,0
7463,로맨스,2,1,96.6,175,15세,3,0,1,1987,1
7464,액션,4,1,118.5,97,15세,6,0,0,1868,2
7465,로맨스,4,1,28.7,168,15세,12,0,1,299,0
7466,드라마,1,1,161.3,108,15세,9,1,0,2353,3
7467,애니메이션,5,1,1.1,142,15세,3,0,1,611,0
7468,스릴러,4,4,46.3,103,전체관람가,9,1,0,2304,2
7469,드라마,5,1,221.0,97,15세,4,1,0,1245,1
7470,드라마,4,4,136.8,131,12세,4,0,1,1095,0
7471,애니메이션,3,2,122.9,135,15세,10,0,0,1919,1
7472,애니메이션,3,5,210.4,142,청불,2,0,1,1963,2
7473,SF,5,5,161.2,177,12세,7,1,0,658,0
7474,스릴러,3,5,264.2,112,12세,11,1,1,2441,2
7475,SF,1,5,260.9,161,12세,5,0,1,1375,1
7476,드라마,4,2,246.0,101,15세,7,0,1,567,1
7477,액션,2,4,281.7,140,12세,12,0,1,244,0
7478,스릴러,2,3,55.7,180,12세,12,0,0,996,1
7479,액션,1,1,197.6,165,12세,3,0,1,1606,3
7480,SF,2,5,37.4,136,청불,7,0,1,911,0
7481,스릴러,5,4,206.2,108,12세,9,0,0,731,0
7482,로맨스,1,1,18.5,85,청불,9,0,0,784,0
7483,액션,5,3,80.5,155,12세,6,0,1,2031,1
7484,애니메이션,1,2,154.8,175,15세,1,0,0,2092,3
7485,드라마,5,4,233.0,110,15세,4,0,0,1322,0
7486,SF,5,1,130.8,107,15세,10,0,0,1434,1
7487,로맨스,1,5,293.4,111,전체관람가,1,0,1,371,2
7488,드라마,1,1,23.1,177,청불,1,0,0,1182,1
7489,스릴러,1,2,219.7,117,15세,7,0,1,2100,3
7490,호러,5,5,211.1,85,15세,4,0,0,2023,0
7491,드라마,2,3,173.3,84,12세,6,0,1,1554,1
7492,호러,5,1,221.2,142,15세,2,0,0,2312,1
7493,드라마,2,1,177.9,110,12세,3,0,0,746,0
7494,스릴러,2,4,81.0,148,12세,7,0,1,2188,1
7495,코미디,4,3,30.9,131,15세,9,0,1,1448,0
7496,SF,4,4,9.7,133,15세,11,0,0,1543,0
7497,코미디,3,1,32.6,134,15세,4,0,1,1158,0
7498,액션,2,5,25.4,179,전체관람가,12,0,0,577,1
7499,애니메이션,5,4,226.7,180,15세,3,0,0,2028,1
7500,코미디,3,3,255.0,114,15세,7,0,0,1441,1
7501,드라마,2,1,105.7,180,15세,4,0,1,1744,3
7502,호러,1,2,30.0,146,청불,11,0,1,372,0
7503,드라마,2,2,287.9,98,15세,10,1,0,1245,2
7504,호러,4,1,9.3,132,15세,5,0,0,2407,1
7505,코미디,4,4,70.0,139,15세,12,0,0,1272,0
7506,SF,2,1,258.5,140,15세,2,1,0,507,2
7507,호러,5,3,17.0,120,청불,1,1,1,544,0
7508,SF,2,5,162.6,129,전체관람가,6,0,0,802,0
7509,드라마,2,5,223.8,119,청불,8,0,1,1175,0
7510,로맨스,2,5,251.2,144,12세,10,0,0,101,0
7511,액션,1,5,188.5,179,12세,4,1,0,1009,2
7512,로맨스,5,5,170.6,142,전체관람가,4,1,1,2424,0
7513,스릴러,1,3,39.7,97,15세,1,0,1,1794,3
7514,로맨스,1,2,98.6,122,전체관람가,4,0,1,380,0
7515,코미디,5,3,190.2,157,15세,11,0,1,1364,0
7516,드라마,4,3,176.0,160,15세,6,0,1,1749,1
7517,로맨스,5,1,135.6,116,12세,12,0,0,2099,1
7518,로맨스,1,1,48.5,88,전체관람가,4,0,1,1359,2
7519,스릴러,5,5,59.9,83,전체관람가,5,0,1,877,0
7520,코미디,1,4,247.4,101,12세,6,1,0,367,1
7521,애니메이션,1,3,284.5,102,전체관람가,9,0,0,481,2
7522,SF,3,1,227.3,148,전체관람가,2,0,1,1802,2
7523,코미디,2,2,55.1,168,청불,12,0,0,974,0
7524,SF,5,4,186.5,108,청불,11,0,0,2107,0
7525,액션,5,3,235.1,110,전체관람가,8,0,0,2131,2
7526,애니메이션,5,4,155.3,129,15세,4,0,0,956,0
7527,SF,4,5,12.5,164,전체관람가,11,0,1,1293,0
7528,드라마,3,3,35.2,135,전체관람가,7,0,0,112,0
7529,드라마,4,5,228.2,143,15세,10,0,1,2035,0
7530,애니메이션,1,2,20.9,120,12세,9,0,1,358,0
7531,드라마,2,1,218.8,180,청불,6,0,0,494,1
7532,코미디,5,1,151.2,150,12세,5,1,1,1588,1
7533,액션,1,3,181.8,100,15세,9,1,0,744,1
7534,드라마,2,5,160.2,117,15세,3,0,0,1281,0
7535,드라마,5,2,221.8,159,12세,11,0,0,1546,1
7536,애니메이션,1,3,147.7,118,12세,3,0,1,808,1
7537,로맨스,3,2,64.7,114,15세,8,0,0,1782,2
7538,스릴러,2,4,122.2,85,12세,8,0,0,147,0
7539,호러,1,2,226.1,170,15세,8,0,1,821,1
7540,액션,4,1,153.9,121,청불,1,0,0,1008,0
7541,로맨스,2,3,70.3,180,15세,7,1,1,1917,2
7542,스릴러,2,3,232.2,178,12세,11,0,0,271,0
7543,액션,1,4,54.5,143,12세,3,1,1,793,1
7544,호러,5,4,69.5,137,15세,3,0,0,188,0
7545,SF,2,4,283.3,131,12세,5,0,1,845,0
7546,액션,5,3,246.5,131,12세,9,0,0,2173,2
7547,호러,3,3,95.9,89,15세,9,0,1,214,0
7548,코미디,3,4,53.3,144,15세,1,0,1,2390,1
7549,SF,5,5,123.8,167,전체관람가,6,1,0,1296,0
7550,로맨스,5,2,189.3,98,12세,3,0,0,587,0
7551,스릴러,2,2,84.1,122,15세,6,0,0,124,0
7552,스릴러,4,4,163.9,107,15세,10,0,1,826,1
7553,스릴러,2,4,72.8,116,15세,12,0,0,2352,2
7554,스릴러,4,1,16.5,150,15세,7,0,1,1222,0
7555,애니메이션,4,4,249.8,80,12세,12,0,0,1577,2
7556,SF,3,1,155.0,114,청불,7,0,1,1661,2
7557,애니메이션,1,5,153.3,175,15세,12,1,0,1809,3
7558,SF,5,1,143.1,177,12세,2,0,0,1558,2
7559,호러,2,3,149.0,148,12세,9,0,1,1853,0
7560,SF,3,3,5.2,91,15세,1,0,1,1692,0
7561,코미디,2,3,172.1,177,전체관람가,6,1,1,274,0
7562,로맨스,4,4,47.3,132,12세,2,0,0,501,0
7563,드라마,5,4,87.6,105,12세,2,0,0,1079,1
7564,스릴러,5,1,244.8,108,12세,11,1,1,1934,2
7565,애니메이션,3,4,88.7,103,청불,3,0,0,1511,0
7566,로맨스,2,1,83.1,127,15세,5,0,1,437,0
7567,드라마,2,3,262.4,139,12세,7,0,1,1116,1
7568,호러,5,1,51.6,98,12세,3,0,0,432,0
7569,SF,3,4,141.8,109,15세,8,0,0,601,0
7570,로맨스,3,2,130.2,116,15세,11,0,1,1209,1
7571,SF,5,3,236.4,152,12세,10,0,1,757,0
7572,로맨스,1,5,21.4,176,12세,12,0,1,528,0
7573,애니메이션,1,5,132.5,149,15세,8,0,1,1730,2
7574,SF,4,1,299.7,164,12세,3,0,1,1474,2
7575,애니메이션,5,2,27.0,172,청불,3,1,0,1087,0
7576,드라마,5,5,216.9,130,12세,1,1,0,1376,3
7577,액션,1,4,42.5,158,15세,9,0,0,1136,0
7578,코미디,5,3,234.9,138,15세,5,0,1,341,0
7579,스릴러,2,3,210.5,162,12세,12,1,1,846,1
7580,스릴러,3,1,250.1,126,청불,3,0,0,2077,1
7581,코미디,1,4,167.6,152,청불,9,0,1,1262,2
7582,로맨스,3,5,167.3,86,15세,2,0,0,690,0
7583,드라마,2,2,153.3,156,12세,2,1,1,193,3
7584,드라마,3,5,16.4,125,12세,11,0,1,354,0
7585,드라마,1,1,133.1,174,15세,12,0,0,1525,3
7586,코미디,4,4,154.9,167,15세,7,0,0,1930,1
7587,드라마,4,3,137.9,135,12세,6,0,0,593,1
7588,애니메이션,3,1,188.5,135,15세,12,1,0,752,1
7589,호러,3,4,34.6,122,15세,11,0,0,320,0
7590,로맨스,3,4,195.1,155,15세,8,0,0,1032,1
7591,액션,4,3,189.6,111,15세,8,0,0,1111,1
7592,호러,1,4,36.0,152,15세,8,1,0,1140,1
7593,코미디,2,4,31.1,98,전체관람가,7,1,1,230,0
7594,스릴러,2,2,95.5,177,12세,1,0,0,1537,0
7595,호러,3,2,136.6,121,15세,2,0,0,877,1
7596,SF,5,1,55.5,177,15세,3,0,1,2302,1
7597,애니메이션,4,1,151.9,116,15세,9,0,0,2173,2
7598,액션,2,3,53.4,93,청불,10,0,1,490,0
7599,액션,4,3,96.4,155,12세,2,0,0,1824,1
7600,드라마,1,5,37.9,140,15세,11,0,1,2210,1
7601,드라마,5,4,79.8,168,15세,7,0,0,1847,1
7602,애니메이션,2,2,264.2,107,12세,6,1,1,1613,2
7603,애니메이션,1,5,47.3,158,12세,9,1,0,978,0
7604,스릴러,3,4,25.3,140,전체관람가,5,0,0,1231,1
7605,드라마,3,4,204.9,85,전체관람가,3,0,1,633,0
7606,SF,3,2,197.7,102,15세,5,0,0,996,1
7607,로맨스,1,4,87.3,115,청불,1,0,1,1322,0
7608,드라마,3,4,148.2,139,12세,1,0,0,1140,2
7609,애니메이션,1,1,246.8,174,15세,8,0,1,893,1
7610,드라마,4,4,51.7,176,청불,8,0,1,896,0
7611,로맨스,4,5,196.3,180,15세,8,0,0,1098,1
7612,호러,2,1,82.8,154,15세,7,0,0,2207,2
7613,로맨스,5,5,176.0,179,15세,9,1,1,172,0
7614,SF,3,2,202.6,89,청불,7,0,0,2212,2
7615,액션,4,1,241.0,84,전체관람가,2,0,0,2144,3
7616,액션,2,3,115.5,116,전체관람가,5,0,1,1445,1
7617,액션,1,4,63.4,124,15세,2,0,0,1072,3
7618,코미디,3,4,139.7,89,전체관람가,8,0,1,1743,2
7619,스릴러,4,5,299.9,146,15세,1,0,1,1199,0
7620,드라마,1,2,74.3,113,청불,4,0,0,1788,3
7621,액션,4,4,249.9,99,15세,2,0,1,1015,1
7622,SF,3,5,132.7,164,전체관람가,9,1,1,1681,3
7623,액션,2,2,222.5,116,12세,5,1,0,1989,3
7624,호러,3,4,83.4,161,청불,3,0,0,1043,0
7625,호러,3,2,267.5,148,청불,1,0,1,1911,2
7626,스릴러,5,1,202.7,170,청불,6,0,1,2209,0
7627,호러,2,5,83.9,171,전체관람가,2,0,0,2327,2
7628,드라마,1,4,200.2,130,15세,9,0,0,1293,0
7629,호러,4,5,170.2,116,청불,10,0,0,1969,0
7630,호러,2,5,262.9,96,청불,5,0,1,248,0
7631,스릴러,5,4,202.2,135,15세,3,1,1,1884,1
7632,코미디,4,4,265.6,179,15세,6,0,1,1308,0
7633,호러,5,1,275.9,117,12세,1,0,0,485,1
7634,호러,1,3,10.7,94,12세,3,0,1,2047,0
7635,스릴러,1,2,230.7,170,15세,12,0,0,1254,2
7636,드라마,5,5,35.6,149,청불,9,0,1,1366,0
7637,액션,2,5,206.7,177,15세,11,0,0,1204,0
7638,액션,2,2,42.2,164,12세,6,0,0,134,0
7639,로맨스,3,1,189.1,99,12세,12,1,0,1109,2
7640,SF,5,3,191.8,125,12세,11,0,0,291,0
7641,액션,5,2,120.5,96,12세,10,1,1,2115,3
7642,드라마,4,1,166.3,168,12세,10,1,1,200,0
7643,SF,5,3,51.0,100,15세,12,0,0,101,0
7644,드라마,5,3,141.3,121,12세,7,0,0,1997,0
7645,코미디,3,5,12.2,153,12세,11,0,0,1965,0
7646,스릴러,2,3,45.4,119,15세,8,1,1,2038,2
7647,드라마,1,2,170.4,116,전체관람가,12,1,1,929,1
7648,코미디,5,2,94.9,118,12세,3,0,0,2008,0
7649,스릴러,2,5,48.8,132,12세,2,0,1,2367,2
7650,코미디,4,5,156.0,150,15세,11,0,0,2488,2
7651,코미디,2,4,90.2,147,전체관람가,6,0,1,1374,1
7652,스릴러,5,5,293.8,153,청불,2,0,0,2101,1
7653,드라마,1,5,114.2,167,전체관람가,9,0,0,647,0
7654,로맨스,3,3,45.4,143,15세,8,0,0,929,0
7655,SF,3,2,298.5,123,15세,6,0,1,1091,1
7656,로맨스,1,2,241.3,85,15세,5,0,0,1694,3
7657,호러,4,1,4.3,153,15세,12,0,0,2177,0
7658,로맨스,3,5,131.2,103,청불,5,1,0,417,0
7659,SF,5,2,197.2,126,전체관람가,10,1,0,1751,2
7660,코미디,5,5,105.5,168,12세,4,0,1,1074,0
7661,스릴러,1,2,210.8,154,전체관람가,6,0,0,1712,1
7662,로맨스,3,4,271.6,89,청불,6,0,0,2309,2
7663,스릴러,1,3,8.3,93,12세,7,0,0,659,0
7664,스릴러,3,4,22.9,163,청불,5,0,1,2102,0
7665,드라마,2,1,240.0,94,15세,10,0,0,117,0
7666,로맨스,1,5,242.7,116,12세,11,0,0,2265,1
7667,코미디,2,3,92.6,145,15세,5,0,0,1720,1
7668,드라마,5,1,236.8,108,12세,6,0,0,1869,1
7669,애니메이션,5,4,77.2,115,12세,4,0,0,611,0
7670,스릴러,3,5,212.2,103,12세,8,0,1,2185,2
7671,애니메이션,2,1,113.1,175,12세,5,0,1,2172,2
7672,애니메이션,1,4,169.4,105,12세,4,0,0,1790,3
7673,SF,5,2,145.6,159,12세,4,0,0,2069,2
7674,스릴러,3,4,42.8,120,15세,12,1,0,712,0
7675,스릴러,3,5,284.9,141,청불,8,0,0,1335,0
7676,드라마,4,2,158.0,121,청불,12,0,1,599,1
7677,스릴러,3,5,30.1,120,15세,6,0,0,917,0
7678,코미디,3,5,20.4,162,청불,12,1,0,759,0
7679,SF,1,2,218.9,117,전체관람가,10,0,0,1787,3
7680,애니메이션,4,1,62.3,114,전체관람가,3,0,1,480,1
7681,호러,3,4,18.7,126,15세,5,0,0,464,0
7682,액션,3,3,3.1,113,12세,5,0,0,2214,2
7683,드라마,1,5,213.6,169,청불,10,0,0,781,0
7684,스릴러,5,2,228.7,178,12세,11,0,1,1558,1
7685,액션,5,4,5.6,118,15세,10,1,0,754,0
7686,액션,1,3,264.9,135,전체관람가,10,0,1,516,2
7687,드라마,1,4,189.8,91,12세,3,0,0,2424,3
7688,드라마,2,3,155.1,94,청불,12,0,0,1454,0
7689,호러,1,1,139.8,108,15세,4,0,1,177,1
7690,드라마,3,5,232.5,124,15세,10,0,1,636,0
7691,스릴러,1,2,85.2,159,15세,3,0,1,605,0
7692,애니메이션,3,5,72.5,133,전체관람가,5,1,1,1065,0
7693,로맨스,2,2,240.1,121,15세,5,1,0,990,1
7694,드라마,2,5,63.8,81,15세,3,0,1,428,0
7695,애니메이션,2,2,48.0,140,15세,5,0,0,152,0
7696,호러,4,5,149.0,128,전체관람가,3,1,0,1365,0
7697,애니메이션,3,2,259.4,166,15세,9,0,0,811,1
7698,코미디,3,3,280.2,151,12세,12,0,1,623,1
7699,SF,2,2,246.9,88,12세,3,0,0,1348,2
7700,스릴러,2,3,74.3,141,청불,10,0,1,773,0
7701,드라마,4,1,278.3,166,12세,5,0,0,2018,2
7702,액션,2,3,120.3,153,15세,12,1,0,1783,1
7703,코미디,2,2,144.5,116,15세,2,0,0,736,0
7704,스릴러,3,2,293.5,111,청불,2,0,0,2479,3
7705,SF,1,1,145.1,101,12세,6,1,1,349,2
7706,로맨스,3,4,264.6,88,청불,3,0,0,2061,0
7707,로맨스,5,1,117.5,128,청불,3,1,0,1234,1
7708,액션,4,1,100.1,110,전체관람가,2,1,1,1623,3
7709,코미디,1,3,166.0,125,15세,1,0,0,886,2
7710,스릴러,2,4,245.6,143,15세,5,1,0,856,0
7711,로맨스,4,2,231.5,106,15세,4,0,1,1759,1
7712,호러,5,4,285.7,178,12세,12,0,0,167,0
7713,스릴러,1,2,194.0,165,15세,3,0,0,2374,3
7714,드라마,5,5,216.5,179,전체관람가,4,1,0,812,0
7715,코미디,4,1,89.8,173,15세,9,1,1,470,1
7716,코미디,1,4,84.7,146,12세,1,0,1,2069,2
7717,SF,4,4,3.2,93,12세,4,0,1,610,0
7718,코미디,5,3,147.5,80,15세,11,0,1,842,0
7719,스릴러,2,4,25.0,180,15세,8,0,0,1846,0
7720,액션,1,3,110.2,174,12세,6,0,0,1883,2
7721,스릴러,5,1,171.0,109,15세,10,0,1,671,0
7722,코미디,4,5,133.2,119,12세,6,0,0,1883,0
7723,애니메이션,4,5,224.0,82,15세,3,0,0,722,0
7724,호러,3,3,266.1,120,15세,11,0,1,575,1
7725,로맨스,5,2,120.1,170,12세,7,0,0,1701,0
7726,애니메이션,4,1,79.7,129,12세,10,0,0,1689,2
7727,액션,3,5,196.6,100,15세,3,0,0,1775,2
7728,SF,5,5,163.5,137,12세,8,0,0,1091,1
7729,호러,4,5,200.5,108,청불,10,0,1,944,0
7730,로맨스,5,3,238.0,84,15세,3,0,0,1508,2
7731,SF,1,3,298.0,91,12세,1,0,0,2448,3
7732,코미디,1,2,93.1,180,12세,1,0,0,1609,0
7733,로맨스,2,3,204.2,164,15세,11,0,0,1839,2
7734,SF,4,3,271.2,117,15세,4,0,0,582,0
7735,애니메이션,2,1,9.6,94,12세,7,0,1,2215,1
7736,호러,2,1,150.9,119,12세,8,0,0,799,1
7737,액션,2,1,269.7,85,청불,5,1,1,2115,3
7738,드라마,2,4,252.0,163,12세,2,0,1,288,1
7739,스릴러,2,4,270.8,166,전체관람가,3,0,0,1754,1
7740,애니메이션,2,4,54.1,111,12세,8,0,0,657,1
7741,SF,2,4,194.0,112,12세,4,0,0,2356,2
7742,애니메이션,4,3,58.8,168,전체관람가,8,1,0,508,0
7743,코미디,4,3,289.1,129,15세,11,0,1,1223,1
7744,액션,5,5,31.8,124,12세,9,0,0,1917,0
7745,호러,3,5,19.1,143,15세,6,0,0,971,0
7746,로맨스,5,4,243.8,119,15세,4,0,1,812,0
7747,스릴러,4,2,257.5,91,전체관람가,6,0,1,650,0
7748,호러,5,4,69.1,167,15세,9,0,0,537,0
7749,액션,1,5,98.8,158,전체관람가,12,0,1,1319,2
7750,호러,4,3,42.8,172,전체관람가,2,0,1,471,0
7751,액션,4,1,113.5,171,15세,5,0,0,824,1
7752,스릴러,4,4,227.6,145,12세,9,0,0,2438,1
7753,스릴러,3,4,4.1,105,12세,10,1,0,1447,1
7754,액션,5,2,174.8,162,15세,6,0,0,435,0
7755,액션,3,4,211.7,117,전체관람가,6,0,0,1457,1
7756,스릴러,5,1,108.7,179,전체관람가,4,0,0,224,0
7757,로맨스,2,4,212.0,80,청불,9,1,0,430,0
7758,SF,4,1,274.1,153,12세,7,0,1,1302,2
7759,로맨스,3,5,23.6,180,12세,1,0,0,1982,0
7760,코미디,5,4,237.5,160,15세,10,0,0,1907,0
7761,액션,4,5,31.7,108,15세,2,0,0,1796,0
7762,액션,4,1,36.0,137,전체관람가,10,0,0,2235,0
7763,코미디,1,3,272.7,94,12세,2,0,1,1573,2
7764,드라마,1,2,47.4,156,15세,7,0,0,279,1
7765,로맨스,1,2,27.9,148,12세,9,0,0,455,0
7766,로맨스,2,5,218.3,150,전체관람가,4,0,1,1079,1
7767,드라마,1,1,283.6,81,청불,7,0,1,1823,3
7768,호러,5,2,227.9,87,15세,3,0,0,605,0
7769,호러,1,5,33.8,163,12세,4,1,0,1176,0
7770,드라마,1,5,120.5,103,15세,11,1,0,347,0
7771,액션,5,3,4.0,152,청불,11,0,0,928,0
7772,애니메이션,5,4,144.2,157,전체관람가,1,1,1,2219,2
7773,스릴러,1,5,18.7,174,15세,5,1,0,2183,0
7774,액션,1,5,154.1,159,15세,10,0,1,2266,1
7775,호러,5,4,14.1,135,12세,5,0,0,2419,0
7776,코미디,2,1,201.0,153,12세,7,1,0,2465,3
7777,코미디,4,2,164.4,161,12세,8,0,1,2266,2
7778,로맨스,4,4,250.7,176,12세,1,0,1,1848,2
7779,애니메이션,2,5,166.3,166,15세,4,0,1,400,0
7780,드라마,4,1,140.2,136,전체관람가,10,0,0,1535,1
7781,코미디,3,4,267.0,91,12세,8,0,0,2163,1
7782,드라마,4,3,57.7,80,15세,2,0,0,1423,2
7783,스릴러,5,3,36.0,127,15세,4,0,0,216,0
7784,SF,3,3,189.7,108,12세,1,0,0,529,0
7785,애니메이션,4,5,48.0,145,15세,9,0,0,191,0
7786,스릴러,4,1,268.1,172,12세,11,0,0,2025,1
7787,호러,2,4,86.8,139,전체관람가,1,0,1,233,1
7788,코미디,5,1,92.6,145,15세,11,0,0,2144,0
7789,로맨스,4,1,285.7,96,청불,9,0,1,205,0
7790,액션,5,1,147.2,107,12세,3,0,0,911,1
7791,로맨스,1,4,76.3,150,12세,10,0,1,158,0
7792,로맨스,3,2,54.4,85,12세,6,0,0,1722,0
7793,코미디,2,3,280.3,99,15세,2,0,0,125,0
7794,스릴러,1,3,256.4,178,청불,10,0,1,164,0
7795,코미디,1,3,128.3,156,전체관람가,6,1,0,421,2
7796,드라마,5,2,50.2,135,15세,3,1,0,1931,0
7797,액션,3,4,97.3,106,청불,12,0,1,247,0
7798,액션,3,2,4.8,137,15세,12,0,0,973,0
7799,호러,5,3,269.2,159,15세,11,1,0,1251,2
7800,애니메이션,3,2,96.0,100,청불,9,0,1,1260,2
7801,액션,5,5,2.1,157,15세,11,0,0,1365,0
7802,액션,1,4,186.8,177,청불,1,0,0,547,1
7803,애니메이션,4,4,83.3,162,15세,4,0,1,411,0
7804,로맨스,2,3,174.6,131,15세,2,0,0,2012,2
7805,로맨스,3,1,133.2,139,전체관람가,12,0,0,1419,2
7806,로맨스,3,2,143.8,135,청불,10,0,0,721,0
7807,애니메이션,4,2,242.3,139,15세,6,1,0,416,0
7808,액션,5,1,208.8,144,12세,2,0,0,184,1
7809,드라마,1,3,5.1,137,청불,10,0,0,862,0
7810,코미디,1,5,143.0,142,15세,12,1,1,1796,2
7811,액션,4,1,188.6,145,12세,12,0,1,2197,3
7812,코미디,4,2,225.2,83,12세,9,1,1,409,0
7813,로맨스,1,2,208.4,132,청불,8,0,0,501,2
7814,드라마,1,3,151.8,81,15세,6,0,0,1375,2
7815,SF,1,1,123.0,156,12세,12,0,1,416,1
7816,코미디,3,3,39.4,110,12세,2,0,1,928,0
7817,호러,1,2,120.1,153,12세,10,0,1,616,1
7818,코미디,2,1,36.9,124,청불,2,0,1,1105,1
7819,애니메이션,2,2,202.2,133,15세,12,0,0,1413,1
7820,호러,4,1,3.6,131,12세,11,1,1,1850,0
7821,로맨스,1,1,145.6,107,12세,7,0,1,287,1
7822,코미디,2,1,111.0,177,15세,12,0,0,2029,2
7823,코미디,1,3,96.4,94,12세,4,0,1,463,0
7824,SF,5,1,76.0,110,12세,4,0,0,575,0
7825,액션,5,5,63.4,82,전체관람가,9,0,0,657,0
7826,액션,3,4,77.6,150,청불,9,1,0,2022,0
7827,호러,2,2,65.6,107,청불,2,1,0,1531,1
7828,호러,1,4,26.7,110,전체관람가,2,0,1,606,1
7829,애니메이션,2,5,127.1,113,12세,7,0,0,1528,1
7830,코미디,4,2,42.7,114,15세,7,0,1,154,0
7831,스릴러,2,2,207.5,119,청불,8,0,1,539,1
7832,로맨스,5,5,156.6,157,12세,3,0,0,538,0
7833,SF,2,2,270.8,142,12세,7,0,0,330,1
7834,드라마,4,4,129.7,144,12세,12,0,0,1955,2
7835,액션,3,3,62.5,88,청불,9,1,0,385,0
7836,호러,1,2,237.8,158,청불,3,0,0,1014,0
7837,스릴러,3,5,106.4,142,15세,5,1,0,788,0
7838,액션,5,3,287.3,130,15세,1,0,0,1478,1
7839,액션,2,3,22.9,115,전체관람가,10,1,1,971,0
7840,로맨스,2,2,205.5,117,청불,9,0,1,595,0
7841,호러,2,1,203.6,128,15세,4,1,0,1362,2
7842,스릴러,1,4,237.2,144,청불,4,0,0,796,0
7843,SF,2,1,66.6,110,15세,5,1,0,1056,1
7844,코미디,4,3,227.0,81,전체관람가,10,0,0,1213,1
7845,코미디,3,5,61.9,102,12세,7,0,0,1414,1
7846,액션,5,5,187.6,85,전체관람가,7,0,0,794,1
7847,액션,3,4,281.1,132,전체관람가,3,0,1,2022,3
7848,드라마,5,4,46.0,141,12세,12,0,0,1989,1
7849,액션,4,5,129.6,166,15세,4,0,0,336,0
7850,드라마,1,1,185.4,140,15세,3,0,0,1220,2
7851,드라마,5,3,259.4,114,전체관람가,2,1,1,2159,1
7852,드라마,5,2,298.3,136,15세,7,1,1,1444,1
7853,액션,4,3,90.8,80,15세,7,0,1,1045,1
7854,로맨스,5,4,148.3,163,15세,7,0,1,2209,1
7855,로맨스,5,3,64.6,177,15세,7,0,0,481,0
7856,호러,2,5,77.7,87,청불,5,1,1,1722,0
7857,로맨스,1,1,236.9,150,청불,12,0,0,1583,3
7858,로맨스,2,1,220.3,83,12세,4,0,1,668,2
7859,로맨스,1,4,55.3,128,15세,8,0,1,1588,2
7860,호러,3,2,97.1,89,15세,7,1,0,2479,3
7861,SF,5,2,46.1,129,12세,9,0,1,2314,0
7862,액션,4,2,50.9,151,12세,2,0,0,1585,1
7863,호러,5,4,66.3,144,청불,9,1,0,513,0
7864,로맨스,2,3,76.8,83,12세,1,0,1,434,1
7865,스릴러,3,3,147.0,95,12세,4,0,1,2080,2
7866,코미디,2,3,109.7,114,15세,3,0,1,144,0
7867,SF,1,3,256.5,123,15세,6,0,0,1523,0
7868,애니메이션,5,2,274.1,168,15세,10,0,0,288,0
7869,애니메이션,1,3,87.7,123,15세,2,0,0,1168,2
7870,코미디,2,3,215.9,92,15세,5,0,0,1418,1
7871,애니메이션,5,2,121.7,176,전체관람가,9,0,1,810,1
7872,로맨스,1,1,225.2,87,전체관람가,12,0,0,1584,3
7873,스릴러,2,1,247.2,90,12세,5,0,0,924,3
7874,로맨스,4,3,120.6,98,15세,5,0,0,1773,2
7875,액션,3,2,145.5,96,12세,12,0,0,672,2
7876,드라마,1,5,274.9,148,12세,12,0,0,826,2
7877,SF,5,5,58.5,118,12세,3,0,0,2070,0
7878,코미디,4,4,58.3,164,12세,11,0,1,117,0
7879,스릴러,3,3,176.5,89,청불,10,0,1,2042,1
7880,액션,2,2,221.1,111,청불,1,0,0,547,1
7881,애니메이션,4,4,206.3,128,12세,2,0,0,1694,1
7882,코미디,2,1,216.0,173,15세,8,0,0,1247,2
7883,로맨스,1,2,160.8,109,15세,8,0,1,1920,3
7884,호러,2,5,269.9,177,12세,11,1,0,1667,0
7885,로맨스,3,4,241.3,152,12세,1,0,1,334,0
7886,코미디,3,2,238.1,175,12세,3,0,1,2249,3
7887,애니메이션,3,3,59.8,117,청불,2,0,0,206,0
7888,애니메이션,3,1,131.3,141,12세,9,0,0,2452,1
7889,스릴러,5,4,224.8,135,청불,11,0,1,240,0
7890,로맨스,2,1,41.3,98,청불,3,0,0,2466,3
7891,코미디,2,2,50.0,121,15세,10,0,0,1269,1
7892,코미디,3,4,20.7,117,12세,9,0,1,2470,0
7893,액션,3,5,171.0,130,12세,3,0,0,2027,1
7894,로맨스,1,4,24.8,88,15세,1,0,1,223,0
7895,드라마,5,5,186.3,84,12세,10,0,0,584,0
7896,스릴러,2,2,188.8,177,15세,2,0,0,636,1
7897,SF,1,2,161.3,128,12세,10,0,0,317,0
7898,액션,1,2,111.0,109,12세,8,0,0,1099,3
7899,스릴러,4,2,101.1,180,15세,12,0,1,650,0
7900,스릴러,4,2,143.1,102,청불,12,0,0,292,0
7901,드라마,3,2,168.4,172,15세,3,0,1,784,2
7902,로맨스,5,1,95.7,131,12세,8,0,1,797,0
7903,호러,2,4,208.7,109,15세,7,0,0,1275,0
7904,드라마,5,5,268.3,126,전체관람가,12,0,0,1296,1
7905,SF,2,5,197.2,134,12세,8,0,0,259,1
7906,스릴러,5,5,78.9,106,청불,5,0,0,716,0
7907,액션,3,5,216.7,88,15세,7,0,0,338,0
7908,드라마,4,4,46.3,117,12세,11,0,1,1306,0
7909,코미디,3,2,278.0,172,전체관람가,10,1,0,873,2
7910,액션,2,4,95.7,100,전체관람가,1,0,1,826,1
7911,호러,3,3,142.1,83,15세,6,0,0,1766,1
7912,드라마,1,1,24.8,155,15세,6,0,0,2454,2
7913,코미디,4,2,46.0,163,12세,12,0,1,252,1
7914,스릴러,2,3,7.6,162,15세,10,0,0,415,0
7915,SF,4,5,157.9,175,15세,9,1,1,2420,2
7916,스릴러,1,4,72.1,127,12세,9,0,0,2254,2
7917,SF,5,5,181.2,158,전체관람가,3,0,0,1730,1
7918,로맨스,4,3,55.5,89,12세,10,0,0,1791,0
7919,SF,4,1,202.0,123,전체관람가,2,0,0,252,1
7920,드라마,1,1,110.2,111,15세,5,0,0,2389,3
7921,SF,4,5,92.1,119,전체관람가,11,1,0,1430,0
7922,액션,1,1,254.5,95,전체관람가,2,1,1,2359,3
7923,호러,4,4,245.4,94,전체관람가,11,0,1,929,0
7924,코미디,2,4,237.4,107,12세,4,0,0,1245,1
7925,호러,2,3,167.7,107,전체관람가,6,0,0,2479,2
7926,애니메이션,5,3,259.6,135,15세,6,0,0,600,0
7927,로맨스,3,3,19.1,155,청불,6,0,0,358,0
7928,로맨스,4,3,120.7,87,15세,5,0,1,1888,2
7929,SF,2,5,50.2,139,15세,2,1,0,1119,1
7930,SF,4,5,36.3,121,12세,6,1,0,1071,0
7931,코미디,4,3,249.6,85,12세,6,0,1,1159,0
7932,애니메이션,2,4,90.6,124,15세,9,0,1,458,0
7933,애니메이션,5,4,70.6,158,15세,1,1,0,1295,1
7934,SF,5,4,61.5,88,12세,6,0,1,1962,1
7935,스릴러,2,1,30.1,162,15세,6,0,0,614,0
7936,코미디,5,1,291.2,171,청불,10,0,0,1141,1
7937,액션,2,4,216.3,120,청불,5,0,1,220,0
7938,호러,2,3,267.6,146,청불,6,1,0,973,0
7939,드라마,2,3,131.4,140,15세,6,1,0,505,1
7940,스릴러,4,2,148.0,123,12세,12,0,0,2371,2
7941,호러,2,4,128.4,145,15세,3,0,1,1099,0
7942,애니메이션,1,5,103.9,170,12세,9,0,0,837,1
7943,액션,4,5,296.5,153,12세,10,0,1,1218,0
7944,로맨스,1,3,107.4,96,청불,3,0,1,343,0
7945,코미디,5,4,17.7,159,12세,5,0,0,911,0
7946,액션,1,5,234.2,162,15세,10,0,1,1365,2
7947,드라마,3,2,195.2,81,12세,4,0,0,1388,1
7948,로맨스,4,3,264.7,96,15세,7,0,1,883,0
7949,로맨스,5,1,285.5,175,15세,3,1,0,1828,0
7950,애니메이션,1,3,241.9,144,전체관람가,11,0,0,152,0
7951,드라마,2,3,287.7,140,12세,2,0,1,1836,2
7952,코미디,5,5,216.3,133,청불,3,0,0,2069,0
7953,액션,4,3,209.3,137,12세,7,1,0,608,1
7954,스릴러,2,4,101.8,111,청불,8,0,0,168,0
7955,로맨스,3,3,289.3,135,15세,3,0,0,2376,1
7956,액션,2,5,249.6,159,15세,4,0,0,828,0
7957,로맨스,2,1,243.3,101,청불,10,0,0,2292,2
7958,액션,4,5,195.6,166,전체관람가,1,0,0,797,0
7959,애니메이션,3,4,145.3,88,15세,11,0,0,993,0
7960,호러,4,5,81.1,85,12세,7,0,0,2496,1
7961,호러,4,1,183.7,123,15세,2,0,1,585,0
7962,드라마,4,1,22.2,115,12세,6,0,1,1431,2
7963,로맨스,5,5,247.3,179,12세,4,0,1,757,0
7964,코미디,3,3,244.6,82,15세,6,1,0,276,0
7965,코미디,2,1,276.4,97,15세,8,0,0,794,0
7966,스릴러,2,5,61.5,153,전체관람가,1,0,1,696,0
7967,액션,5,1,142.8,99,청불,11,0,0,342,0
7968,스릴러,1,2,47.3,145,전체관람가,12,0,1,915,0
7969,로맨스,2,1,69.6,105,전체관람가,4,0,0,1342,1
7970,SF,2,5,24.6,152,12세,3,0,0,1379,0
7971,코미디,5,3,30.2,106,15세,4,1,0,142,0
7972,애니메이션,2,4,255.1,136,청불,9,1,0,1536,1
7973,SF,5,1,97.9,143,12세,9,0,0,884,0
7974,액션,4,3,16.0,106,15세,9,0,0,292,0
7975,액션,2,5,57.5,145,15세,6,0,0,2020,1
7976,코미디,4,2,47.9,138,15세,8,0,0,1158,0
7977,SF,1,4,165.1,86,15세,8,0,0,1310,2
7978,SF,4,5,106.0,108,15세,9,1,0,933,0
7979,액션,2,3,229.6,127,15세,4,0,1,1334,2
7980,호러,1,2,21.8,144,청불,8,1,0,2327,1
7981,스릴러,5,3,248.0,117,전체관람가,8,0,0,911,0
7982,액션,2,5,121.1,108,12세,1,0,1,1300,2
7983,SF,3,4,279.7,121,전체관람가,11,0,1,2148,1
7984,SF,3,5,2.0,120,전체관람가,5,0,0,1819,1
7985,코미디,5,3,295.1,137,15세,4,0,0,757,0
7986,드라마,4,4,274.9,133,12세,4,0,1,2242,3
7987,호러,3,4,218.5,99,15세,2,1,0,2063,1
7988,스릴러,4,3,192.9,80,15세,4,0,0,1189,0
7989,드라마,1,5,85.1,146,12세,12,0,0,785,1
7990,호러,2,3,127.2,100,15세,3,0,1,2045,0
7991,SF,1,4,216.8,116,청불,8,0,0,2050,0
7992,스릴러,3,2,206.5,175,15세,7,0,1,1344,1
7993,코미디,4,1,134.4,92,청불,5,0,1,114,0
7994,액션,2,2,156.4,108,15세,9,0,0,741,0
7995,스릴러,5,3,257.6,173,15세,12,0,0,501,0
7996,애니메이션,5,4,131.6,95,전체관람가,8,0,1,1366,0
7997,애니메이션,4,2,132.6,83,15세,2,0,0,1362,1
7998,드라마,5,2,57.5,126,12세,2,1,0,2212,2
7999,코미디,3,4,167.9,129,15세,6,0,0,2326,2
