id,genre,lead_actor_tier,writer_experience,channel,episodes,budget_billion_won,release_quarter,timeslot,is_remake,lead_actor_age,avg_rating
0,의학,4,22,케이블,16,80.7,4,주말저녁,1,30,10.23
1,의학,1,13,케이블,20,95.7,2,주말심야,0,41,8.76
2,의학,1,12,OTT,16,86.5,3,주말저녁,0,24,14.7
3,사극,5,10,지상파,24,35.6,2,평일저녁,0,50,8.54
4,판타지,2,17,케이블,16,24.1,4,주말저녁,0,48,12.22
5,판타지,5,19,케이블,16,5.8,3,평일심야,1,40,3.81
6,법정,5,18,OTT,20,66.0,1,평일저녁,1,35,11.09
7,로맨스,2,10,케이블,16,55.5,2,평일심야,0,25,7.04
8,코미디,2,11,케이블,16,49.3,4,주말저녁,0,45,10.85
9,사극,2,0,케이블,16,60.5,4,평일저녁,1,39,8.1
10,의학,4,23,지상파,12,96.0,3,평일심야,0,42,9.73
11,판타지,3,12,지상파,20,9.7,1,주말저녁,0,46,9.66
12,법정,5,6,지상파,12,60.3,1,주말저녁,0,50,10.14
13,판타지,5,21,지상파,16,95.1,2,평일저녁,1,33,9.12
14,판타지,5,15,OTT,24,19.7,2,주말저녁,0,31,5.59
15,사극,1,29,지상파,12,40.3,3,평일심야,0,32,13.85
16,사극,3,22,케이블,16,29.7,3,주말저녁,0,31,12.76
17,사극,2,17,지상파,20,49.7,4,평일저녁,0,49,14.9
18,의학,1,9,지상파,20,32.7,1,평일심야,0,39,8.81
19,판타지,5,9,지상파,20,92.4,2,평일저녁,1,45,7.93
20,의학,3,25,케이블,16,65.0,4,평일저녁,0,36,10.76
21,사극,4,8,OTT,24,80.4,2,주말저녁,0,22,12.04
22,판타지,4,22,케이블,20,82.4,2,평일심야,0,48,9.41
23,코미디,2,17,지상파,8,56.4,2,주말저녁,0,24,12.33
24,스릴러,2,18,지상파,16,71.6,4,평일저녁,0,27,9.81
25,사극,5,7,케이블,12,11.2,2,평일저녁,0,33,6.54
26,의학,5,21,OTT,20,23.0,3,평일저녁,0,28,10.91
27,로맨스,1,15,지상파,16,19.6,2,평일저녁,0,23,10.8
28,법정,4,28,지상파,24,97.9,1,주말저녁,0,41,13.24
29,로맨스,5,2,지상파,16,32.1,2,평일저녁,0,21,7.99
30,사극,2,28,OTT,24,92.8,2,주말심야,0,38,12.51
31,의학,1,22,지상파,32,78.9,4,주말저녁,0,44,12.23
32,로맨스,4,16,지상파,20,6.4,1,평일저녁,0,35,6.63
33,사극,5,30,지상파,12,54.3,3,평일저녁,1,34,10.92
34,판타지,2,21,케이블,20,42.6,2,평일저녁,0,23,9.6
35,코미디,5,8,케이블,16,44.8,1,주말저녁,0,20,5.96
36,사극,1,2,지상파,24,18.8,2,평일심야,0,44,10.09
37,사극,1,8,지상파,16,45.0,3,평일저녁,0,48,12.52
38,사극,5,4,지상파,24,68.3,4,주말저녁,0,43,8.32
39,의학,1,5,케이블,16,47.3,1,평일저녁,0,31,7.91
40,사극,2,6,지상파,16,53.2,4,평일저녁,0,45,12.33
41,판타지,5,4,지상파,20,73.0,2,평일심야,0,45,5.34
42,스릴러,4,21,케이블,16,79.0,1,주말저녁,1,20,10.17
43,사극,2,30,OTT,24,70.8,3,평일저녁,0,21,8.95
44,코미디,5,0,지상파,20,34.9,2,평일저녁,0,24,8.54
45,판타지,4,6,OTT,16,16.9,4,주말저녁,0,43,7.01
46,사극,3,28,OTT,16,74.9,4,주말저녁,0,45,9.88
47,법정,5,21,OTT,16,45.9,1,평일저녁,0,41,9.79
48,코미디,1,23,OTT,16,6.8,2,평일저녁,0,34,6.37
49,법정,1,17,케이블,20,28.8,1,주말저녁,0,25,13.85
50,판타지,5,3,지상파,16,85.2,4,평일심야,0,49,6.7
51,법정,4,22,케이블,20,81.7,2,평일저녁,1,45,6.7
52,코미디,5,0,지상파,12,9.1,1,주말저녁,0,40,7.89
53,의학,4,11,지상파,16,79.6,4,주말저녁,1,27,9.75
54,로맨스,5,20,지상파,24,91.4,2,평일심야,0,23,11.03
55,법정,5,27,케이블,16,89.1,2,주말심야,0,26,7.87
56,스릴러,5,30,OTT,32,76.4,2,평일심야,1,40,5.37
57,사극,2,0,지상파,8,53.8,4,평일저녁,0,32,12.74
58,판타지,3,23,지상파,12,24.6,2,평일저녁,0,21,12.01
59,법정,2,18,지상파,20,66.9,2,주말저녁,0,47,12.31
60,판타지,5,14,케이블,8,73.8,2,주말저녁,0,27,7.88
61,사극,2,26,지상파,16,58.5,2,평일저녁,0,37,13.11
62,판타지,4,1,케이블,24,80.9,3,평일저녁,0,41,7.56
63,사극,2,2,지상파,12,60.9,4,평일저녁,0,46,11.1
64,스릴러,4,0,케이블,16,97.1,4,평일저녁,1,37,5.3
65,판타지,5,16,케이블,12,94.4,2,평일심야,0,42,5.79
66,스릴러,3,11,케이블,16,70.9,1,주말심야,0,32,6.15
67,사극,3,19,케이블,32,7.5,4,평일저녁,0,23,8.76
68,법정,1,27,OTT,20,45.0,1,평일저녁,0,22,11.76
69,코미디,5,28,지상파,16,86.0,2,평일저녁,0,26,11.76
70,판타지,4,11,OTT,20,10.9,3,주말저녁,0,40,7.84
71,로맨스,1,29,지상파,16,16.2,2,주말심야,0,20,12.51
72,의학,3,24,OTT,16,59.0,2,평일저녁,0,35,9.81
73,사극,5,28,지상파,16,28.7,2,주말저녁,0,31,11.29
74,스릴러,1,5,OTT,16,9.3,4,평일저녁,1,29,10.01
75,코미디,1,9,지상파,8,94.4,1,주말저녁,0,40,12.02
76,판타지,4,2,지상파,32,85.6,3,평일저녁,1,43,5.81
77,법정,4,0,OTT,24,84.1,1,주말저녁,0,50,9.05
78,로맨스,3,12,OTT,24,32.5,3,주말저녁,0,40,5.52
79,의학,5,15,지상파,8,98.7,4,평일저녁,0,48,8.93
80,판타지,1,20,OTT,20,81.1,3,평일심야,1,29,6.06
81,사극,4,18,OTT,24,15.8,1,평일저녁,0,45,8.0
82,판타지,4,15,케이블,8,77.8,3,주말심야,1,25,6.05
83,사극,4,26,케이블,16,16.6,1,주말심야,0,22,8.41
84,코미디,3,21,케이블,20,96.6,3,평일저녁,0,33,9.79
85,스릴러,1,7,케이블,12,75.8,2,평일저녁,0,21,8.75
86,판타지,2,15,OTT,16,46.5,3,평일심야,0,24,7.58
87,판타지,1,30,지상파,16,14.5,2,주말심야,0,20,10.14
88,의학,2,24,지상파,8,24.9,1,평일저녁,0,39,13.88
89,사극,2,14,케이블,16,77.4,1,평일저녁,0,32,11.21
90,사극,1,15,케이블,20,27.0,2,평일심야,0,24,10.72
91,사극,1,29,지상파,24,26.2,3,평일저녁,0,38,12.33
92,코미디,1,12,지상파,16,77.8,4,주말저녁,1,37,13.93
93,사극,4,10,지상파,8,69.8,1,평일심야,0,25,9.94
94,판타지,5,21,OTT,32,24.4,1,주말저녁,0,46,8.74
95,코미디,5,8,케이블,16,56.1,4,주말저녁,0,20,7.85
96,로맨스,4,27,OTT,8,74.6,4,주말심야,0,40,10.23
97,코미디,4,15,OTT,20,98.2,1,평일심야,0,38,8.48
98,로맨스,4,7,지상파,16,49.3,1,평일저녁,0,36,9.9
99,의학,5,22,OTT,24,25.5,4,주말저녁,0,24,11.21
100,로맨스,4,1,OTT,12,67.0,4,주말저녁,0,31,9.44
101,의학,3,24,케이블,32,94.8,3,평일저녁,0,23,7.9
102,코미디,1,30,OTT,32,65.5,1,주말저녁,0,40,7.5
103,코미디,2,19,케이블,24,7.2,2,평일저녁,0,50,9.27
104,스릴러,2,13,지상파,16,73.0,4,평일저녁,1,34,10.72
105,사극,3,14,OTT,16,7.2,2,주말저녁,0,49,10.07
106,로맨스,4,6,OTT,32,53.5,3,평일저녁,1,34,7.37
107,법정,3,28,지상파,12,62.3,3,평일심야,0,32,11.52
108,로맨스,1,16,지상파,24,41.7,1,평일저녁,0,42,12.82
109,의학,1,24,지상파,20,37.8,2,평일저녁,0,41,12.68
110,스릴러,1,0,케이블,8,24.7,1,평일저녁,0,21,9.51
111,판타지,5,12,지상파,32,94.7,1,주말저녁,0,41,12.29
112,법정,3,24,OTT,16,91.3,4,평일저녁,0,50,7.01
113,사극,1,21,케이블,16,84.6,1,주말저녁,0,43,11.48
114,사극,3,9,케이블,20,58.4,3,평일저녁,0,50,8.7
115,로맨스,5,30,케이블,12,81.7,1,주말저녁,0,23,11.27
116,스릴러,4,17,지상파,16,9.1,1,주말심야,0,28,10.54
117,법정,2,0,지상파,24,57.4,2,주말저녁,0,45,13.81
118,코미디,4,1,케이블,24,87.2,2,평일저녁,0,50,9.54
119,로맨스,1,26,지상파,16,33.3,4,평일심야,0,41,11.75
120,판타지,1,15,지상파,16,23.0,3,주말저녁,0,49,13.47
121,사극,5,13,케이블,24,90.6,1,주말저녁,0,35,9.07
122,의학,2,2,케이블,8,81.4,3,평일심야,1,35,6.16
123,사극,5,21,OTT,8,78.0,3,주말저녁,0,32,10.51
124,의학,4,16,지상파,8,76.9,4,평일심야,0,47,8.67
125,코미디,4,2,지상파,24,6.3,3,평일저녁,1,22,10.58
126,사극,2,5,케이블,16,65.1,2,주말저녁,0,24,11.18
127,의학,3,21,지상파,20,68.3,3,평일심야,0,21,11.93
128,사극,1,29,케이블,20,55.8,1,평일심야,0,42,11.79
129,코미디,3,21,OTT,16,88.6,3,평일저녁,1,45,13.61
130,의학,2,23,케이블,24,88.3,1,평일저녁,0,49,8.87
131,코미디,2,8,OTT,16,40.6,4,평일저녁,0,37,8.5
132,의학,1,28,OTT,20,97.9,4,평일심야,0,50,8.79
133,로맨스,1,13,케이블,16,13.4,4,평일저녁,0,36,11.56
134,스릴러,1,5,지상파,8,37.8,4,평일심야,0,25,7.51
135,로맨스,3,8,케이블,16,42.7,1,주말저녁,1,42,8.8
136,코미디,1,26,케이블,24,38.7,3,주말저녁,0,30,9.84
137,사극,2,18,OTT,16,82.7,1,평일저녁,0,40,12.72
138,사극,5,2,지상파,24,61.8,2,평일저녁,0,38,8.71
139,의학,1,21,케이블,16,11.0,1,평일심야,0,47,9.82
140,의학,2,22,케이블,24,50.9,1,평일저녁,0,25,10.99
141,로맨스,4,5,지상파,16,32.7,2,평일저녁,0,40,7.69
142,로맨스,4,29,OTT,12,5.6,1,주말심야,0,25,8.04
143,스릴러,4,28,케이블,24,82.9,4,주말저녁,0,38,10.68
144,의학,3,13,OTT,12,21.8,2,평일저녁,0,37,9.15
145,판타지,3,29,OTT,8,94.5,2,주말저녁,0,42,11.02
146,스릴러,4,7,지상파,8,19.2,4,주말저녁,0,42,9.51
147,로맨스,5,11,지상파,20,63.9,1,주말저녁,0,29,11.82
148,법정,2,4,지상파,32,34.6,2,주말저녁,0,28,11.15
149,코미디,3,25,지상파,20,18.5,1,주말저녁,0,50,9.38
150,의학,4,15,OTT,16,99.5,1,평일저녁,0,20,8.98
151,판타지,3,8,지상파,12,38.3,1,평일저녁,0,25,9.82
152,코미디,4,2,지상파,16,37.6,2,평일저녁,0,39,11.39
153,판타지,1,26,지상파,24,21.5,1,주말저녁,0,29,12.24
154,코미디,5,30,OTT,16,44.2,1,주말저녁,0,49,9.05
155,사극,2,5,케이블,16,10.8,4,평일심야,0,27,7.69
156,로맨스,2,27,지상파,16,62.8,3,주말저녁,1,25,12.49
157,로맨스,3,1,케이블,16,29.1,2,평일저녁,0,48,6.11
158,법정,1,19,케이블,12,30.4,3,평일저녁,0,25,11.56
159,법정,4,21,케이블,20,36.3,1,평일저녁,0,36,10.56
160,의학,5,1,케이블,20,86.2,3,평일심야,0,48,5.79
161,로맨스,3,28,지상파,20,27.6,1,평일저녁,0,43,8.26
162,판타지,4,3,지상파,24,18.9,3,평일심야,0,48,5.88
163,판타지,5,3,OTT,16,14.5,3,평일저녁,0,23,8.85
164,법정,3,8,케이블,12,16.8,1,평일저녁,1,40,9.43
165,의학,2,2,OTT,16,61.9,2,주말저녁,0,32,11.32
166,의학,1,6,OTT,8,76.9,3,평일저녁,0,32,7.21
167,스릴러,5,22,OTT,32,86.9,3,주말저녁,0,46,7.4
168,로맨스,1,17,지상파,12,74.3,3,평일저녁,0,35,11.78
169,법정,1,7,OTT,24,25.2,3,주말저녁,0,35,6.28
170,코미디,5,14,지상파,16,56.9,3,주말저녁,0,47,9.45
171,로맨스,3,2,OTT,16,23.2,1,주말저녁,0,50,7.15
172,사극,4,26,OTT,20,98.3,1,평일저녁,0,32,8.33
173,스릴러,5,13,OTT,16,43.2,3,평일저녁,0,50,7.86
174,법정,5,21,케이블,16,63.5,4,주말저녁,0,30,8.81
175,스릴러,3,27,케이블,8,18.4,1,평일저녁,0,33,9.4
176,법정,5,8,지상파,16,14.7,2,평일심야,0,28,8.09
177,스릴러,2,13,케이블,16,40.4,1,평일저녁,0,43,10.15
178,스릴러,5,14,케이블,8,6.2,3,주말저녁,0,22,8.0
179,법정,1,20,OTT,12,25.8,3,주말저녁,1,30,10.53
180,코미디,5,10,지상파,16,97.1,2,평일심야,0,27,2.99
181,의학,2,16,케이블,20,70.5,1,주말저녁,0,41,12.9
182,로맨스,1,25,케이블,16,52.6,2,평일저녁,0,31,14.18
183,스릴러,2,3,지상파,12,25.3,1,평일저녁,0,23,9.47
184,코미디,5,15,케이블,16,24.9,1,주말저녁,1,24,6.66
185,사극,1,13,지상파,24,18.2,2,평일저녁,0,50,13.12
186,스릴러,4,3,지상파,16,42.8,2,주말저녁,1,41,7.82
187,법정,5,20,OTT,12,32.5,2,평일저녁,0,47,6.23
188,의학,5,27,OTT,16,57.6,1,주말저녁,0,43,10.4
189,의학,3,15,지상파,8,30.3,1,주말저녁,0,24,8.24
190,로맨스,5,2,지상파,24,23.9,2,평일저녁,0,36,6.35
191,법정,2,21,케이블,16,61.8,3,평일저녁,0,28,9.52
192,코미디,5,3,지상파,20,99.3,1,주말저녁,0,35,9.7
193,의학,1,21,OTT,16,31.1,3,평일저녁,0,32,13.95
194,로맨스,2,27,OTT,16,99.1,3,평일심야,0,38,6.98
195,법정,1,26,케이블,8,36.8,3,평일심야,0,28,9.22
196,스릴러,3,6,케이블,16,98.0,4,평일심야,0,47,7.29
197,판타지,5,5,OTT,16,78.1,4,주말저녁,0,22,9.26
198,판타지,2,22,지상파,20,58.6,1,평일저녁,0,43,12.98
199,법정,5,12,지상파,12,92.6,1,평일심야,1,33,11.19
200,사극,5,28,지상파,20,12.0,4,주말심야,1,41,8.55
201,코미디,1,0,지상파,16,61.2,3,평일저녁,0,32,11.49
202,사극,1,3,OTT,20,32.3,4,평일저녁,1,36,8.93
203,스릴러,5,23,케이블,12,26.6,3,주말저녁,1,33,7.93
204,법정,4,1,OTT,20,27.9,4,평일저녁,0,47,6.74
205,로맨스,2,0,OTT,8,15.9,3,평일저녁,0,40,8.07
206,법정,5,26,지상파,16,17.4,3,평일심야,1,21,4.85
207,스릴러,5,3,케이블,16,45.7,3,평일저녁,0,33,7.45
208,스릴러,3,18,케이블,16,77.7,4,주말심야,0,28,6.73
209,사극,2,15,OTT,24,58.0,3,평일저녁,0,49,12.7
210,판타지,5,23,지상파,16,17.7,4,평일저녁,0,31,7.2
211,사극,4,18,지상파,16,83.2,4,평일심야,1,50,9.88
212,법정,2,18,지상파,20,79.1,2,평일심야,1,25,9.67
213,스릴러,5,16,지상파,12,68.6,1,평일저녁,0,38,11.42
214,판타지,2,28,지상파,16,18.0,1,평일저녁,0,26,9.42
215,판타지,5,8,지상파,12,42.6,1,주말심야,0,50,5.67
216,의학,1,4,OTT,8,81.7,3,주말저녁,0,47,13.74
217,법정,4,4,지상파,16,88.2,4,주말저녁,0,31,10.07
218,판타지,5,2,케이블,16,18.1,1,주말저녁,1,50,5.51
219,코미디,1,13,지상파,20,91.7,4,주말심야,0,27,8.72
220,로맨스,1,29,지상파,24,6.1,2,주말심야,0,36,8.69
221,판타지,2,25,지상파,12,36.2,2,평일저녁,0,31,16.46
222,판타지,3,16,지상파,24,16.4,3,평일심야,0,43,8.11
223,판타지,3,14,OTT,20,99.7,3,평일저녁,1,32,10.14
224,의학,3,15,지상파,16,42.3,3,평일심야,1,37,5.94
225,판타지,3,16,케이블,16,27.9,1,평일저녁,0,27,7.3
226,판타지,4,23,지상파,16,49.3,4,평일심야,0,27,8.34
227,스릴러,3,17,지상파,12,65.8,3,주말저녁,0,39,10.88
228,스릴러,2,22,지상파,16,13.2,3,평일저녁,0,32,11.16
229,로맨스,1,2,OTT,8,36.5,3,주말저녁,0,44,7.41
230,사극,2,2,케이블,16,30.4,4,주말저녁,0,30,13.11
231,코미디,3,4,OTT,12,19.3,4,주말저녁,0,29,10.18
232,판타지,2,19,OTT,20,75.9,3,주말저녁,0,43,9.61
233,사극,5,3,지상파,12,32.8,1,평일심야,0,48,7.53
234,사극,5,5,케이블,24,57.4,2,평일저녁,0,39,8.14
235,판타지,5,19,지상파,16,14.9,3,평일저녁,0,48,6.49
236,판타지,1,15,지상파,16,50.1,2,평일심야,0,43,12.47
237,법정,2,11,지상파,8,58.5,1,주말저녁,1,36,12.34
238,스릴러,5,16,지상파,12,98.7,4,평일심야,0,35,8.99
239,로맨스,3,28,케이블,16,18.1,1,평일저녁,0,47,10.0
240,로맨스,5,11,케이블,8,97.2,4,평일저녁,0,26,8.83
241,의학,4,24,지상파,16,52.6,3,주말심야,0,26,10.43
242,코미디,5,4,케이블,20,17.5,1,주말저녁,0,35,6.69
243,법정,1,26,지상파,16,8.0,2,평일저녁,1,35,11.57
244,의학,1,1,케이블,16,9.1,1,주말저녁,0,24,10.45
245,법정,5,20,케이블,16,52.9,3,주말저녁,0,38,7.4
246,스릴러,5,18,지상파,20,64.6,1,주말저녁,0,33,11.15
247,판타지,1,15,지상파,16,72.4,1,주말저녁,1,37,12.27
248,판타지,2,28,OTT,24,25.6,2,주말저녁,0,31,6.64
249,사극,3,2,케이블,24,26.2,4,주말저녁,0,41,7.36
250,법정,1,21,지상파,16,9.3,3,주말저녁,1,26,12.52
251,코미디,1,9,지상파,12,38.8,1,주말저녁,0,37,11.53
252,코미디,3,10,OTT,12,48.3,3,주말심야,0,25,6.55
253,로맨스,2,27,지상파,20,64.5,3,주말저녁,1,46,13.13
254,로맨스,4,9,케이블,8,79.6,2,주말저녁,0,32,8.37
255,사극,4,12,지상파,24,25.0,1,평일저녁,0,43,9.18
256,의학,3,21,지상파,32,51.6,4,평일저녁,1,27,11.01
257,판타지,3,18,케이블,16,98.9,1,주말심야,0,20,8.08
258,의학,5,17,지상파,32,78.7,4,주말저녁,0,23,10.31
259,판타지,1,9,케이블,16,13.0,1,평일심야,0,39,6.19
260,사극,1,20,OTT,16,58.6,3,평일저녁,0,33,12.16
261,의학,4,30,OTT,16,55.4,2,주말저녁,0,33,10.39
262,판타지,2,28,케이블,16,79.2,1,평일저녁,0,31,7.55
263,사극,4,14,케이블,16,73.4,2,평일심야,0,39,8.73
264,로맨스,2,29,지상파,16,20.4,4,평일저녁,0,27,11.68
265,법정,2,20,OTT,24,59.1,1,주말저녁,0,27,11.72
266,로맨스,5,22,케이블,16,13.1,4,평일심야,0,44,6.53
267,법정,5,25,케이블,16,11.8,2,평일심야,0,43,5.46
268,사극,1,22,지상파,8,71.5,1,평일저녁,0,47,13.29
269,스릴러,5,10,케이블,24,76.9,4,평일저녁,0,35,9.32
270,로맨스,2,14,OTT,20,74.5,4,평일저녁,0,33,12.51
271,의학,4,26,케이블,20,35.9,4,평일저녁,0,33,13.36
272,의학,2,19,케이블,24,99.7,4,주말심야,0,49,6.67
273,사극,5,5,지상파,16,51.0,1,주말저녁,1,44,10.97
274,사극,4,25,지상파,32,54.1,2,주말저녁,0,36,11.2
275,로맨스,4,17,OTT,24,73.3,2,평일심야,1,36,7.93
276,사극,1,24,케이블,8,75.5,2,평일저녁,0,23,12.28
277,사극,3,15,케이블,20,55.7,4,평일저녁,0,24,11.9
278,의학,1,6,케이블,16,58.3,4,평일심야,0,40,5.71
279,코미디,2,27,OTT,8,5.8,1,주말저녁,0,40,8.31
280,코미디,1,25,케이블,16,82.4,2,주말저녁,0,23,11.28
281,의학,5,12,OTT,24,54.6,1,평일저녁,0,28,5.56
282,사극,1,8,OTT,24,55.5,2,평일저녁,0,30,8.16
283,의학,4,19,케이블,16,93.2,2,평일심야,1,45,12.54
284,법정,5,6,지상파,24,12.8,3,평일심야,0,36,6.17
285,로맨스,5,0,케이블,20,44.6,3,평일저녁,0,37,6.49
286,법정,5,14,OTT,24,81.1,2,주말저녁,0,47,6.68
287,로맨스,1,18,케이블,16,69.4,4,주말저녁,0,49,13.42
288,로맨스,3,3,지상파,20,38.8,4,주말저녁,1,24,10.65
289,의학,2,6,케이블,20,62.4,4,평일저녁,0,31,8.05
290,의학,1,24,케이블,20,50.9,1,평일심야,0,20,9.32
291,로맨스,5,9,OTT,16,95.2,4,주말심야,0,29,6.24
292,스릴러,1,18,OTT,24,85.3,4,주말저녁,0,44,13.6
293,코미디,3,20,지상파,16,83.1,4,평일심야,1,33,8.58
294,코미디,3,7,지상파,12,26.5,1,평일저녁,0,28,6.86
295,스릴러,3,23,지상파,16,73.5,1,주말저녁,0,35,9.87
296,로맨스,4,24,지상파,16,50.3,2,주말저녁,0,26,12.77
297,법정,2,20,지상파,20,9.5,1,평일저녁,0,25,11.11
298,법정,5,26,케이블,16,67.5,4,주말심야,0,30,8.62
299,판타지,2,30,케이블,16,8.4,4,평일저녁,0,29,10.15
300,판타지,3,23,지상파,12,25.2,3,주말심야,0,27,8.65
301,법정,3,18,OTT,16,8.3,4,주말저녁,0,21,8.65
302,의학,3,6,지상파,16,95.9,4,평일저녁,0,42,11.41
303,스릴러,2,27,케이블,8,78.9,4,평일심야,0,23,9.29
304,판타지,1,5,케이블,16,93.8,4,주말저녁,0,30,7.49
305,법정,5,23,지상파,20,27.6,1,주말저녁,0,48,10.08
306,로맨스,4,4,지상파,16,69.6,3,주말저녁,0,36,10.31
307,의학,1,3,케이블,32,12.3,3,주말저녁,0,25,10.23
308,판타지,4,1,OTT,16,86.2,2,평일저녁,0,34,7.76
309,스릴러,2,22,케이블,16,49.8,2,평일저녁,0,25,11.57
310,사극,1,8,케이블,16,48.5,3,평일심야,0,21,10.92
311,의학,2,16,OTT,12,45.0,2,주말심야,0,20,7.35
312,로맨스,2,27,케이블,24,80.5,3,평일저녁,0,47,9.97
313,법정,5,23,지상파,32,70.5,1,주말저녁,0,42,13.59
314,코미디,4,5,OTT,16,60.1,3,주말저녁,0,29,6.57
315,코미디,5,16,지상파,12,95.6,2,주말저녁,0,35,12.22
316,판타지,1,21,지상파,20,99.5,4,주말저녁,0,41,14.29
317,스릴러,5,30,케이블,16,33.9,4,평일저녁,0,38,9.47
318,스릴러,2,24,OTT,8,94.0,4,평일저녁,0,38,10.16
319,코미디,5,28,OTT,20,86.2,3,주말심야,0,30,6.61
320,의학,3,19,케이블,20,59.8,4,평일저녁,0,20,8.97
321,코미디,2,23,지상파,16,72.0,1,평일심야,0,31,12.18
322,코미디,5,17,OTT,16,80.9,2,주말저녁,0,30,6.91
323,사극,5,4,OTT,20,40.8,3,주말저녁,0,35,8.47
324,판타지,1,5,지상파,16,6.8,1,평일심야,0,34,10.31
325,법정,4,6,지상파,16,13.3,1,주말저녁,0,32,10.49
326,법정,1,0,지상파,16,97.8,4,평일저녁,0,20,10.33
327,코미디,4,27,지상파,16,29.3,1,평일저녁,0,30,12.39
328,사극,3,17,지상파,20,42.3,4,주말저녁,0,49,13.6
329,사극,1,14,지상파,16,12.8,3,평일저녁,0,50,14.21
330,로맨스,4,21,지상파,24,89.9,3,평일심야,1,33,7.0
331,법정,5,8,케이블,20,72.8,2,평일저녁,1,41,6.47
332,판타지,4,22,OTT,24,70.0,4,주말저녁,0,21,8.78
333,판타지,1,8,케이블,16,44.7,3,평일저녁,0,47,9.26
334,로맨스,2,17,케이블,16,26.9,2,평일저녁,0,39,11.76
335,로맨스,1,24,OTT,12,11.4,3,평일저녁,0,27,11.28
336,의학,2,6,지상파,20,39.8,4,평일저녁,0,43,12.78
337,법정,3,30,케이블,16,99.2,2,주말저녁,0,40,12.04
338,스릴러,1,11,지상파,16,88.2,4,주말저녁,0,34,10.58
339,법정,1,20,케이블,20,83.1,4,평일저녁,0,20,11.5
340,로맨스,2,15,케이블,16,98.5,3,주말저녁,0,41,9.39
341,사극,3,24,케이블,16,52.2,1,평일저녁,0,23,12.1
342,법정,1,24,지상파,16,40.2,3,주말심야,1,32,10.56
343,법정,2,12,OTT,20,45.7,1,주말저녁,0,42,9.68
344,법정,2,10,지상파,16,99.8,4,주말심야,0,42,8.46
345,코미디,4,12,케이블,20,81.2,4,평일저녁,0,21,9.04
346,법정,3,25,지상파,20,33.6,2,주말심야,0,41,9.68
347,판타지,4,21,케이블,8,99.2,1,평일저녁,0,43,9.79
348,사극,4,5,케이블,20,59.2,3,평일저녁,0,29,5.96
349,코미디,3,21,지상파,20,16.2,1,평일저녁,0,35,9.76
350,로맨스,3,14,지상파,24,17.9,1,주말저녁,0,41,9.32
351,로맨스,4,7,OTT,20,93.8,1,주말저녁,0,47,9.01
352,의학,5,15,지상파,8,79.2,2,평일저녁,0,36,11.94
353,로맨스,3,15,지상파,24,80.7,1,주말저녁,0,27,10.45
354,판타지,2,20,OTT,24,73.6,1,주말저녁,0,47,9.06
355,법정,4,7,OTT,8,58.5,4,평일저녁,0,25,9.36
356,사극,3,4,지상파,16,88.0,2,주말저녁,1,50,10.44
357,로맨스,2,16,지상파,8,6.0,1,주말심야,0,26,6.03
358,코미디,3,6,케이블,24,37.9,1,평일저녁,0,43,8.96
359,로맨스,3,25,OTT,16,97.1,2,평일저녁,0,21,12.4
360,법정,4,24,케이블,20,22.2,1,평일저녁,0,20,9.19
361,코미디,2,11,OTT,16,98.2,3,평일저녁,0,22,9.52
362,의학,3,4,지상파,20,51.8,1,평일심야,0,46,8.95
363,코미디,2,14,케이블,32,49.0,1,평일저녁,0,46,10.7
364,사극,1,30,케이블,24,71.5,4,평일저녁,1,21,7.31
365,판타지,1,15,지상파,12,58.3,4,평일저녁,0,49,12.16
366,법정,4,26,지상파,16,56.1,3,평일저녁,0,23,9.36
367,로맨스,4,0,OTT,16,17.8,1,평일심야,0,27,5.49
368,사극,5,24,케이블,16,76.6,3,평일저녁,0,29,9.41
369,판타지,4,19,케이블,12,48.1,1,평일저녁,0,49,5.76
370,판타지,5,13,OTT,16,69.4,1,주말저녁,0,20,8.22
371,코미디,4,19,지상파,16,11.7,1,평일저녁,0,30,9.48
372,법정,4,8,지상파,16,93.6,4,평일심야,0,43,9.09
373,판타지,3,26,지상파,20,13.3,3,주말심야,1,35,6.05
374,로맨스,4,28,케이블,24,56.7,4,평일저녁,0,37,8.92
375,법정,4,30,OTT,24,62.3,4,평일저녁,1,46,8.25
376,사극,1,16,케이블,16,75.6,1,주말저녁,0,30,15.39
377,의학,1,3,지상파,24,93.7,3,평일저녁,0,38,9.12
378,코미디,1,12,지상파,16,73.9,1,주말심야,1,28,10.33
379,로맨스,5,0,케이블,24,21.4,4,주말저녁,0,47,4.83
380,법정,3,21,케이블,20,25.2,3,평일저녁,0,49,9.3
381,로맨스,1,7,지상파,20,17.4,4,평일심야,1,28,9.36
382,코미디,5,0,지상파,16,62.5,4,평일심야,0,41,7.51
383,의학,1,12,지상파,16,5.8,2,평일저녁,0,36,10.11
384,로맨스,3,27,OTT,8,95.4,3,평일심야,0,47,10.94
385,판타지,4,27,OTT,16,57.7,1,주말저녁,0,39,8.48
386,스릴러,5,11,케이블,20,78.2,2,주말저녁,0,42,8.65
387,코미디,1,8,케이블,24,86.9,4,주말저녁,0,34,11.48
388,스릴러,2,21,지상파,8,70.0,3,평일심야,0,43,10.05
389,코미디,5,18,케이블,12,66.5,3,주말저녁,0,41,13.32
390,로맨스,4,8,지상파,12,63.1,2,주말저녁,0,40,13.04
391,판타지,1,21,지상파,24,27.4,1,평일심야,0,37,7.07
392,코미디,5,27,OTT,16,67.3,4,평일저녁,0,22,6.81
393,법정,3,19,케이블,12,13.4,3,주말심야,1,49,7.8
394,스릴러,1,17,케이블,24,64.7,4,평일심야,0,21,8.46
395,의학,4,11,지상파,12,67.2,1,주말저녁,0,34,10.63
396,판타지,1,25,케이블,20,90.7,3,주말저녁,0,40,12.49
397,사극,1,12,케이블,24,29.8,1,평일저녁,0,33,9.89
398,스릴러,1,12,케이블,16,33.7,1,평일심야,0,39,9.38
399,코미디,4,13,케이블,8,68.6,2,평일저녁,0,50,9.77
400,코미디,2,25,OTT,16,21.4,3,평일저녁,0,47,10.49
401,사극,5,5,지상파,16,46.0,1,주말저녁,0,24,11.89
402,법정,1,6,지상파,16,32.9,2,주말저녁,0,29,11.93
403,사극,1,12,지상파,24,56.3,2,평일저녁,1,41,13.45
404,스릴러,1,7,OTT,8,47.2,2,주말저녁,0,34,9.48
405,판타지,5,18,케이블,20,20.8,1,주말저녁,0,44,6.07
406,판타지,3,1,케이블,16,66.7,3,평일저녁,0,30,10.18
407,법정,4,22,케이블,12,15.3,4,평일저녁,0,40,7.52
408,의학,5,13,케이블,12,77.0,2,평일저녁,0,36,10.06
409,코미디,2,10,케이블,20,11.7,2,주말심야,1,50,11.41
410,사극,3,23,지상파,16,27.7,1,평일저녁,1,37,11.46
411,법정,2,26,OTT,12,85.0,3,평일저녁,0,44,11.29
412,스릴러,3,16,케이블,8,72.7,4,평일저녁,0,42,6.77
413,의학,2,23,지상파,16,65.0,2,주말저녁,0,37,13.09
414,코미디,4,20,지상파,16,19.7,4,평일저녁,0,27,9.23
415,사극,2,20,OTT,16,59.5,4,주말심야,1,40,11.3
416,판타지,5,4,OTT,32,77.6,1,주말저녁,0,44,5.91
417,스릴러,5,24,지상파,16,33.2,3,주말저녁,0,45,11.07
418,사극,3,1,케이블,20,87.1,3,평일저녁,0,43,10.3
419,코미디,3,12,지상파,20,47.0,1,평일저녁,0,23,10.45
420,코미디,4,15,지상파,16,73.4,3,평일저녁,0,46,11.82
421,스릴러,2,24,지상파,16,86.3,1,주말저녁,1,23,8.38
422,코미디,3,8,지상파,24,88.9,3,평일저녁,1,50,8.95
423,사극,1,29,지상파,8,65.6,2,평일저녁,0,44,16.31
424,판타지,2,11,OTT,16,5.8,3,평일저녁,1,23,5.14
425,로맨스,1,13,OTT,24,33.3,4,주말저녁,1,32,6.08
426,로맨스,1,9,지상파,16,83.2,1,평일저녁,0,23,14.07
427,판타지,5,1,OTT,24,92.6,4,주말저녁,0,30,6.74
428,스릴러,4,10,OTT,16,51.8,3,주말저녁,0,20,8.27
429,스릴러,2,12,케이블,16,30.4,1,주말저녁,1,38,9.05
430,의학,5,16,지상파,24,62.7,2,주말심야,0,20,5.96
431,의학,2,7,지상파,20,22.6,3,평일저녁,1,50,10.4
432,코미디,1,4,지상파,12,31.7,4,평일저녁,0,44,12.55
433,판타지,1,12,지상파,16,90.8,2,평일저녁,0,24,10.44
434,로맨스,3,4,OTT,16,31.6,2,주말심야,0,32,8.54
435,의학,3,29,OTT,24,31.4,3,주말저녁,0,48,8.11
436,스릴러,1,0,OTT,8,36.4,2,주말저녁,0,27,7.3
437,의학,5,26,OTT,16,9.2,4,평일저녁,0,37,8.81
438,판타지,5,30,지상파,12,10.6,2,주말저녁,0,40,8.09
439,법정,5,9,OTT,16,84.3,1,주말심야,0,49,8.02
440,판타지,2,5,지상파,20,28.4,2,주말저녁,0,23,10.03
441,로맨스,5,17,케이블,16,24.9,3,주말심야,1,34,6.19
442,사극,4,19,지상파,8,40.6,1,평일저녁,0,22,11.97
443,의학,4,26,케이블,12,11.8,3,주말저녁,1,35,5.84
444,로맨스,4,14,지상파,16,31.3,1,평일저녁,0,39,10.47
445,로맨스,5,15,케이블,12,30.0,2,주말저녁,0,28,11.45
446,로맨스,5,21,지상파,16,74.4,4,평일저녁,0,36,13.71
447,로맨스,2,17,케이블,32,16.1,2,평일심야,0,44,7.2
448,의학,1,9,지상파,20,71.4,2,주말저녁,0,36,10.6
449,법정,5,28,케이블,16,90.6,4,주말저녁,1,43,13.02
450,로맨스,2,29,지상파,20,79.5,4,주말저녁,0,32,13.97
451,코미디,1,11,지상파,32,9.4,1,평일저녁,0,28,10.19
452,사극,2,25,지상파,12,64.5,1,주말저녁,0,27,13.69
453,의학,4,30,케이블,16,73.5,3,평일심야,0,21,5.94
454,사극,1,2,케이블,16,50.7,4,주말저녁,0,26,11.22
455,판타지,1,7,지상파,12,18.9,2,주말저녁,0,45,12.45
456,법정,2,3,지상파,12,80.1,2,평일심야,0,38,8.21
457,법정,5,18,케이블,16,81.8,2,평일심야,0,25,6.07
458,판타지,1,5,케이블,16,35.7,1,주말저녁,0,37,8.61
459,법정,4,23,지상파,16,93.6,3,평일저녁,0,20,12.18
460,스릴러,1,29,케이블,16,77.1,1,평일저녁,1,24,13.66
461,코미디,4,16,케이블,24,63.1,1,평일심야,0,45,5.9
462,코미디,2,0,케이블,24,72.0,3,주말저녁,0,34,10.67
463,스릴러,2,24,지상파,16,14.4,2,주말저녁,0,25,10.55
464,법정,4,25,케이블,20,37.1,3,평일저녁,1,37,6.59
465,법정,1,30,OTT,20,63.7,4,주말심야,0,29,12.36
466,스릴러,4,25,케이블,12,82.2,1,주말저녁,0,21,6.58
467,스릴러,2,20,지상파,12,45.0,2,평일저녁,0,38,12.77
468,스릴러,3,11,케이블,24,44.7,3,평일심야,0,21,10.49
469,판타지,4,25,지상파,12,26.2,4,평일저녁,0,48,7.84
470,코미디,5,8,지상파,8,56.8,1,평일심야,0,21,3.32
471,코미디,2,28,OTT,16,98.3,2,주말저녁,0,35,9.73
472,판타지,5,22,케이블,8,28.9,3,주말저녁,1,47,6.08
473,로맨스,4,19,지상파,8,54.4,3,주말저녁,0,35,10.95
474,스릴러,3,14,지상파,16,12.9,3,평일저녁,0,43,11.94
475,판타지,3,28,케이블,20,63.1,4,주말심야,0,29,10.32
476,스릴러,3,11,지상파,8,81.2,1,평일저녁,0,28,12.7
477,의학,1,30,케이블,24,94.0,4,주말심야,0,47,10.87
478,사극,5,30,케이블,12,55.7,3,평일저녁,0,41,10.15
479,법정,5,25,케이블,16,57.9,2,평일저녁,0,28,11.19
480,로맨스,5,3,케이블,20,58.6,3,주말저녁,1,40,10.16
481,판타지,2,30,케이블,12,97.5,1,주말저녁,0,38,11.91
482,의학,1,11,케이블,16,98.4,2,평일저녁,0,43,7.39
483,스릴러,5,20,지상파,16,33.2,1,주말저녁,0,37,9.29
484,사극,5,18,케이블,12,49.0,3,주말저녁,0,27,13.38
485,코미디,5,10,지상파,32,21.9,1,평일저녁,0,39,8.67
486,스릴러,2,7,지상파,16,85.3,4,주말저녁,0,50,11.0
487,스릴러,5,19,케이블,12,55.5,1,평일저녁,0,49,10.32
488,로맨스,1,12,케이블,24,43.0,1,평일심야,0,28,10.29
489,의학,4,12,케이블,24,98.3,4,평일저녁,0,40,9.11
490,스릴러,2,7,케이블,20,58.5,2,평일저녁,1,43,11.72
491,사극,4,12,지상파,12,86.4,4,평일저녁,1,38,10.88
492,사극,1,5,지상파,24,70.3,1,주말심야,1,42,12.48
493,법정,4,1,지상파,32,84.6,1,평일심야,0,30,7.82
494,스릴러,4,1,지상파,16,64.7,1,평일저녁,1,50,12.94
495,법정,2,3,OTT,12,48.9,4,평일저녁,0,39,9.26
496,법정,2,16,OTT,24,42.4,2,주말심야,0,49,8.16
497,코미디,4,7,케이블,24,39.6,4,주말저녁,0,30,9.3
498,사극,5,17,케이블,16,38.9,4,주말저녁,0,36,8.76
499,로맨스,4,6,지상파,16,15.9,2,평일저녁,1,25,8.28
500,사극,5,2,케이블,32,63.0,1,평일저녁,0,24,5.77
501,사극,5,26,케이블,16,94.8,2,주말저녁,0,28,12.65
502,코미디,4,9,OTT,16,26.8,2,평일저녁,0,40,9.44
503,법정,5,30,지상파,24,80.0,4,주말저녁,0,30,13.85
504,사극,1,22,지상파,16,10.3,3,평일심야,0,38,11.2
505,사극,5,20,케이블,16,56.5,3,주말저녁,0,26,9.08
506,로맨스,4,1,케이블,16,79.1,3,주말심야,0,38,7.81
507,판타지,4,15,지상파,8,95.8,4,평일저녁,0,31,9.54
508,사극,5,15,케이블,12,82.2,3,주말저녁,0,24,7.26
509,사극,4,20,케이블,12,44.3,2,평일심야,0,49,8.94
510,스릴러,3,8,OTT,32,45.1,4,평일저녁,0,33,5.63
511,판타지,3,23,OTT,20,49.1,4,평일저녁,0,50,8.08
512,스릴러,4,12,지상파,20,47.4,1,평일심야,1,48,8.37
513,코미디,4,6,지상파,12,45.3,2,평일심야,0,35,6.86
514,사극,2,26,케이블,16,78.4,1,주말저녁,0,45,11.11
515,사극,5,8,OTT,16,41.0,2,주말저녁,0,39,6.68
516,사극,5,3,케이블,20,26.8,4,평일심야,0,46,4.09
517,스릴러,1,18,케이블,8,21.0,3,주말저녁,0,28,13.33
518,로맨스,4,27,지상파,16,96.7,2,평일저녁,0,38,10.46
519,판타지,5,9,지상파,16,79.3,4,주말저녁,1,25,8.63
520,사극,1,12,지상파,16,67.3,4,평일저녁,0,34,13.41
521,로맨스,2,7,지상파,20,89.0,1,주말저녁,1,35,11.07
522,판타지,5,26,지상파,20,18.9,2,평일저녁,1,44,9.19
523,스릴러,4,5,OTT,24,22.2,1,평일저녁,0,24,6.16
524,로맨스,2,8,케이블,16,60.6,4,주말저녁,0,32,13.45
525,코미디,4,11,OTT,16,27.5,1,주말저녁,0,47,8.76
526,로맨스,5,4,지상파,16,39.7,4,평일저녁,1,50,8.9
527,로맨스,5,26,지상파,16,95.5,2,주말저녁,0,30,12.24
528,사극,2,0,케이블,16,63.3,1,평일저녁,0,35,5.9
529,코미디,2,10,지상파,16,14.8,3,평일저녁,0,50,8.9
530,스릴러,2,21,지상파,12,66.0,4,평일심야,1,36,8.65
531,스릴러,3,16,OTT,16,28.8,1,평일저녁,0,42,6.39
532,코미디,1,13,케이블,8,39.1,1,주말심야,0,31,8.51
533,스릴러,4,14,지상파,16,44.8,2,평일저녁,0,34,13.05
534,스릴러,5,27,케이블,16,25.7,1,평일심야,0,36,5.66
535,로맨스,1,9,지상파,32,50.5,1,평일저녁,0,33,9.65
536,로맨스,2,15,지상파,16,98.2,3,평일저녁,0,40,15.41
537,판타지,4,2,지상파,16,9.8,4,평일저녁,1,42,8.26
538,법정,2,23,케이블,16,28.3,2,주말저녁,0,32,10.18
539,법정,2,4,지상파,20,83.1,1,평일심야,0,46,6.67
540,의학,2,13,OTT,16,65.1,3,평일저녁,0,43,7.33
541,로맨스,3,30,지상파,16,16.3,2,주말저녁,0,36,13.79
542,코미디,3,25,케이블,16,64.6,4,평일심야,0,50,7.32
543,스릴러,1,23,지상파,8,30.4,1,평일저녁,0,47,11.4
544,의학,1,19,케이블,32,76.7,2,평일저녁,0,25,10.06
545,사극,1,24,OTT,20,66.9,4,주말심야,0,46,10.45
546,로맨스,2,13,지상파,16,67.0,4,평일심야,0,25,12.26
547,사극,4,1,OTT,12,68.9,3,주말심야,0,41,5.81
548,로맨스,3,11,지상파,32,82.4,1,평일저녁,0,26,9.42
549,스릴러,2,14,지상파,16,36.5,3,평일저녁,0,40,12.17
550,로맨스,4,6,지상파,8,76.2,1,평일저녁,0,28,11.68
551,사극,1,7,OTT,24,77.3,2,평일심야,0,46,8.74
552,코미디,3,12,케이블,16,89.6,4,평일저녁,0,21,10.56
553,코미디,3,9,지상파,16,31.4,3,주말심야,1,34,8.79
554,의학,2,15,지상파,8,49.7,3,주말저녁,1,24,11.82
555,법정,1,0,지상파,16,86.2,3,평일심야,0,24,12.99
556,코미디,4,24,지상파,12,69.9,3,평일심야,0,25,10.4
557,판타지,1,28,케이블,32,43.2,1,주말저녁,0,47,12.15
558,법정,4,0,지상파,12,46.8,2,주말심야,0,43,8.0
559,판타지,4,8,지상파,24,68.0,2,주말저녁,0,24,6.51
560,의학,5,23,OTT,20,37.3,4,평일심야,0,20,6.66
561,의학,5,27,지상파,16,36.6,4,평일저녁,0,35,12.52
562,스릴러,2,2,지상파,16,70.6,4,평일저녁,0,32,10.59
563,사극,4,10,케이블,20,71.4,1,평일심야,0,45,10.24
564,법정,4,13,케이블,16,35.1,2,주말저녁,0,30,9.04
565,판타지,5,22,지상파,16,12.7,2,평일저녁,0,28,11.28
566,사극,3,8,OTT,12,16.5,3,주말저녁,0,26,9.67
567,스릴러,1,30,케이블,16,60.7,2,주말저녁,0,35,11.75
568,의학,3,6,케이블,20,72.7,2,평일저녁,0,43,8.74
569,로맨스,2,17,지상파,16,35.4,3,주말저녁,0,36,11.93
570,스릴러,1,14,지상파,16,69.7,3,주말저녁,0,48,13.64
571,코미디,3,28,OTT,24,30.2,2,평일심야,0,25,7.09
572,판타지,5,4,지상파,12,21.0,2,평일심야,0,47,5.41
573,스릴러,5,21,케이블,12,63.1,3,평일저녁,0,30,9.13
574,판타지,3,24,OTT,16,89.3,1,평일저녁,1,49,9.15
575,법정,4,15,지상파,16,30.4,3,주말저녁,1,37,9.43
576,법정,2,23,OTT,32,31.5,2,주말저녁,0,23,11.64
577,코미디,4,14,지상파,16,63.0,1,평일저녁,1,45,10.15
578,법정,2,12,케이블,16,95.8,1,평일심야,0,22,10.89
579,사극,4,14,OTT,16,55.8,1,평일심야,0,30,6.67
580,판타지,3,4,지상파,12,49.5,2,평일저녁,0,38,10.92
581,코미디,3,16,지상파,16,58.3,3,평일저녁,0,35,10.32
582,로맨스,2,18,지상파,16,41.1,4,평일심야,1,25,10.02
583,판타지,3,4,지상파,16,24.5,2,주말저녁,0,33,9.61
584,판타지,4,14,OTT,8,30.8,3,주말저녁,0,31,8.88
585,판타지,1,26,지상파,16,10.2,2,주말저녁,0,49,12.7
586,법정,1,1,케이블,20,49.2,2,주말심야,1,28,10.64
587,로맨스,3,24,케이블,16,10.2,1,주말저녁,0,25,11.38
588,사극,5,6,지상파,16,36.4,4,평일저녁,1,44,9.79
589,로맨스,3,11,OTT,16,89.8,3,평일저녁,0,23,11.51
590,로맨스,4,14,OTT,16,43.2,3,주말저녁,0,50,9.55
591,사극,1,14,케이블,12,71.7,2,주말심야,0,47,10.28
592,코미디,3,21,OTT,16,45.3,2,주말저녁,0,49,9.85
593,판타지,5,21,지상파,16,79.1,3,평일저녁,0,43,6.82
594,코미디,4,6,지상파,16,91.3,3,평일심야,0,26,9.76
595,코미디,1,3,케이블,16,95.8,2,평일심야,0,26,6.54
596,판타지,3,17,OTT,12,60.1,2,주말저녁,0,46,8.78
597,판타지,2,3,OTT,16,36.2,2,평일심야,0,49,6.08
598,판타지,2,10,케이블,12,50.9,2,평일저녁,0,28,11.72
599,로맨스,3,22,OTT,12,25.2,2,평일심야,0,41,6.12
600,코미디,4,7,케이블,16,87.1,4,주말저녁,0,26,9.7
601,법정,5,21,OTT,16,13.9,1,평일심야,0,36,4.84
602,스릴러,2,21,케이블,16,45.1,3,평일저녁,0,38,10.82
603,법정,1,0,OTT,16,83.4,2,평일저녁,0,23,10.73
604,로맨스,5,8,지상파,16,82.5,1,주말저녁,0,46,12.44
605,판타지,1,19,지상파,24,42.0,2,평일저녁,0,31,11.2
606,법정,4,29,OTT,16,24.4,1,평일저녁,0,39,7.2
607,스릴러,2,5,케이블,20,24.4,4,주말저녁,0,48,12.46
608,사극,1,9,케이블,24,30.3,1,평일저녁,0,46,11.38
609,스릴러,3,25,OTT,16,34.9,2,평일심야,0,46,6.92
610,스릴러,1,4,케이블,12,20.0,4,평일저녁,0,44,11.02
611,의학,3,10,지상파,8,36.7,1,평일심야,0,26,9.22
612,스릴러,2,19,케이블,20,65.1,3,평일저녁,0,25,11.35
613,법정,1,21,지상파,16,79.9,2,평일심야,0,42,11.37
614,스릴러,2,15,OTT,16,30.8,1,주말저녁,1,41,9.02
615,법정,4,2,지상파,16,63.8,3,주말저녁,0,45,12.27
616,코미디,1,13,OTT,20,24.5,4,평일심야,0,31,10.23
617,의학,5,8,지상파,32,15.3,1,평일저녁,0,36,7.37
618,스릴러,1,21,케이블,24,82.7,3,평일저녁,0,33,14.78
619,법정,1,0,케이블,24,5.6,2,평일심야,0,32,8.1
620,로맨스,2,26,지상파,24,97.3,2,평일저녁,0,23,11.64
621,사극,3,18,지상파,24,59.0,3,평일저녁,0,45,8.84
622,코미디,2,14,케이블,32,75.1,1,평일심야,0,43,8.11
623,사극,5,19,케이블,16,46.1,1,주말심야,0,37,7.64
624,사극,1,24,지상파,16,18.4,2,평일저녁,0,46,14.18
625,스릴러,3,3,케이블,16,91.1,3,평일저녁,0,48,8.93
626,의학,4,2,OTT,8,25.4,1,주말저녁,0,34,9.99
627,의학,1,28,OTT,16,27.7,3,주말저녁,0,45,13.73
628,코미디,1,30,케이블,8,78.6,3,평일심야,0,50,10.34
629,사극,1,7,OTT,24,31.9,4,평일저녁,0,34,10.68
630,사극,2,10,지상파,12,87.1,2,평일저녁,0,48,13.93
631,법정,4,1,지상파,16,52.3,3,주말심야,0,45,6.08
632,로맨스,1,10,지상파,12,66.8,4,평일저녁,1,46,13.82
633,코미디,2,24,케이블,16,23.7,3,평일심야,0,31,8.28
634,의학,3,1,지상파,16,60.8,3,주말저녁,0,20,12.12
635,의학,2,3,OTT,24,64.7,2,평일심야,0,32,4.97
636,스릴러,3,8,케이블,12,77.7,2,주말저녁,0,29,8.0
637,의학,4,0,지상파,24,92.2,4,평일저녁,0,31,7.98
638,법정,2,8,OTT,20,56.3,2,평일저녁,0,38,9.2
639,스릴러,4,7,OTT,12,34.6,3,주말심야,0,22,4.22
640,로맨스,2,28,OTT,16,17.7,2,주말저녁,0,22,12.42
641,법정,2,25,지상파,16,21.5,4,주말심야,0,26,10.62
642,로맨스,4,10,지상파,16,62.5,4,주말저녁,0,30,11.49
643,법정,1,16,케이블,24,8.2,2,주말저녁,0,47,8.64
644,법정,2,10,OTT,12,8.5,2,주말저녁,1,26,7.84
645,로맨스,1,6,지상파,16,90.5,3,평일저녁,0,44,10.72
646,코미디,3,7,OTT,8,52.9,2,평일심야,0,26,5.2
647,판타지,2,27,지상파,16,58.5,2,평일저녁,0,20,8.97
648,의학,2,2,OTT,16,97.7,2,주말심야,0,49,9.7
649,코미디,1,0,지상파,16,87.1,3,평일심야,0,39,11.18
650,로맨스,3,9,OTT,24,50.9,2,주말저녁,0,29,9.18
651,판타지,2,27,OTT,16,83.2,2,평일저녁,0,33,11.24
652,스릴러,4,22,OTT,32,17.4,4,평일저녁,0,42,8.33
653,사극,5,2,케이블,12,33.2,2,평일저녁,1,27,9.03
654,의학,5,8,지상파,12,16.7,3,평일저녁,1,26,7.97
655,스릴러,1,29,지상파,8,77.8,1,주말심야,0,24,10.62
656,로맨스,5,23,지상파,16,12.3,4,평일저녁,1,22,6.99
657,의학,3,24,케이블,16,53.0,2,주말심야,0,41,7.21
658,의학,1,11,지상파,12,95.4,3,평일심야,0,20,10.99
659,법정,1,0,지상파,16,25.1,1,평일저녁,0,36,8.43
660,로맨스,5,18,지상파,24,92.3,3,주말저녁,0,39,9.22
661,로맨스,4,28,케이블,20,71.8,1,평일저녁,1,28,11.38
662,의학,3,30,지상파,16,79.5,3,주말저녁,1,33,14.5
663,사극,2,17,OTT,20,10.0,3,평일저녁,0,41,12.72
664,사극,4,27,지상파,20,20.7,3,평일저녁,0,47,11.07
665,법정,5,22,케이블,12,85.4,4,평일저녁,0,35,10.97
666,로맨스,5,4,지상파,20,50.6,1,평일저녁,1,44,6.86
667,법정,5,16,지상파,20,66.8,2,주말저녁,0,27,14.85
668,법정,5,8,OTT,24,92.7,1,주말저녁,1,44,9.39
669,판타지,1,26,지상파,20,29.9,4,주말심야,0,27,9.08
670,코미디,3,10,지상파,12,94.4,4,주말저녁,0,48,7.8
671,코미디,2,22,케이블,24,66.6,2,평일저녁,0,37,11.33
672,코미디,5,4,케이블,12,83.9,4,평일저녁,0,49,8.27
673,로맨스,2,16,케이블,8,68.9,2,주말저녁,0,21,13.16
674,판타지,2,7,OTT,20,50.8,3,평일저녁,0,31,9.08
675,사극,1,12,지상파,16,52.2,1,주말저녁,0,26,14.85
676,의학,5,20,케이블,24,76.6,3,주말저녁,0,34,8.5
677,법정,2,19,지상파,24,60.4,4,평일저녁,0,20,13.86
678,코미디,2,20,케이블,8,22.8,2,평일저녁,0,28,11.48
679,코미디,2,9,지상파,16,28.1,2,평일저녁,0,45,13.82
680,법정,4,22,OTT,16,13.7,4,주말심야,0,28,5.26
681,사극,2,13,지상파,16,72.3,3,평일저녁,0,40,12.68
682,스릴러,5,29,지상파,16,16.1,3,평일심야,0,42,5.12
683,코미디,1,15,케이블,32,54.5,2,주말저녁,0,25,9.88
684,로맨스,1,22,지상파,24,67.0,1,주말저녁,0,32,13.21
685,로맨스,2,11,케이블,16,50.1,3,주말저녁,0,49,12.61
686,의학,3,27,지상파,16,5.3,1,주말저녁,0,50,10.39
687,법정,4,25,케이블,8,40.1,3,주말저녁,0,25,8.41
688,사극,2,20,OTT,20,27.8,3,평일저녁,0,28,6.6
689,코미디,2,13,케이블,20,19.2,3,주말저녁,0,49,8.46
690,판타지,4,17,케이블,16,85.0,2,평일저녁,0,45,9.53
691,코미디,3,18,지상파,12,60.7,2,주말저녁,1,26,10.7
692,의학,1,5,케이블,16,97.5,3,평일저녁,0,24,10.14
693,로맨스,3,4,케이블,8,99.5,1,주말저녁,0,32,8.66
694,사극,4,28,케이블,24,31.6,2,주말저녁,0,33,11.44
695,법정,5,6,OTT,24,82.5,4,평일저녁,0,34,6.95
696,사극,1,21,지상파,16,77.7,3,주말저녁,0,27,13.8
697,로맨스,2,19,케이블,16,84.8,4,평일저녁,0,31,8.71
698,사극,3,18,지상파,32,72.2,1,평일심야,0,33,7.63
699,의학,5,19,지상파,12,16.8,1,주말저녁,0,35,10.43
700,스릴러,4,27,OTT,16,39.4,4,평일심야,0,24,5.58
701,스릴러,4,15,지상파,16,24.3,1,평일심야,0,39,8.52
702,로맨스,3,17,지상파,32,67.4,1,주말저녁,0,49,11.2
703,로맨스,4,28,지상파,16,36.5,3,평일저녁,0,22,11.21
704,판타지,3,11,지상파,24,14.0,2,주말저녁,0,50,8.57
705,로맨스,4,17,지상파,8,67.0,4,평일저녁,0,27,12.84
706,스릴러,2,10,지상파,24,56.2,4,주말심야,0,36,11.62
707,사극,2,5,케이블,16,25.0,3,평일저녁,0,37,9.58
708,법정,4,5,OTT,12,41.9,2,주말저녁,0,47,10.18
709,로맨스,4,18,케이블,20,78.6,1,주말저녁,0,49,8.69
710,판타지,4,26,OTT,16,64.3,3,평일심야,0,42,8.7
711,로맨스,4,19,케이블,12,15.3,4,주말저녁,0,45,7.91
712,코미디,1,8,지상파,12,95.3,4,평일저녁,0,28,12.11
713,사극,4,12,지상파,8,66.8,3,평일심야,0,37,7.07
714,사극,5,25,케이블,12,92.4,1,주말저녁,0,39,9.02
715,사극,4,19,지상파,8,54.8,4,평일저녁,0,43,13.58
716,법정,5,30,OTT,8,19.4,1,평일저녁,1,43,9.57
717,의학,3,22,지상파,20,51.2,2,주말저녁,0,38,13.46
718,로맨스,3,10,케이블,16,62.9,1,평일저녁,0,48,8.63
719,코미디,4,29,지상파,16,56.9,3,평일저녁,1,29,9.92
720,판타지,5,6,케이블,12,11.5,1,평일심야,0,50,3.39
721,스릴러,3,11,지상파,16,91.3,4,평일심야,0,22,9.37
722,의학,2,21,지상파,16,72.3,2,평일심야,0,24,10.14
723,법정,3,5,지상파,12,15.6,1,평일심야,0,25,10.25
724,법정,1,9,케이블,24,41.5,3,평일심야,0,28,9.04
725,법정,4,6,지상파,24,66.8,3,주말저녁,0,42,11.21
726,법정,2,24,케이블,32,17.4,3,주말저녁,0,48,11.31
727,법정,5,11,케이블,32,82.8,2,평일심야,0,43,5.53
728,로맨스,1,22,지상파,16,14.8,3,평일저녁,0,40,8.32
729,스릴러,4,0,지상파,8,87.7,1,평일심야,1,44,5.69
730,사극,3,7,지상파,16,42.8,2,평일저녁,0,40,9.55
731,법정,3,9,OTT,16,38.3,1,평일심야,0,39,6.04
732,사극,1,9,지상파,12,20.6,2,평일심야,0,28,8.04
733,사극,2,24,지상파,20,60.8,3,평일저녁,0,47,13.94
734,코미디,5,4,지상파,8,98.3,4,평일심야,1,25,7.8
735,로맨스,5,22,OTT,24,48.0,1,평일저녁,0,49,9.64
736,법정,1,13,지상파,12,69.8,3,평일심야,0,49,8.41
737,사극,3,13,케이블,16,98.0,3,평일저녁,0,30,5.19
738,로맨스,3,2,케이블,24,52.4,3,평일저녁,1,20,7.22
739,코미디,3,22,케이블,8,43.9,1,평일저녁,1,35,12.86
740,코미디,4,23,케이블,12,98.3,4,주말심야,0,28,10.11
741,스릴러,3,6,OTT,16,45.3,2,평일저녁,0,44,4.42
742,코미디,5,10,OTT,16,53.6,3,평일저녁,0,25,6.9
743,스릴러,4,0,케이블,16,67.1,2,평일저녁,0,20,6.6
744,스릴러,3,5,지상파,16,21.7,1,평일저녁,0,25,8.87
745,로맨스,5,19,지상파,16,83.4,1,평일심야,0,37,9.2
746,판타지,1,22,지상파,20,54.2,3,평일심야,0,46,8.48
747,로맨스,4,12,OTT,20,91.0,2,평일저녁,0,35,9.31
748,사극,1,0,케이블,20,37.1,2,평일심야,0,39,9.51
749,스릴러,1,6,지상파,16,28.5,4,평일심야,0,23,9.41
750,판타지,4,2,케이블,8,85.0,4,평일심야,0,46,7.54
751,코미디,5,20,지상파,16,34.7,4,평일저녁,1,32,7.83
752,코미디,3,10,케이블,20,73.2,4,주말저녁,1,33,11.23
753,의학,3,23,OTT,16,66.8,1,평일저녁,1,42,10.71
754,로맨스,5,1,지상파,24,17.2,2,평일심야,0,21,6.72
755,코미디,3,2,케이블,24,57.0,3,주말저녁,0,40,5.96
756,로맨스,2,23,지상파,20,72.9,4,평일저녁,0,46,15.24
757,의학,1,14,OTT,24,53.0,1,평일심야,0,36,6.38
758,판타지,2,23,OTT,16,39.0,3,평일저녁,0,49,9.48
759,판타지,4,6,지상파,16,66.3,1,주말심야,0,24,8.54
760,코미디,3,22,케이블,20,18.6,4,주말저녁,1,39,9.69
761,판타지,3,4,OTT,24,51.3,4,주말저녁,1,31,10.29
762,법정,1,1,케이블,8,20.4,2,주말저녁,0,44,11.32
763,코미디,1,14,지상파,12,96.8,3,주말심야,0,33,15.41
764,법정,4,16,지상파,20,8.9,3,주말저녁,0,28,11.07
765,사극,3,20,지상파,16,9.5,3,주말저녁,0,30,13.14
766,로맨스,1,10,케이블,24,50.8,2,주말심야,0,27,11.06
767,스릴러,2,3,케이블,16,58.3,3,평일심야,0,40,9.21
768,사극,3,20,지상파,20,32.6,3,주말저녁,1,27,11.67
769,판타지,5,14,케이블,20,53.8,2,주말저녁,0,32,10.36
770,판타지,4,17,OTT,12,66.6,3,주말저녁,0,23,6.47
771,판타지,1,12,케이블,12,89.3,2,평일심야,0,31,6.03
772,로맨스,2,6,지상파,16,96.9,3,평일저녁,0,33,10.83
773,사극,4,28,OTT,16,92.7,1,평일저녁,0,41,12.65
774,법정,1,30,케이블,16,99.0,1,주말심야,0,21,11.25
775,법정,3,6,OTT,12,36.8,2,주말심야,0,31,6.92
776,사극,4,15,지상파,32,27.3,1,평일심야,1,29,8.66
777,의학,1,3,OTT,20,61.8,1,평일심야,0,39,6.76
778,코미디,2,18,케이블,16,65.0,3,평일저녁,0,28,8.63
779,의학,1,2,OTT,20,66.9,3,평일저녁,1,27,10.51
780,코미디,3,30,OTT,12,95.1,3,평일저녁,0,49,8.06
781,판타지,1,19,OTT,16,40.6,4,평일심야,0,41,9.15
782,스릴러,3,10,지상파,16,10.7,1,평일심야,0,46,9.94
783,판타지,3,0,케이블,16,75.8,2,평일저녁,0,24,10.44
784,법정,4,26,케이블,20,29.0,1,평일저녁,0,43,11.0
785,로맨스,3,9,지상파,32,70.6,4,주말심야,0,40,11.07
786,로맨스,3,1,OTT,20,52.5,1,평일저녁,0,30,7.3
787,코미디,5,8,케이블,16,78.1,2,평일저녁,1,21,9.02
788,로맨스,1,7,지상파,16,36.3,1,평일저녁,0,27,16.12
789,의학,2,16,OTT,20,71.0,3,평일심야,0,32,8.4
790,법정,5,21,지상파,16,30.1,3,주말저녁,0,37,10.34
791,의학,1,10,케이블,16,81.5,1,주말저녁,0,45,12.4
792,사극,3,25,케이블,8,58.4,2,평일저녁,0,23,12.83
793,스릴러,1,11,지상파,16,67.3,1,평일심야,0,27,8.46
794,로맨스,4,2,지상파,24,5.2,3,주말저녁,0,39,4.71
795,코미디,5,6,지상파,24,55.7,3,평일저녁,0,35,6.96
796,사극,4,12,케이블,8,30.9,2,평일저녁,0,43,9.37
797,의학,1,22,케이블,16,66.5,2,주말저녁,0,50,11.42
798,코미디,2,1,지상파,20,90.1,4,평일심야,0,39,10.6
799,의학,1,25,지상파,12,17.6,2,평일저녁,0,34,11.84
800,의학,3,15,OTT,12,62.5,1,주말저녁,0,48,14.56
801,스릴러,1,0,지상파,16,81.5,2,평일심야,0,40,10.15
802,로맨스,3,26,케이블,16,57.6,3,평일저녁,0,48,10.59
803,사극,5,8,케이블,12,39.5,1,주말심야,1,43,9.79
804,법정,1,19,지상파,12,89.7,2,평일저녁,0,20,13.85
805,판타지,5,9,지상파,16,93.6,1,평일저녁,0,22,6.01
806,판타지,1,23,지상파,8,8.3,1,평일저녁,0,48,13.98
807,법정,2,28,케이블,8,31.9,3,주말저녁,0,42,11.02
808,코미디,4,4,케이블,16,53.3,3,평일저녁,0,47,7.13
809,코미디,4,3,지상파,20,60.4,3,평일심야,1,28,6.38
810,스릴러,1,23,지상파,24,61.6,4,평일심야,0,48,12.42
811,스릴러,4,27,지상파,16,28.1,3,주말저녁,0,44,10.76
812,코미디,2,0,OTT,16,13.3,3,평일저녁,0,39,9.1
813,로맨스,3,0,OTT,20,62.2,1,주말저녁,0,48,8.2
814,사극,2,14,지상파,8,76.3,4,평일저녁,0,25,14.18
815,법정,5,16,케이블,32,95.4,4,평일저녁,0,49,8.49
816,스릴러,5,21,지상파,24,13.9,2,평일심야,0,40,5.85
817,코미디,4,5,OTT,12,82.3,2,평일심야,0,23,7.89
818,판타지,5,19,케이블,16,69.9,4,평일저녁,0,27,8.49
819,로맨스,1,5,케이블,24,40.5,1,평일저녁,0,42,9.02
820,의학,2,13,지상파,16,17.6,4,평일저녁,0,26,12.71
821,의학,4,27,OTT,12,65.9,1,평일저녁,0,46,9.01
822,법정,3,14,지상파,16,20.2,4,평일저녁,0,32,9.46
823,로맨스,4,22,지상파,32,52.3,4,주말심야,0,47,6.65
824,로맨스,1,16,케이블,16,49.4,3,평일저녁,0,34,10.62
825,코미디,5,10,OTT,16,70.9,1,평일저녁,0,31,5.88
826,법정,5,2,케이블,24,91.8,2,주말저녁,1,46,10.14
827,판타지,3,26,지상파,20,79.7,1,평일심야,0,46,8.9
828,판타지,1,10,지상파,20,13.0,4,평일심야,0,33,9.14
829,스릴러,3,17,OTT,16,41.7,1,주말저녁,0,30,11.11
830,의학,5,5,케이블,16,28.6,4,평일심야,0,40,2.25
831,사극,2,11,OTT,20,11.3,1,평일심야,0,39,8.33
832,스릴러,2,16,지상파,16,41.7,4,평일심야,1,32,12.78
833,스릴러,5,12,케이블,20,93.0,3,주말저녁,0,32,7.11
834,판타지,3,0,지상파,16,10.8,4,평일심야,0,36,6.02
835,의학,5,28,OTT,16,97.7,4,평일심야,0,34,9.94
836,법정,1,2,지상파,16,74.8,4,평일저녁,0,21,10.27
837,의학,5,2,OTT,16,86.2,2,주말저녁,0,40,10.28
838,법정,2,27,케이블,16,63.6,4,주말저녁,1,30,14.22
839,의학,2,20,OTT,16,31.6,2,주말저녁,0,24,12.31
840,사극,4,6,지상파,16,28.1,4,평일저녁,0,26,10.63
841,스릴러,2,17,케이블,16,44.3,1,평일심야,0,26,6.32
842,법정,5,17,OTT,24,23.4,4,주말저녁,0,24,7.61
843,코미디,1,26,지상파,12,70.4,4,주말저녁,1,43,13.06
844,법정,2,8,지상파,16,92.3,1,평일저녁,0,46,9.56
845,법정,4,18,케이블,12,67.9,1,주말저녁,0,32,12.63
846,코미디,4,23,지상파,16,80.1,2,주말저녁,0,45,12.52
847,스릴러,1,21,케이블,16,65.6,4,주말저녁,1,38,11.83
848,스릴러,5,20,케이블,32,90.7,4,평일심야,0,28,7.31
849,판타지,2,4,지상파,16,12.6,3,평일심야,0,45,8.47
850,로맨스,1,12,지상파,16,16.3,3,주말심야,0,40,10.82
851,판타지,2,12,지상파,20,70.1,3,주말저녁,0,31,11.0
852,코미디,4,30,지상파,16,71.0,4,주말저녁,0,27,13.56
853,코미디,1,29,케이블,24,84.4,2,주말저녁,0,32,11.73
854,의학,1,15,케이블,16,26.4,3,평일저녁,0,45,8.66
855,스릴러,1,4,케이블,24,40.8,2,주말저녁,0,25,13.21
856,사극,3,30,지상파,8,34.5,3,주말심야,0,20,11.25
857,법정,4,10,OTT,32,83.0,1,평일저녁,0,47,6.77
858,의학,2,25,케이블,24,81.5,1,평일저녁,0,31,9.59
859,판타지,2,15,OTT,16,89.8,2,평일저녁,0,23,11.96
860,코미디,1,14,OTT,16,6.6,3,주말저녁,0,27,7.66
861,법정,2,25,케이블,12,79.7,3,주말저녁,1,26,10.56
862,법정,1,26,지상파,12,59.0,3,평일저녁,0,46,13.51
863,의학,1,17,지상파,24,8.1,4,평일저녁,0,36,8.07
864,사극,2,25,OTT,16,38.4,4,주말저녁,0,31,11.73
865,코미디,1,2,지상파,16,73.9,1,주말저녁,0,50,11.65
866,의학,4,26,지상파,24,86.2,3,주말심야,0,25,11.89
867,판타지,3,15,케이블,16,73.2,1,주말저녁,0,31,8.38
868,판타지,1,0,지상파,8,53.7,1,평일저녁,0,41,10.97
869,코미디,3,18,지상파,8,71.7,4,주말심야,0,42,11.95
870,로맨스,5,2,케이블,20,65.5,1,평일저녁,0,36,9.83
871,법정,3,21,케이블,20,17.7,2,평일저녁,0,34,10.66
872,코미디,1,30,OTT,16,63.1,2,평일저녁,1,46,9.7
873,판타지,4,7,지상파,20,27.0,2,주말저녁,0,47,9.11
874,사극,1,10,지상파,12,71.0,2,평일저녁,0,27,10.91
875,판타지,2,17,케이블,16,35.8,1,평일저녁,0,35,7.4
876,사극,1,25,지상파,16,13.8,3,평일저녁,0,33,15.12
877,의학,2,4,지상파,16,70.6,3,평일저녁,0,24,11.91
878,사극,2,3,지상파,16,16.4,4,평일심야,1,28,10.73
879,판타지,5,25,지상파,16,32.7,4,평일저녁,0,50,11.08
880,사극,5,25,OTT,16,70.6,2,평일심야,0,48,10.09
881,법정,4,24,케이블,8,98.1,4,주말저녁,0,23,11.25
882,코미디,4,10,지상파,16,81.8,2,주말심야,1,31,5.35
883,코미디,3,20,지상파,24,44.1,2,평일심야,0,40,9.45
884,사극,3,17,케이블,32,54.6,3,평일저녁,0,33,10.19
885,법정,1,11,지상파,24,55.5,3,평일심야,0,24,9.55
886,의학,3,9,지상파,12,97.3,3,평일저녁,0,20,15.03
887,판타지,4,2,케이블,8,91.1,4,주말저녁,0,44,8.9
888,스릴러,3,9,케이블,16,27.0,4,주말저녁,1,31,4.71
889,로맨스,1,3,지상파,32,52.4,4,평일저녁,0,35,11.71
890,의학,2,13,지상파,32,53.0,2,주말저녁,0,35,14.57
891,판타지,1,6,지상파,16,69.2,1,평일저녁,0,35,12.76
892,로맨스,1,9,케이블,16,74.0,1,주말저녁,0,28,12.24
893,로맨스,4,8,지상파,12,87.0,4,주말저녁,0,34,10.85
894,판타지,4,6,OTT,16,47.0,1,평일저녁,1,25,6.06
895,판타지,3,21,케이블,20,70.8,1,주말심야,0,23,8.94
896,의학,1,17,지상파,24,95.8,1,평일심야,0,36,10.29
897,로맨스,2,10,지상파,24,96.8,2,주말심야,0,48,7.75
898,스릴러,1,0,OTT,12,40.0,4,평일저녁,0,24,6.43
899,스릴러,2,18,OTT,16,40.5,2,주말저녁,1,42,10.13
900,코미디,4,0,지상파,16,11.9,3,주말저녁,0,33,8.62
901,스릴러,3,6,케이블,16,10.3,4,주말저녁,1,41,8.89
902,의학,5,15,케이블,24,38.1,1,평일저녁,0,43,10.47
903,의학,4,27,케이블,32,76.4,4,주말저녁,0,47,10.4
904,사극,4,24,케이블,16,19.0,2,주말저녁,0,30,10.02
905,코미디,4,15,OTT,12,99.4,3,평일심야,0,23,5.57
906,로맨스,4,14,OTT,16,56.0,4,평일저녁,0,40,8.41
907,코미디,3,20,OTT,16,64.6,4,주말저녁,1,21,11.73
908,코미디,2,18,케이블,16,16.8,1,주말저녁,1,28,8.7
909,의학,1,20,케이블,24,9.8,2,주말심야,0,44,8.09
910,의학,3,26,OTT,8,83.7,4,평일심야,0,35,10.85
911,사극,1,14,케이블,12,39.3,1,평일저녁,0,30,11.11
912,의학,3,2,지상파,12,28.9,1,평일심야,0,34,9.88
913,사극,5,10,케이블,8,50.4,2,평일저녁,0,32,5.79
914,법정,5,9,지상파,16,23.8,2,평일심야,0,24,7.14
915,스릴러,3,0,케이블,12,42.1,1,주말저녁,0,21,9.73
916,코미디,5,20,지상파,12,72.9,1,주말저녁,0,24,10.96
917,판타지,1,15,OTT,16,41.9,4,평일저녁,1,43,10.33
918,코미디,1,20,지상파,8,45.7,1,주말저녁,0,40,11.73
919,의학,1,4,지상파,12,83.0,2,평일심야,0,36,9.06
920,스릴러,4,22,케이블,24,26.6,2,평일심야,0,27,7.05
921,판타지,5,15,OTT,16,96.7,2,주말저녁,1,44,7.26
922,로맨스,2,12,지상파,24,25.3,4,평일심야,0,47,10.34
923,스릴러,5,14,지상파,16,79.4,1,주말저녁,0,24,10.02
924,스릴러,5,25,케이블,24,5.4,4,주말심야,0,24,5.57
925,스릴러,1,28,지상파,12,59.1,3,평일심야,0,34,10.69
926,판타지,5,7,지상파,16,98.0,3,주말저녁,0,39,11.67
927,판타지,2,13,지상파,12,81.4,2,주말저녁,0,44,12.63
928,사극,3,27,지상파,8,39.4,3,주말저녁,0,37,15.74
929,스릴러,5,24,지상파,16,20.2,2,주말저녁,0,49,10.32
930,코미디,4,26,OTT,12,94.8,1,평일저녁,0,50,10.94
931,코미디,5,7,지상파,12,76.1,1,평일저녁,0,33,6.32
932,판타지,3,18,지상파,16,47.5,1,평일심야,0,33,6.71
933,판타지,2,18,케이블,8,74.6,2,평일저녁,0,34,8.22
934,사극,5,21,케이블,20,19.8,3,평일저녁,0,26,5.73
935,사극,3,24,케이블,12,23.6,2,주말저녁,1,35,9.95
936,코미디,5,12,케이블,32,67.7,4,평일저녁,0,26,8.39
937,법정,5,17,케이블,16,88.4,2,주말심야,0,42,6.7
938,법정,5,15,지상파,16,78.1,2,주말저녁,0,33,13.83
939,스릴러,4,5,케이블,16,52.3,4,주말심야,1,44,5.94
940,스릴러,5,7,OTT,16,22.0,2,주말저녁,0,47,5.82
941,코미디,2,12,케이블,16,49.6,4,주말저녁,0,37,10.65
942,사극,2,18,케이블,24,15.2,2,주말저녁,0,32,10.87
943,로맨스,5,19,지상파,16,10.9,2,평일저녁,0,41,8.26
944,코미디,4,4,지상파,8,97.9,2,주말심야,0,46,8.96
945,법정,5,10,지상파,16,12.2,4,평일심야,0,38,4.55
946,사극,1,19,케이블,16,93.0,2,주말저녁,0,42,11.37
947,로맨스,1,7,케이블,16,9.3,3,주말저녁,0,38,9.2
948,로맨스,2,28,지상파,16,16.5,3,평일심야,0,44,8.58
949,법정,2,1,케이블,24,46.4,1,주말저녁,1,39,10.95
950,로맨스,5,3,케이블,16,75.1,4,평일심야,0,28,4.4
951,판타지,5,13,케이블,16,84.5,2,평일저녁,0,21,8.26
952,스릴러,3,15,지상파,24,96.1,1,주말저녁,1,37,9.12
953,판타지,2,9,지상파,24,90.6,3,평일저녁,0,40,8.16
954,코미디,3,18,지상파,16,85.1,4,평일저녁,0,50,8.8
955,로맨스,2,28,케이블,16,73.1,4,평일저녁,0,49,9.33
956,의학,2,29,지상파,8,61.7,2,평일저녁,0,22,11.67
957,의학,2,4,지상파,16,6.2,1,평일저녁,0,27,8.86
958,로맨스,2,30,지상파,32,41.2,3,평일저녁,0,42,10.14
959,법정,3,3,지상파,24,6.9,1,평일저녁,0,42,7.9
960,의학,5,21,케이블,16,15.4,4,평일심야,0,50,6.87
961,판타지,1,0,케이블,16,58.0,1,평일저녁,0,44,11.56
962,로맨스,5,23,지상파,16,81.8,4,평일저녁,0,42,12.98
963,판타지,3,3,OTT,32,72.0,2,평일저녁,0,26,7.13
964,법정,5,20,케이블,16,34.6,4,평일저녁,0,37,8.87
965,사극,1,29,지상파,16,50.7,4,평일저녁,0,48,17.18
966,로맨스,1,29,지상파,24,29.4,1,평일저녁,0,25,12.08
967,사극,5,21,지상파,16,20.2,2,주말저녁,0,35,12.87
968,법정,4,17,OTT,24,57.7,2,주말심야,0,42,7.27
969,의학,4,21,케이블,12,58.6,1,평일저녁,0,47,11.36
970,판타지,5,22,OTT,16,39.8,3,평일저녁,0,49,8.09
971,판타지,5,10,케이블,24,86.3,1,평일저녁,0,26,9.16
972,사극,1,9,지상파,16,57.5,4,주말심야,0,45,10.64
973,의학,3,18,OTT,24,66.9,2,주말심야,0,43,8.62
974,법정,5,20,지상파,16,58.1,4,평일심야,0,39,9.07
975,판타지,2,4,지상파,16,92.8,1,평일심야,0,20,9.61
976,코미디,2,27,케이블,20,89.5,4,평일저녁,0,35,12.94
977,의학,5,26,OTT,8,95.2,4,평일심야,0,31,5.35
978,코미디,1,18,OTT,12,81.7,3,평일심야,0,48,8.31
979,코미디,3,13,지상파,16,27.4,3,평일저녁,1,43,5.36
980,로맨스,2,11,지상파,20,81.1,3,평일저녁,0,25,8.72
981,로맨스,4,27,케이블,16,21.0,3,주말심야,0,47,7.34
982,법정,2,8,OTT,16,90.3,2,평일저녁,0,47,8.19
983,판타지,5,2,OTT,24,69.9,3,주말저녁,1,25,8.05
984,사극,4,16,케이블,20,77.4,3,평일저녁,0,48,8.48
985,의학,5,14,지상파,16,27.3,2,평일심야,0,31,8.24
986,스릴러,1,17,케이블,20,23.2,3,주말저녁,0,49,9.91
987,스릴러,4,19,케이블,20,68.3,2,주말심야,1,21,9.76
988,사극,5,24,OTT,24,33.9,2,주말저녁,0,28,9.38
989,코미디,2,15,지상파,12,40.9,4,평일저녁,1,25,8.13
990,판타지,3,8,지상파,16,13.3,3,주말저녁,0,21,9.18
991,법정,1,8,케이블,24,60.6,1,주말저녁,0,37,11.53
992,스릴러,2,25,지상파,20,53.2,1,평일저녁,0,49,12.25
993,법정,1,10,OTT,32,17.3,3,평일심야,0,47,6.06
994,코미디,5,5,케이블,16,31.1,3,평일심야,0,26,4.95
995,코미디,5,29,OTT,16,49.8,4,평일심야,0,34,6.65
996,판타지,4,26,케이블,16,73.7,4,평일심야,0,45,7.02
997,판타지,1,15,지상파,24,55.2,2,주말저녁,0,22,10.43
998,스릴러,1,19,지상파,16,37.1,4,주말저녁,0,37,10.14
999,로맨스,2,5,지상파,24,48.8,3,평일저녁,0,49,12.47
1000,사극,5,21,케이블,24,58.5,3,평일저녁,0,37,7.2
1001,스릴러,1,2,케이블,20,32.6,4,평일저녁,0,45,9.4
1002,스릴러,1,4,지상파,12,6.8,2,평일심야,0,20,7.52
1003,의학,2,6,케이블,16,7.5,3,평일저녁,0,37,9.93
1004,코미디,4,29,케이블,24,86.6,4,평일저녁,0,20,8.79
1005,판타지,4,16,OTT,16,50.7,3,평일저녁,0,43,6.81
1006,코미디,2,14,지상파,16,24.3,4,주말저녁,0,21,10.38
1007,사극,3,3,케이블,16,38.3,3,평일저녁,0,45,9.24
1008,의학,1,10,지상파,20,82.1,2,평일저녁,1,32,12.97
1009,판타지,4,16,케이블,16,49.2,1,주말저녁,0,48,8.0
1010,법정,5,20,케이블,16,94.9,2,주말심야,0,42,8.09
1011,의학,2,25,지상파,20,38.8,2,평일심야,0,24,10.52
1012,사극,4,20,지상파,16,98.1,1,주말저녁,0,44,13.15
1013,스릴러,2,14,케이블,8,19.0,3,주말심야,0,25,8.81
1014,의학,2,29,지상파,16,42.7,1,주말저녁,0,50,14.32
1015,판타지,1,26,지상파,20,37.0,4,주말저녁,0,44,15.61
1016,의학,5,13,케이블,16,64.7,4,평일저녁,0,43,7.02
1017,의학,3,29,OTT,8,72.7,3,주말저녁,0,46,8.69
1018,의학,5,6,지상파,16,17.8,4,평일저녁,0,28,10.01
1019,사극,3,14,OTT,20,24.4,2,주말심야,0,33,8.9
1020,스릴러,3,22,케이블,16,75.6,1,평일저녁,0,36,12.09
1021,코미디,4,24,케이블,12,24.0,2,평일저녁,0,36,8.13
1022,판타지,3,13,OTT,16,45.7,2,주말심야,0,37,7.3
1023,법정,1,2,지상파,20,12.0,2,평일저녁,1,29,10.99
1024,로맨스,1,19,지상파,16,80.0,1,평일저녁,1,46,10.36
1025,법정,3,0,케이블,16,74.0,1,평일저녁,0,42,10.56
1026,로맨스,2,15,지상파,8,24.4,2,평일심야,0,40,9.05
1027,스릴러,1,18,지상파,32,47.9,3,평일저녁,1,28,11.58
1028,코미디,5,3,OTT,24,48.1,3,평일저녁,0,33,7.88
1029,의학,2,6,지상파,16,42.0,3,주말저녁,0,26,12.56
1030,의학,4,30,케이블,12,24.1,4,주말저녁,0,36,13.15
1031,법정,3,25,케이블,16,90.2,2,평일저녁,0,39,12.25
1032,코미디,5,9,지상파,16,14.3,4,평일저녁,0,40,6.73
1033,코미디,3,28,지상파,16,79.6,1,주말저녁,1,21,13.28
1034,의학,2,2,OTT,24,67.9,2,평일심야,1,41,6.16
1035,법정,3,24,케이블,16,28.9,1,평일심야,0,47,7.16
1036,로맨스,4,10,케이블,16,82.7,2,평일저녁,1,31,9.33
1037,의학,5,7,지상파,32,81.4,3,주말심야,0,50,9.31
1038,로맨스,1,5,케이블,20,40.1,2,평일저녁,0,36,8.87
1039,판타지,4,28,케이블,16,38.3,1,평일저녁,0,35,9.26
1040,코미디,4,23,지상파,16,71.1,2,평일저녁,0,33,10.54
1041,법정,4,10,OTT,32,27.7,1,평일저녁,0,46,8.72
1042,스릴러,2,3,지상파,16,32.4,2,주말저녁,0,20,10.93
1043,판타지,4,16,OTT,32,47.6,2,주말저녁,0,36,6.97
1044,스릴러,3,0,지상파,12,43.0,4,주말저녁,0,34,7.33
1045,의학,2,6,지상파,16,28.5,1,평일저녁,0,29,10.23
1046,법정,2,21,지상파,8,70.1,4,평일저녁,0,24,11.43
1047,코미디,1,29,지상파,16,35.7,3,주말심야,0,24,7.87
1048,판타지,4,4,케이블,8,58.6,1,평일저녁,0,36,6.76
1049,로맨스,2,24,지상파,16,38.0,3,평일심야,0,39,8.72
1050,사극,1,19,지상파,12,91.4,1,평일저녁,1,26,11.6
1051,코미디,5,24,지상파,12,17.9,4,평일저녁,0,23,10.07
1052,코미디,5,24,지상파,20,36.2,1,평일저녁,1,27,8.02
1053,코미디,2,12,지상파,24,83.8,1,주말심야,1,32,8.27
1054,스릴러,2,6,지상파,12,15.1,4,주말저녁,0,50,13.03
1055,코미디,4,29,케이블,16,30.7,2,주말심야,1,42,6.53
1056,사극,1,9,케이블,12,51.3,4,평일심야,0,39,11.96
1057,법정,2,2,지상파,12,72.9,4,평일저녁,0,34,9.81
1058,로맨스,1,27,지상파,16,93.4,2,평일심야,0,34,14.49
1059,스릴러,1,28,케이블,16,18.5,2,주말저녁,0,47,14.03
1060,로맨스,4,25,케이블,12,21.8,4,평일저녁,0,30,7.76
1061,스릴러,4,25,케이블,16,90.5,2,평일저녁,0,33,12.04
1062,사극,1,10,지상파,16,63.9,2,평일심야,0,27,10.38
1063,법정,2,13,OTT,12,79.9,1,평일저녁,1,44,9.03
1064,의학,2,9,OTT,16,45.0,2,주말저녁,0,41,9.96
1065,법정,2,9,OTT,20,78.8,4,평일저녁,0,23,7.27
1066,스릴러,4,20,지상파,16,67.0,1,평일저녁,1,33,13.88
1067,코미디,4,0,지상파,8,30.2,2,평일저녁,0,39,7.52
1068,의학,4,5,OTT,16,84.9,3,주말심야,1,25,5.61
1069,코미디,2,16,OTT,20,6.7,2,주말저녁,0,37,9.14
1070,판타지,5,24,OTT,16,63.6,4,주말저녁,0,35,6.81
1071,코미디,2,9,지상파,16,87.8,4,평일심야,1,22,7.24
1072,사극,1,8,OTT,12,39.2,2,주말심야,1,24,8.05
1073,판타지,1,20,케이블,12,97.7,2,주말심야,0,26,12.31
1074,의학,3,18,케이블,16,66.1,4,주말저녁,0,40,12.1
1075,사극,4,2,지상파,16,24.0,3,평일저녁,0,36,11.46
1076,코미디,5,23,지상파,8,22.3,2,평일심야,0,21,8.14
1077,스릴러,4,3,케이블,16,93.1,2,평일저녁,0,28,7.75
1078,법정,2,0,케이블,24,92.2,1,주말심야,0,33,7.4
1079,법정,3,5,지상파,24,93.2,3,평일저녁,0,49,8.94
1080,판타지,3,11,케이블,16,89.1,3,평일심야,0,32,9.33
1081,의학,3,6,OTT,24,66.3,3,주말저녁,0,33,9.7
1082,스릴러,3,19,케이블,16,15.4,2,평일저녁,0,26,10.26
1083,법정,1,6,지상파,32,88.4,2,주말심야,0,26,9.63
1084,코미디,5,12,케이블,16,39.1,2,평일심야,0,27,5.92
1085,스릴러,2,16,지상파,12,73.2,1,주말저녁,0,47,11.86
1086,코미디,3,23,지상파,16,12.4,1,평일저녁,0,31,6.03
1087,로맨스,1,29,지상파,8,89.2,4,평일저녁,0,26,15.41
1088,판타지,1,5,지상파,16,16.9,1,평일심야,0,32,7.47
1089,로맨스,2,12,지상파,8,72.3,1,주말저녁,0,20,14.43
1090,스릴러,4,10,케이블,20,29.7,4,주말저녁,1,46,5.75
1091,의학,2,11,지상파,16,52.5,2,평일저녁,0,29,11.36
1092,스릴러,1,29,케이블,8,19.7,2,주말심야,0,22,6.72
1093,법정,3,30,OTT,16,91.8,2,평일저녁,0,27,10.86
1094,코미디,4,12,케이블,12,22.1,1,평일저녁,0,39,11.22
1095,코미디,5,1,지상파,16,89.3,3,평일저녁,0,27,9.73
1096,의학,5,1,지상파,12,82.2,2,주말저녁,1,30,10.71
1097,의학,2,17,지상파,12,98.6,3,평일저녁,0,43,11.86
1098,법정,5,27,케이블,20,39.5,1,평일심야,0,41,6.37
1099,로맨스,3,4,지상파,12,95.1,2,평일심야,1,21,7.82
1100,사극,3,22,지상파,24,70.7,4,주말저녁,0,27,11.39
1101,법정,5,4,OTT,12,5.9,4,평일심야,1,23,3.63
1102,법정,1,25,지상파,20,89.7,3,주말저녁,0,36,16.56
1103,스릴러,3,16,OTT,8,14.9,1,평일심야,0,32,6.37
1104,법정,4,22,지상파,20,81.6,2,주말심야,1,29,11.63
1105,판타지,5,1,지상파,32,32.6,3,평일저녁,0,32,7.16
1106,코미디,2,30,지상파,16,77.5,2,주말저녁,1,38,13.82
1107,코미디,5,15,케이블,20,11.9,3,주말심야,0,27,6.38
1108,로맨스,1,14,지상파,16,73.6,4,평일심야,0,39,9.8
1109,스릴러,2,13,OTT,16,37.3,2,평일저녁,0,33,9.23
1110,판타지,3,17,케이블,16,48.0,4,주말저녁,0,41,10.8
1111,사극,3,3,지상파,12,56.7,2,주말저녁,0,50,10.16
1112,법정,2,20,케이블,16,36.9,2,평일저녁,0,44,9.87
1113,의학,4,14,지상파,8,22.3,3,평일저녁,0,21,11.02
1114,스릴러,4,7,케이블,12,71.3,4,주말심야,0,42,6.3
1115,판타지,1,9,지상파,16,9.9,2,평일심야,0,41,6.95
1116,의학,5,30,케이블,16,97.7,4,평일저녁,0,49,11.63
1117,코미디,2,17,OTT,24,7.9,1,주말저녁,0,39,8.04
1118,코미디,4,28,케이블,12,60.7,2,주말저녁,0,49,10.2
1119,사극,5,11,지상파,12,43.3,1,평일저녁,0,26,8.81
1120,스릴러,5,24,케이블,16,32.7,2,평일저녁,1,25,7.96
1121,법정,1,11,지상파,20,70.9,2,주말저녁,0,24,10.24
1122,로맨스,4,1,지상파,16,74.7,1,평일저녁,0,21,11.34
1123,사극,2,24,OTT,32,40.1,2,주말저녁,0,43,9.25
1124,법정,4,9,지상파,8,53.3,2,평일저녁,0,47,10.16
1125,로맨스,3,29,지상파,16,75.7,1,평일저녁,0,43,10.59
1126,로맨스,2,18,케이블,12,59.3,1,평일심야,0,38,10.97
1127,로맨스,2,28,지상파,32,78.2,3,평일심야,0,42,8.99
1128,로맨스,3,9,케이블,16,78.3,3,주말저녁,1,48,10.11
1129,사극,3,25,케이블,8,73.1,2,주말심야,0,30,10.85
1130,로맨스,3,30,케이블,32,71.2,2,주말심야,0,46,8.86
1131,판타지,1,24,지상파,16,30.4,3,평일저녁,0,25,11.48
1132,법정,3,28,OTT,16,81.4,1,평일심야,0,36,4.45
1133,의학,4,23,케이블,24,5.3,2,평일심야,0,20,9.04
1134,의학,4,9,OTT,8,73.0,3,주말저녁,1,47,8.65
1135,의학,5,21,OTT,16,60.6,2,평일심야,0,25,4.23
1136,스릴러,5,3,OTT,12,52.3,2,평일저녁,0,24,5.72
1137,코미디,1,22,OTT,16,7.1,4,주말저녁,0,22,10.5
1138,사극,5,4,OTT,16,16.1,1,주말저녁,0,21,6.98
1139,의학,2,12,케이블,16,25.7,2,평일저녁,0,27,11.0
1140,사극,4,13,케이블,20,81.7,3,평일저녁,0,29,7.78
1141,사극,4,21,OTT,12,44.0,4,평일심야,0,30,7.6
1142,로맨스,2,24,지상파,16,90.7,2,주말저녁,0,20,14.06
1143,스릴러,3,27,지상파,12,32.6,4,평일저녁,0,36,15.08
1144,법정,2,11,지상파,16,86.2,4,주말저녁,0,40,11.46
1145,코미디,2,16,OTT,16,57.7,3,주말저녁,0,36,10.43
1146,사극,5,1,OTT,20,83.6,3,평일심야,0,39,8.2
1147,법정,2,21,지상파,16,34.9,2,평일저녁,1,25,11.14
1148,의학,2,15,지상파,24,62.6,1,주말저녁,0,38,13.06
1149,코미디,5,2,지상파,32,41.3,1,주말심야,0,20,9.37
1150,사극,1,5,케이블,20,94.2,1,주말심야,0,35,10.45
1151,스릴러,2,2,케이블,16,69.6,3,주말심야,0,30,7.57
1152,로맨스,5,4,지상파,16,57.7,2,평일저녁,1,23,10.8
1153,사극,5,28,지상파,32,95.5,3,주말저녁,1,23,10.83
1154,스릴러,1,22,케이블,16,97.6,4,평일저녁,0,21,13.14
1155,사극,1,30,지상파,16,75.3,1,평일저녁,0,43,14.45
1156,사극,3,30,지상파,8,5.4,4,주말저녁,0,33,11.46
1157,법정,1,2,OTT,16,27.7,2,평일심야,0,31,6.97
1158,스릴러,2,0,케이블,16,13.1,2,주말저녁,0,49,6.91
1159,사극,2,3,케이블,16,31.1,2,주말저녁,1,26,8.85
1160,법정,2,0,OTT,12,38.7,4,평일심야,0,42,4.91
1161,로맨스,5,13,지상파,16,42.1,4,평일저녁,0,38,9.91
1162,사극,1,21,케이블,24,16.5,4,평일저녁,0,43,8.57
1163,코미디,4,1,케이블,20,55.8,4,주말저녁,0,33,8.33
1164,판타지,2,27,지상파,16,54.9,2,평일저녁,0,30,10.27
1165,사극,5,2,지상파,24,60.2,1,주말저녁,0,41,8.76
1166,판타지,4,3,지상파,24,84.7,2,주말저녁,0,33,5.87
1167,판타지,1,4,OTT,8,52.4,4,주말저녁,0,49,8.1
1168,로맨스,1,13,케이블,16,82.1,4,주말저녁,0,30,10.38
1169,사극,3,29,케이블,20,18.4,1,평일저녁,1,48,11.1
1170,의학,4,25,지상파,16,7.4,2,평일심야,0,46,9.64
1171,판타지,3,4,케이블,20,66.8,2,평일저녁,0,45,9.87
1172,의학,3,2,지상파,16,47.1,3,평일심야,0,22,8.13
1173,의학,2,2,지상파,24,32.8,2,평일저녁,0,29,12.14
1174,판타지,4,2,OTT,16,13.2,2,평일저녁,1,24,5.77
1175,사극,1,1,케이블,12,55.2,4,평일심야,1,37,7.32
1176,스릴러,5,25,케이블,16,21.4,4,주말저녁,0,45,8.66
1177,의학,2,4,지상파,16,21.4,3,주말저녁,0,20,12.05
1178,법정,4,4,케이블,8,27.1,2,평일저녁,0,48,8.91
1179,판타지,4,24,지상파,16,89.8,2,평일저녁,1,46,10.19
1180,스릴러,4,4,케이블,16,57.3,3,평일심야,0,22,6.43
1181,스릴러,2,2,지상파,20,17.2,4,평일저녁,0,35,8.69
1182,법정,4,15,케이블,16,8.0,4,주말심야,0,21,7.26
1183,판타지,2,2,지상파,16,67.7,1,주말저녁,1,47,9.98
1184,사극,3,9,OTT,16,61.0,3,평일저녁,1,29,9.66
1185,법정,2,4,케이블,32,77.6,4,평일저녁,0,40,11.58
1186,코미디,5,13,케이블,24,10.6,4,주말저녁,0,32,6.23
1187,사극,2,26,OTT,20,81.6,2,주말심야,0,23,7.9
1188,로맨스,5,19,지상파,16,31.8,1,평일심야,0,39,8.38
1189,판타지,4,23,지상파,12,85.8,3,주말저녁,0,34,11.66
1190,판타지,3,21,지상파,16,84.3,3,주말저녁,0,45,9.6
1191,로맨스,4,24,케이블,12,39.4,1,주말심야,0,49,5.67
1192,의학,1,16,케이블,16,66.7,1,평일저녁,0,26,10.63
1193,로맨스,4,5,OTT,20,52.5,4,주말저녁,0,36,7.38
1194,사극,4,7,OTT,12,48.1,3,주말저녁,0,32,10.77
1195,사극,4,1,OTT,16,92.2,2,주말심야,0,25,6.42
1196,법정,5,15,지상파,16,47.8,1,평일저녁,0,32,9.62
1197,의학,2,1,지상파,12,41.1,2,주말저녁,0,35,10.87
1198,스릴러,4,14,지상파,16,70.1,4,평일저녁,0,28,8.95
1199,법정,1,25,지상파,16,92.5,1,평일심야,0,28,12.96
1200,법정,1,5,OTT,20,80.2,4,주말심야,0,27,7.42
1201,판타지,4,8,지상파,16,79.1,1,주말저녁,0,34,8.28
1202,스릴러,4,7,지상파,20,38.3,3,주말저녁,0,42,10.46
1203,스릴러,5,10,OTT,20,61.8,2,평일저녁,0,32,7.44
1204,스릴러,4,25,지상파,12,46.1,1,평일저녁,0,26,10.56
1205,판타지,4,5,케이블,16,35.8,3,평일심야,1,45,9.9
1206,스릴러,1,22,OTT,12,62.6,2,주말심야,0,40,9.56
1207,코미디,5,17,OTT,16,58.1,2,평일저녁,0,27,6.94
1208,로맨스,1,7,지상파,8,64.3,1,주말심야,0,38,11.27
1209,스릴러,2,6,지상파,16,44.4,4,평일저녁,0,28,9.6
1210,스릴러,5,26,지상파,12,48.2,4,주말저녁,0,30,11.89
1211,의학,3,30,지상파,12,61.3,1,평일저녁,1,41,9.61
1212,코미디,5,20,지상파,16,88.4,1,주말저녁,0,20,11.37
1213,스릴러,3,14,지상파,20,30.2,3,평일저녁,0,30,9.55
1214,코미디,3,29,OTT,16,23.8,4,평일저녁,0,31,9.26
1215,법정,1,8,케이블,12,40.8,1,평일저녁,0,36,9.95
1216,로맨스,2,4,지상파,24,83.1,3,주말심야,0,42,7.83
1217,의학,3,2,OTT,16,69.7,4,평일심야,0,34,7.32
1218,코미디,5,22,지상파,20,84.2,3,주말저녁,0,42,10.6
1219,코미디,3,24,OTT,16,79.2,1,주말심야,0,25,8.11
1220,코미디,4,3,지상파,24,14.3,4,주말저녁,0,21,7.4
1221,스릴러,4,11,지상파,12,31.1,2,평일저녁,0,27,7.15
1222,사극,4,18,케이블,32,63.8,2,평일저녁,0,20,10.75
1223,법정,1,24,케이블,16,7.5,3,평일저녁,0,45,11.52
1224,법정,5,1,케이블,24,40.5,2,평일심야,0,48,4.51
1225,로맨스,2,16,지상파,12,85.4,2,주말저녁,0,20,13.35
1226,사극,3,18,지상파,24,40.0,3,평일심야,0,21,7.76
1227,법정,4,15,OTT,24,54.6,1,평일심야,0,38,6.56
1228,사극,3,9,지상파,20,64.2,1,주말심야,0,41,9.73
1229,판타지,2,1,지상파,8,36.0,1,평일저녁,0,27,7.14
1230,의학,4,9,지상파,20,16.4,2,주말저녁,1,21,10.07
1231,법정,1,17,케이블,16,79.4,2,주말저녁,0,21,14.05
1232,사극,5,1,지상파,12,26.8,1,평일심야,0,22,7.0
1233,스릴러,1,8,지상파,20,75.3,1,주말저녁,0,50,13.24
1234,의학,2,6,지상파,20,26.2,3,평일저녁,0,42,10.3
1235,스릴러,3,18,OTT,20,56.3,1,주말저녁,0,23,10.74
1236,코미디,2,21,지상파,20,15.4,2,평일저녁,0,47,11.74
1237,의학,2,13,OTT,24,47.9,1,주말저녁,0,28,9.48
1238,의학,3,11,케이블,16,21.4,3,주말저녁,0,47,9.49
1239,스릴러,5,23,지상파,16,11.9,4,주말저녁,0,45,8.9
1240,스릴러,4,18,케이블,20,66.4,3,주말저녁,0,47,6.49
1241,스릴러,5,8,지상파,32,63.5,4,평일저녁,1,41,6.1
1242,판타지,3,6,지상파,24,45.8,1,평일저녁,0,23,7.37
1243,판타지,4,7,케이블,8,72.1,3,주말심야,0,37,7.28
1244,의학,3,9,OTT,16,44.3,2,평일저녁,1,30,9.84
1245,코미디,2,10,OTT,12,43.5,1,평일심야,0,32,7.93
1246,로맨스,2,21,지상파,24,83.0,1,평일저녁,0,50,10.19
1247,판타지,3,14,지상파,8,78.4,1,평일심야,0,41,8.29
1248,의학,3,13,케이블,16,9.1,2,주말저녁,0,33,7.55
1249,판타지,2,4,케이블,8,11.8,3,평일저녁,0,38,11.35
1250,의학,5,18,케이블,16,78.9,2,주말저녁,0,39,13.91
1251,사극,4,9,케이블,8,55.0,2,평일저녁,0,40,8.02
1252,사극,5,20,지상파,24,47.6,3,주말심야,0,49,9.48
1253,코미디,2,12,OTT,24,32.4,3,평일저녁,0,22,10.73
1254,판타지,3,17,케이블,12,65.5,4,평일저녁,1,31,8.34
1255,스릴러,4,22,케이블,16,53.4,3,주말저녁,0,33,9.75
1256,사극,4,24,OTT,24,16.0,3,주말저녁,0,27,8.23
1257,판타지,4,12,케이블,16,11.6,2,평일저녁,0,46,7.5
1258,사극,2,20,지상파,16,24.0,1,평일저녁,0,45,11.94
1259,법정,5,21,OTT,24,92.3,1,평일저녁,0,23,7.64
1260,로맨스,5,7,케이블,16,28.4,1,주말저녁,0,27,8.12
1261,로맨스,5,14,OTT,8,42.0,4,평일저녁,1,41,6.42
1262,스릴러,5,24,지상파,24,52.4,2,주말저녁,0,28,6.73
1263,로맨스,5,20,케이블,24,27.9,4,주말저녁,0,49,8.95
1264,코미디,1,15,OTT,16,78.3,3,평일저녁,0,27,9.24
1265,판타지,2,8,지상파,16,6.9,3,평일저녁,0,26,12.27
1266,의학,2,1,지상파,12,81.7,3,평일저녁,0,23,11.32
1267,로맨스,2,17,지상파,16,7.0,4,평일저녁,0,29,10.92
1268,코미디,5,11,지상파,24,84.3,1,평일심야,0,23,5.52
1269,판타지,3,4,케이블,16,17.8,4,평일심야,0,35,6.61
1270,의학,3,24,지상파,16,48.0,4,평일저녁,0,37,10.1
1271,법정,3,15,지상파,16,93.3,1,평일심야,0,21,8.62
1272,판타지,5,28,지상파,16,20.2,4,평일저녁,0,24,9.24
1273,스릴러,3,16,지상파,12,66.9,4,평일저녁,0,21,10.27
1274,코미디,5,15,케이블,32,47.5,4,평일심야,1,47,6.79
1275,스릴러,4,7,지상파,16,94.5,4,주말심야,0,45,10.0
1276,사극,2,15,지상파,24,8.8,4,주말심야,0,37,11.1
1277,스릴러,4,27,케이블,24,97.6,4,평일심야,0,50,9.67
1278,사극,1,27,지상파,16,24.5,1,평일심야,1,47,11.74
1279,스릴러,1,6,OTT,16,71.3,4,평일심야,0,32,7.61
1280,로맨스,4,24,지상파,16,49.2,2,평일저녁,0,50,9.96
1281,스릴러,4,6,OTT,8,90.6,1,평일저녁,0,48,7.15
1282,판타지,4,5,지상파,20,43.5,1,주말심야,0,29,7.8
1283,의학,2,7,지상파,16,29.6,3,평일심야,0,30,10.05
1284,사극,2,15,OTT,20,89.7,4,평일저녁,0,26,11.41
1285,코미디,5,14,케이블,32,19.4,2,평일저녁,0,24,5.75
1286,스릴러,2,10,OTT,20,14.1,4,평일저녁,1,23,4.35
1287,판타지,1,26,케이블,16,83.0,1,주말저녁,0,22,9.5
1288,판타지,1,12,지상파,12,51.4,2,평일저녁,0,32,13.18
1289,로맨스,4,28,지상파,16,62.4,2,주말저녁,0,23,13.9
1290,코미디,3,8,OTT,16,53.9,1,주말저녁,1,27,6.7
1291,스릴러,4,5,지상파,16,86.3,1,평일저녁,0,48,8.88
1292,로맨스,1,24,지상파,8,32.5,2,평일저녁,0,22,15.22
1293,사극,5,2,케이블,20,42.3,2,주말저녁,0,47,9.1
1294,의학,5,16,케이블,16,48.3,4,주말저녁,1,49,9.48
1295,법정,5,3,케이블,16,98.1,1,평일저녁,0,38,9.69
1296,법정,4,18,케이블,8,95.1,4,평일저녁,0,22,8.58
1297,코미디,4,10,지상파,32,46.7,1,주말저녁,0,49,9.31
1298,판타지,4,9,케이블,24,45.4,3,평일저녁,0,40,6.29
1299,판타지,3,19,케이블,20,65.8,4,주말저녁,0,31,8.72
1300,스릴러,5,6,케이블,12,87.6,4,평일저녁,0,48,4.6
1301,판타지,4,11,OTT,24,84.6,2,평일저녁,0,20,8.71
1302,사극,1,29,지상파,24,46.7,3,평일심야,1,20,11.4
1303,의학,2,15,케이블,12,90.3,4,주말저녁,0,39,10.36
1304,로맨스,5,24,지상파,20,31.5,3,평일저녁,0,23,9.89
1305,의학,1,10,케이블,20,40.3,2,평일심야,1,46,6.28
1306,의학,3,21,케이블,8,39.2,1,평일심야,0,22,7.62
1307,스릴러,3,27,케이블,8,39.3,3,평일저녁,0,41,10.5
1308,로맨스,3,25,케이블,16,81.8,4,주말심야,0,22,10.78
1309,판타지,5,26,지상파,20,23.4,1,평일심야,0,24,6.45
1310,스릴러,3,15,지상파,12,66.1,1,주말저녁,0,41,10.32
1311,스릴러,5,4,OTT,16,13.1,4,주말저녁,1,49,7.88
1312,의학,2,9,OTT,16,28.2,4,평일심야,1,46,7.07
1313,의학,3,20,케이블,20,53.8,4,주말저녁,0,38,9.36
1314,사극,3,4,케이블,20,41.2,1,평일심야,0,26,8.83
1315,판타지,5,3,지상파,20,19.8,4,평일저녁,0,33,6.42
1316,로맨스,5,2,지상파,16,23.1,3,평일저녁,0,36,6.25
1317,판타지,1,22,케이블,8,62.6,2,주말저녁,0,45,9.66
1318,사극,1,18,케이블,16,27.5,2,주말심야,0,22,11.09
1319,법정,4,13,OTT,16,71.8,3,평일저녁,0,27,8.47
1320,스릴러,2,25,케이블,12,94.5,3,주말저녁,0,31,10.87
1321,로맨스,4,30,OTT,12,64.3,2,주말저녁,0,49,11.96
1322,의학,3,5,케이블,20,15.7,1,평일저녁,1,23,9.82
1323,코미디,3,11,케이블,20,36.2,3,평일심야,0,28,4.7
1324,법정,2,15,케이블,20,90.5,2,평일저녁,0,47,8.91
1325,스릴러,4,6,케이블,16,70.9,1,평일저녁,0,35,6.76
1326,판타지,5,6,OTT,24,68.7,1,평일저녁,0,29,6.41
1327,판타지,3,1,OTT,16,14.5,1,주말심야,0,23,6.62
1328,판타지,2,1,지상파,16,7.4,4,주말저녁,0,40,7.91
1329,코미디,2,6,지상파,16,59.8,2,주말심야,0,20,12.56
1330,사극,5,22,케이블,20,28.4,4,평일심야,1,34,7.08
1331,사극,3,26,케이블,16,14.3,1,평일저녁,1,26,8.07
1332,사극,1,5,OTT,16,26.4,4,평일저녁,1,22,9.45
1333,코미디,3,27,케이블,16,6.6,4,주말저녁,0,44,9.99
1334,코미디,2,0,OTT,20,26.8,1,주말저녁,1,39,9.17
1335,판타지,2,5,지상파,8,37.7,4,주말저녁,0,27,11.36
1336,사극,3,26,지상파,12,12.2,1,주말저녁,0,25,12.68
1337,판타지,1,0,지상파,24,91.4,4,주말저녁,0,33,11.94
1338,로맨스,1,12,지상파,24,67.0,1,평일저녁,0,33,14.06
1339,의학,3,28,케이블,8,41.6,2,평일심야,0,30,6.9
1340,스릴러,5,22,지상파,8,61.3,4,주말저녁,0,22,14.19
1341,스릴러,5,16,지상파,12,43.3,3,주말저녁,0,34,9.13
1342,코미디,3,2,케이블,20,52.7,3,주말저녁,0,21,7.87
1343,사극,2,1,케이블,16,95.8,4,주말저녁,0,36,11.03
1344,로맨스,3,15,케이블,12,48.0,4,평일저녁,0,48,9.48
1345,사극,4,26,케이블,16,8.1,1,평일심야,0,45,4.85
1346,의학,2,12,케이블,24,30.4,2,평일저녁,1,40,10.23
1347,판타지,4,17,케이블,12,26.8,1,평일저녁,0,40,8.0
1348,판타지,3,26,케이블,20,75.0,2,평일심야,0,24,7.01
1349,법정,3,10,케이블,16,25.4,4,주말저녁,0,28,8.67
1350,코미디,4,8,케이블,8,12.2,3,평일저녁,0,29,8.99
1351,사극,5,8,OTT,16,69.8,1,평일저녁,0,39,5.67
1352,의학,3,6,케이블,16,53.3,4,주말저녁,0,23,8.94
1353,코미디,3,7,케이블,16,73.8,1,주말저녁,0,32,10.37
1354,로맨스,4,9,케이블,16,89.6,4,평일심야,1,49,4.66
1355,코미디,3,0,OTT,16,75.1,2,평일저녁,0,24,7.1
1356,코미디,2,20,케이블,16,84.5,2,평일저녁,1,31,11.76
1357,의학,3,2,지상파,32,50.2,2,주말저녁,0,21,10.35
1358,코미디,5,11,케이블,16,73.0,4,주말저녁,1,48,11.95
1359,스릴러,3,10,케이블,8,38.7,3,주말저녁,0,49,7.49
1360,로맨스,1,16,OTT,12,87.7,3,평일저녁,0,20,10.54
1361,사극,1,10,지상파,16,91.3,2,주말저녁,0,37,11.28
1362,사극,1,24,케이블,20,64.8,4,평일저녁,0,50,10.22
1363,스릴러,5,26,OTT,8,74.4,3,평일저녁,0,34,7.11
1364,법정,5,5,케이블,20,96.9,2,평일저녁,0,28,6.64
1365,사극,3,13,지상파,32,69.4,4,평일저녁,0,24,11.4
1366,로맨스,5,12,지상파,12,75.9,1,평일심야,0,37,6.21
1367,사극,3,22,지상파,12,23.0,3,평일심야,0,44,14.4
1368,로맨스,5,27,지상파,12,65.2,2,주말심야,0,37,10.89
1369,판타지,3,29,케이블,16,42.6,1,주말저녁,0,25,10.55
1370,판타지,3,20,케이블,20,17.9,4,평일저녁,0,49,7.92
1371,판타지,3,5,케이블,16,23.1,2,평일저녁,0,47,9.08
1372,코미디,5,23,지상파,12,98.8,4,주말저녁,0,23,13.19
1373,의학,1,15,지상파,16,93.4,3,주말심야,0,35,11.93
1374,스릴러,4,4,지상파,16,56.1,3,평일저녁,0,32,8.2
1375,판타지,1,9,지상파,16,66.9,1,평일심야,0,35,10.59
1376,스릴러,4,5,케이블,24,84.6,2,평일저녁,0,50,9.36
1377,법정,3,30,지상파,16,13.3,2,주말저녁,0,47,8.79
1378,의학,5,4,지상파,24,74.7,2,주말저녁,0,35,8.72
1379,법정,3,16,지상파,16,62.1,2,주말저녁,1,49,12.36
1380,스릴러,2,6,OTT,24,13.8,3,평일저녁,0,35,7.89
1381,법정,1,12,케이블,24,39.0,4,주말저녁,0,49,10.65
1382,의학,3,29,지상파,12,92.6,3,평일저녁,0,38,11.88
1383,판타지,1,13,지상파,16,6.5,3,평일저녁,1,37,9.68
1384,사극,4,14,케이블,24,78.8,4,평일저녁,0,32,9.05
1385,스릴러,1,11,지상파,16,50.1,3,평일저녁,0,21,16.57
1386,코미디,4,2,지상파,24,43.9,3,주말저녁,0,30,9.86
1387,코미디,3,10,지상파,16,59.5,2,평일심야,0,44,7.67
1388,스릴러,5,25,지상파,20,81.1,3,평일심야,0,50,7.06
1389,스릴러,5,5,케이블,8,44.6,2,주말심야,0,36,4.6
1390,스릴러,4,15,지상파,20,53.3,1,주말심야,0,34,8.34
1391,의학,3,10,케이블,24,9.0,3,주말저녁,0,34,9.16
1392,법정,4,22,지상파,24,9.0,1,평일저녁,0,38,8.79
1393,사극,2,6,지상파,16,87.3,1,주말저녁,0,23,12.51
1394,의학,5,5,지상파,8,86.2,1,주말심야,0,31,9.6
1395,사극,2,22,지상파,12,47.7,4,주말저녁,0,40,15.89
1396,사극,2,29,지상파,24,13.2,3,평일심야,0,31,11.21
1397,코미디,4,7,OTT,16,12.2,1,주말저녁,0,39,9.36
1398,코미디,5,2,지상파,16,14.6,4,평일저녁,0,32,7.46
1399,법정,1,24,지상파,16,14.1,2,평일심야,1,34,9.12
1400,코미디,5,1,지상파,20,36.7,4,주말저녁,0,39,10.18
1401,코미디,2,16,케이블,16,73.5,3,평일저녁,0,40,8.97
1402,의학,1,14,케이블,12,28.1,1,평일저녁,0,23,9.93
1403,로맨스,5,10,지상파,20,57.9,3,주말저녁,0,27,11.79
1404,코미디,1,5,케이블,16,60.3,3,평일심야,0,22,7.68
1405,코미디,1,10,지상파,20,15.3,2,평일저녁,0,26,10.56
1406,의학,5,3,지상파,16,19.5,1,주말저녁,0,38,9.26
1407,로맨스,1,13,지상파,20,72.9,2,평일저녁,0,24,10.12
1408,사극,4,6,OTT,16,74.8,4,주말저녁,1,43,10.27
1409,의학,1,1,지상파,24,87.6,2,주말저녁,0,40,11.9
1410,사극,3,1,지상파,16,56.4,1,평일저녁,0,43,12.43
1411,로맨스,1,20,지상파,16,18.5,3,평일저녁,0,25,11.24
1412,판타지,5,6,OTT,16,88.5,4,주말심야,1,21,6.35
1413,의학,2,18,케이블,16,27.3,2,평일저녁,0,42,11.7
1414,사극,4,18,지상파,8,99.2,3,평일저녁,0,47,8.0
1415,로맨스,4,9,OTT,16,35.2,2,주말저녁,0,21,10.93
1416,판타지,3,27,OTT,16,50.1,1,평일심야,0,24,10.14
1417,법정,3,28,케이블,20,52.3,1,평일저녁,0,41,9.87
1418,사극,1,14,지상파,12,85.7,2,주말저녁,0,31,15.53
1419,로맨스,4,30,지상파,8,36.9,3,평일저녁,0,30,9.63
1420,스릴러,1,2,케이블,32,78.6,3,평일저녁,0,45,10.14
1421,스릴러,1,13,지상파,8,79.6,2,평일저녁,0,22,12.9
1422,코미디,4,5,지상파,16,64.3,3,주말저녁,0,40,9.27
1423,법정,1,3,OTT,20,79.8,3,평일심야,0,20,7.69
1424,사극,4,20,케이블,16,69.4,2,주말저녁,0,34,7.85
1425,법정,1,1,지상파,8,35.4,4,평일저녁,0,44,9.75
1426,코미디,3,7,케이블,12,11.0,2,평일저녁,0,20,5.96
1427,판타지,1,19,OTT,16,12.8,3,평일저녁,0,20,9.66
1428,판타지,1,29,케이블,12,80.7,3,주말저녁,0,22,12.08
1429,의학,2,21,케이블,12,27.7,3,주말심야,1,33,7.32
1430,스릴러,2,11,지상파,16,45.5,3,평일저녁,1,26,8.16
1431,스릴러,5,0,지상파,24,21.3,1,평일저녁,0,48,5.14
1432,사극,1,19,지상파,24,86.9,1,주말저녁,1,43,12.21
1433,코미디,4,10,지상파,20,81.1,3,평일저녁,0,32,8.87
1434,법정,2,26,케이블,20,32.0,4,주말심야,0,21,6.87
1435,코미디,4,27,OTT,12,48.1,4,주말저녁,0,23,9.6
1436,사극,3,30,지상파,20,33.5,3,주말저녁,0,44,13.97
1437,법정,5,13,OTT,24,58.3,1,평일심야,0,45,4.24
1438,사극,1,13,지상파,20,45.8,4,평일저녁,0,45,14.52
1439,코미디,1,21,케이블,12,97.7,4,평일심야,1,35,11.21
1440,판타지,3,29,지상파,16,83.6,1,주말저녁,0,41,11.28
1441,법정,5,25,지상파,16,79.9,3,평일심야,0,42,9.05
1442,코미디,3,20,지상파,24,68.2,2,주말심야,0,49,9.27
1443,사극,2,16,OTT,16,39.9,3,평일저녁,0,46,10.54
1444,스릴러,3,10,케이블,12,47.4,4,주말저녁,0,40,10.92
1445,의학,5,3,케이블,20,6.8,3,평일심야,0,29,5.06
1446,사극,2,20,케이블,16,97.5,1,주말저녁,0,32,13.7
1447,의학,2,4,케이블,16,17.2,1,평일심야,1,46,7.84
1448,사극,5,9,지상파,20,91.0,1,평일저녁,0,28,12.3
1449,판타지,3,5,OTT,8,40.6,2,주말저녁,0,25,10.09
1450,스릴러,5,20,지상파,16,50.2,4,평일심야,1,26,2.63
1451,판타지,3,8,OTT,16,77.3,1,주말심야,0,30,6.61
1452,스릴러,5,14,지상파,24,49.3,2,평일저녁,0,35,7.36
1453,법정,5,15,OTT,16,56.3,4,평일심야,0,33,8.2
1454,코미디,1,6,지상파,24,72.3,4,평일저녁,0,32,8.88
1455,로맨스,5,18,지상파,20,28.1,1,주말저녁,1,49,7.04
1456,코미디,4,9,지상파,16,88.5,4,평일심야,0,23,7.55
1457,법정,5,23,지상파,12,30.5,4,주말심야,1,35,10.74
1458,법정,3,11,지상파,24,24.2,3,평일저녁,0,45,8.48
1459,사극,2,11,지상파,16,30.4,4,평일저녁,0,32,12.21
1460,사극,4,27,OTT,16,70.9,1,평일심야,0,50,8.57
1461,스릴러,5,11,지상파,16,62.4,2,평일저녁,0,33,10.24
1462,스릴러,4,26,OTT,16,46.7,3,주말저녁,0,39,8.8
1463,로맨스,3,22,지상파,16,64.6,2,평일심야,1,26,14.08
1464,법정,5,6,지상파,16,27.5,2,평일심야,0,31,7.22
1465,스릴러,4,24,지상파,12,9.9,2,주말저녁,0,24,9.6
1466,스릴러,3,0,OTT,20,98.2,1,평일저녁,0,45,8.45
1467,의학,4,18,지상파,8,92.8,4,평일저녁,0,34,10.27
1468,판타지,5,22,지상파,24,36.2,2,평일심야,0,36,6.66
1469,법정,3,9,지상파,24,13.6,4,주말저녁,0,46,10.98
1470,판타지,4,28,지상파,24,64.7,4,평일저녁,0,42,8.03
1471,법정,2,27,케이블,16,22.0,4,주말저녁,0,26,13.52
1472,코미디,4,6,지상파,20,42.0,2,평일심야,0,48,7.53
1473,사극,2,27,케이블,32,73.1,4,평일저녁,1,46,10.36
1474,의학,4,0,지상파,20,14.5,1,평일저녁,0,21,9.92
1475,코미디,5,8,OTT,16,19.5,2,평일심야,0,32,4.43
1476,스릴러,5,13,지상파,16,75.1,3,주말저녁,0,24,9.5
1477,법정,4,2,지상파,16,97.6,4,평일저녁,0,41,11.49
1478,사극,4,10,지상파,8,48.7,1,평일저녁,1,40,10.86
1479,로맨스,5,1,지상파,8,16.8,2,주말심야,0,22,7.87
1480,사극,5,0,OTT,20,92.4,3,주말저녁,0,42,8.11
1481,사극,4,20,지상파,16,59.3,1,평일저녁,0,44,11.48
1482,판타지,3,6,OTT,12,18.9,2,평일저녁,0,49,7.69
1483,스릴러,5,9,OTT,16,98.8,4,평일저녁,0,40,9.15
1484,코미디,2,24,지상파,16,13.7,1,평일저녁,0,32,7.68
1485,판타지,1,7,케이블,16,68.8,3,평일저녁,0,33,9.58
1486,스릴러,5,17,케이블,16,68.0,4,주말저녁,0,33,10.75
1487,판타지,3,19,케이블,24,97.2,4,평일저녁,1,43,8.93
1488,법정,4,7,지상파,24,31.8,3,평일심야,1,46,8.91
1489,스릴러,1,18,케이블,32,38.5,3,주말심야,0,41,7.76
1490,로맨스,3,0,지상파,16,72.3,3,주말심야,0,45,11.08
1491,로맨스,4,3,지상파,8,44.3,4,주말심야,0,21,9.52
1492,판타지,4,12,OTT,20,57.4,2,평일저녁,0,46,5.75
1493,법정,5,2,지상파,16,12.2,2,평일저녁,0,29,8.31
1494,판타지,5,17,케이블,16,69.5,4,주말저녁,0,33,6.91
1495,로맨스,3,27,지상파,16,67.6,3,주말저녁,0,48,12.81
1496,판타지,2,4,케이블,24,37.3,3,평일심야,0,37,6.75
1497,판타지,1,19,지상파,8,83.2,4,평일저녁,0,21,11.81
1498,판타지,2,3,지상파,24,61.6,4,주말저녁,0,28,10.61
1499,의학,4,19,지상파,16,93.6,1,평일심야,1,31,10.22
1500,코미디,5,19,지상파,24,12.6,1,주말심야,1,23,5.5
1501,로맨스,5,30,케이블,12,82.7,1,평일저녁,1,37,9.17
1502,법정,5,27,지상파,24,20.1,2,평일저녁,0,21,10.27
1503,판타지,3,0,케이블,8,16.4,1,평일심야,0,32,3.94
1504,법정,2,5,지상파,24,70.4,3,평일저녁,0,43,11.81
1505,의학,2,19,지상파,16,22.7,1,주말저녁,0,34,8.7
1506,법정,4,5,케이블,24,56.1,4,평일심야,0,45,8.14
1507,로맨스,3,8,지상파,16,99.7,1,주말저녁,0,32,12.93
1508,법정,3,8,케이블,12,68.7,3,주말저녁,0,25,8.98
1509,로맨스,3,30,케이블,16,78.9,1,평일심야,0,37,7.17
1510,법정,4,0,OTT,16,44.4,2,평일심야,1,20,7.31
1511,의학,5,15,지상파,32,51.7,4,평일저녁,0,25,8.04
1512,스릴러,2,12,OTT,16,61.7,1,주말저녁,1,28,8.96
1513,사극,2,27,지상파,12,59.0,2,평일저녁,0,43,14.53
1514,스릴러,2,0,지상파,8,71.5,4,평일심야,1,33,10.37
1515,판타지,2,21,케이블,16,16.8,1,주말저녁,0,45,7.46
1516,로맨스,4,3,지상파,24,82.5,2,평일저녁,0,22,9.23
1517,사극,5,27,OTT,8,53.8,3,평일심야,0,48,6.87
1518,법정,4,23,케이블,20,78.2,1,평일심야,1,32,6.33
1519,법정,2,26,지상파,12,51.8,2,평일저녁,1,43,11.13
1520,코미디,3,30,지상파,16,55.7,2,평일저녁,0,22,9.68
1521,로맨스,2,13,지상파,32,71.2,1,평일심야,0,49,7.8
1522,로맨스,4,25,지상파,12,35.4,2,주말저녁,0,25,10.15
1523,코미디,4,30,OTT,12,83.8,3,평일저녁,0,27,9.28
1524,의학,2,5,지상파,16,8.3,3,주말심야,1,20,8.98
1525,의학,5,26,지상파,20,19.1,4,주말저녁,0,50,9.72
1526,스릴러,2,10,지상파,16,6.9,4,평일저녁,0,46,10.87
1527,판타지,2,5,케이블,32,33.6,4,평일심야,0,46,5.43
1528,의학,3,8,OTT,16,78.6,4,평일심야,0,45,7.35
1529,사극,1,10,지상파,8,45.4,2,주말저녁,0,30,13.52
1530,코미디,3,21,지상파,16,14.5,2,평일심야,0,22,9.35
1531,로맨스,2,6,OTT,24,44.1,2,주말심야,1,49,7.71
1532,사극,1,3,케이블,20,82.2,4,주말저녁,1,48,12.57
1533,의학,4,13,케이블,16,62.1,3,평일저녁,0,40,9.04
1534,사극,3,19,지상파,24,18.9,2,평일저녁,0,23,12.23
1535,로맨스,5,19,케이블,24,30.8,3,평일저녁,0,21,7.02
1536,스릴러,4,16,케이블,8,7.3,4,평일저녁,1,30,6.26
1537,의학,1,7,지상파,8,69.5,1,주말저녁,0,38,13.03
1538,의학,2,9,케이블,16,65.8,3,평일심야,0,49,9.84
1539,코미디,2,19,지상파,8,23.7,3,평일저녁,0,30,10.14
1540,로맨스,5,30,OTT,20,56.6,1,평일심야,0,45,7.34
1541,법정,2,4,지상파,20,99.8,2,평일저녁,0,20,11.16
1542,의학,4,22,지상파,24,67.8,2,평일저녁,0,45,9.75
1543,판타지,4,7,케이블,12,89.1,4,평일저녁,0,22,7.76
1544,판타지,5,20,케이블,16,47.9,1,주말심야,0,27,7.35
1545,사극,1,30,케이블,16,97.1,4,평일심야,0,43,9.94
1546,의학,1,14,OTT,8,59.2,2,평일저녁,0,38,12.56
1547,판타지,1,25,케이블,16,39.7,3,평일심야,0,30,9.02
1548,판타지,2,15,지상파,8,77.4,4,평일저녁,0,39,11.15
1549,로맨스,4,30,지상파,16,46.8,3,주말심야,1,43,10.4
1550,코미디,3,25,지상파,24,45.0,3,주말심야,0,42,9.06
1551,의학,3,29,케이블,8,93.5,2,평일저녁,0,24,10.21
1552,법정,2,17,OTT,16,83.6,3,평일저녁,0,20,9.49
1553,의학,4,5,지상파,20,51.0,3,평일저녁,0,43,10.32
1554,사극,2,23,케이블,24,20.1,4,주말저녁,0,35,10.27
1555,스릴러,4,9,지상파,8,56.9,2,평일저녁,0,32,9.17
1556,로맨스,2,28,OTT,16,10.9,4,주말저녁,1,30,5.81
1557,판타지,3,21,지상파,16,94.5,3,주말저녁,0,24,11.74
1558,로맨스,5,8,지상파,16,50.6,1,평일저녁,0,38,5.91
1559,코미디,1,5,OTT,16,23.2,3,주말저녁,0,43,8.52
1560,사극,3,10,케이블,16,87.6,4,평일심야,0,29,6.8
1561,판타지,5,18,지상파,12,54.8,3,주말저녁,0,48,10.28
1562,코미디,3,19,케이블,12,80.4,3,평일저녁,1,30,8.03
1563,로맨스,4,17,케이블,20,98.1,4,주말저녁,0,31,10.8
1564,스릴러,5,28,OTT,16,56.2,3,평일심야,1,47,9.11
1565,법정,1,22,OTT,16,63.8,2,주말저녁,0,44,12.75
1566,판타지,3,13,지상파,16,75.1,1,주말저녁,0,38,12.85
1567,법정,4,15,지상파,32,48.8,4,평일저녁,0,41,10.5
1568,의학,3,25,OTT,24,69.9,1,평일저녁,1,35,6.34
1569,코미디,1,7,케이블,16,91.2,1,평일저녁,0,32,9.18
1570,코미디,2,5,케이블,8,80.9,4,주말심야,0,25,9.79
1571,판타지,5,20,케이블,12,72.5,2,주말저녁,0,46,11.37
1572,법정,4,15,지상파,12,18.0,1,주말저녁,0,31,10.43
1573,사극,3,8,지상파,32,65.5,1,평일심야,1,33,8.96
1574,사극,3,0,케이블,16,7.6,2,평일저녁,0,31,7.08
1575,법정,4,29,OTT,12,38.5,4,평일저녁,0,21,9.4
1576,사극,3,8,케이블,24,66.2,1,평일저녁,0,49,8.13
1577,스릴러,3,8,지상파,16,65.7,4,평일저녁,0,28,8.68
1578,사극,1,8,OTT,12,22.5,2,주말저녁,0,39,13.04
1579,판타지,2,29,지상파,32,13.6,3,평일저녁,0,35,11.7
1580,코미디,3,23,OTT,24,38.3,2,평일저녁,0,23,9.55
1581,판타지,4,12,OTT,12,51.4,2,주말저녁,0,37,6.87
1582,사극,2,7,케이블,24,88.4,4,평일저녁,1,21,10.69
1583,법정,3,15,케이블,20,61.6,4,주말저녁,0,21,10.16
1584,의학,5,30,OTT,24,58.0,3,주말저녁,0,33,9.79
1585,법정,1,9,케이블,12,34.2,1,평일심야,0,33,9.74
1586,코미디,3,15,OTT,24,69.7,3,주말저녁,0,27,11.13
1587,의학,2,0,케이블,16,26.9,4,평일심야,0,40,5.52
1588,사극,5,12,케이블,32,46.4,4,주말심야,0,37,5.53
1589,법정,1,0,지상파,16,33.5,4,평일저녁,1,27,11.81
1590,의학,2,17,지상파,16,54.4,2,주말저녁,0,34,12.93
1591,로맨스,1,8,케이블,20,36.4,1,평일저녁,1,38,11.17
1592,의학,3,3,지상파,8,85.3,2,평일저녁,0,34,10.03
1593,사극,1,6,지상파,16,91.6,2,주말저녁,0,33,14.65
1594,사극,2,18,OTT,12,18.5,4,평일저녁,0,44,10.32
1595,판타지,3,1,지상파,16,37.3,4,주말저녁,0,27,11.85
1596,코미디,3,10,OTT,32,9.4,2,평일저녁,0,26,7.34
1597,판타지,2,13,지상파,16,92.0,4,평일저녁,0,34,9.44
1598,스릴러,5,23,OTT,16,78.3,1,주말저녁,0,28,9.24
1599,로맨스,4,23,케이블,16,72.5,3,주말저녁,0,44,8.92
1600,코미디,4,8,케이블,16,66.5,1,주말저녁,0,22,9.74
1601,사극,1,0,지상파,16,97.6,2,평일저녁,0,28,11.51
1602,코미디,2,22,지상파,16,88.9,4,평일저녁,1,28,10.91
1603,스릴러,1,11,OTT,24,71.4,2,주말심야,1,35,7.4
1604,코미디,2,12,케이블,16,86.8,1,주말심야,0,22,6.41
1605,코미디,2,7,케이블,8,70.6,4,평일저녁,0,48,9.15
1606,판타지,4,23,지상파,16,81.0,2,주말저녁,0,45,10.73
1607,로맨스,1,8,지상파,16,18.1,1,주말저녁,0,24,11.14
1608,코미디,3,21,지상파,12,91.1,2,평일저녁,0,34,13.37
1609,로맨스,1,16,지상파,24,26.0,3,주말심야,0,21,9.48
1610,로맨스,3,16,지상파,20,45.8,2,평일저녁,1,44,12.19
1611,사극,3,5,지상파,12,51.4,4,평일심야,1,23,10.0
1612,사극,4,27,지상파,16,20.8,4,평일심야,0,43,10.47
1613,사극,1,11,OTT,16,77.2,3,평일저녁,0,34,6.92
1614,판타지,3,7,지상파,16,77.5,1,주말저녁,0,21,9.68
1615,스릴러,4,24,케이블,16,84.9,1,평일심야,0,22,8.89
1616,법정,4,21,OTT,16,5.2,2,주말심야,0,29,3.97
1617,코미디,5,15,지상파,20,93.5,1,평일저녁,0,44,12.1
1618,판타지,4,0,지상파,16,26.6,4,주말심야,0,50,9.32
1619,로맨스,1,28,OTT,24,17.5,2,평일심야,0,50,8.96
1620,판타지,4,30,OTT,8,77.9,2,주말저녁,0,33,9.86
1621,코미디,5,3,케이블,24,27.3,4,평일심야,0,38,4.91
1622,로맨스,1,4,OTT,16,44.3,2,평일심야,0,29,7.56
1623,사극,4,16,지상파,16,36.7,4,평일저녁,0,38,13.48
1624,법정,3,13,지상파,8,74.8,4,주말저녁,1,31,11.65
1625,법정,1,9,케이블,32,23.3,2,평일저녁,0,40,9.32
1626,스릴러,3,10,지상파,8,89.2,4,평일심야,1,48,9.51
1627,판타지,3,23,지상파,20,93.3,2,평일저녁,0,44,10.3
1628,의학,3,19,케이블,16,44.9,1,평일저녁,0,41,11.42
1629,스릴러,3,19,지상파,16,53.2,4,주말심야,0,22,10.05
1630,스릴러,1,11,지상파,8,86.6,4,평일심야,0,30,10.61
1631,의학,4,19,지상파,20,82.5,4,평일저녁,0,44,12.22
1632,코미디,4,6,지상파,24,33.0,3,평일저녁,0,40,10.96
1633,사극,3,4,지상파,16,90.0,3,주말저녁,0,40,12.79
1634,사극,5,23,지상파,12,30.8,1,평일저녁,0,48,9.76
1635,스릴러,4,23,OTT,20,45.1,3,주말심야,1,44,4.93
1636,의학,4,8,지상파,16,34.3,2,평일저녁,0,34,9.45
1637,의학,4,9,케이블,12,57.3,4,평일저녁,0,26,9.81
1638,판타지,2,2,지상파,24,41.1,2,주말저녁,0,32,11.82
1639,코미디,5,10,지상파,16,53.2,3,주말저녁,1,37,8.2
1640,로맨스,4,21,케이블,16,63.0,1,주말저녁,0,47,11.42
1641,코미디,3,13,케이블,16,46.4,1,주말심야,0,45,7.75
1642,법정,4,0,지상파,20,54.2,1,평일저녁,0,45,8.87
1643,스릴러,3,8,OTT,16,67.5,1,평일저녁,1,44,7.17
1644,코미디,2,0,OTT,24,91.6,3,평일저녁,0,31,9.21
1645,로맨스,1,25,케이블,32,44.8,2,평일저녁,0,35,8.27
1646,판타지,3,9,OTT,16,36.4,2,평일저녁,0,46,10.13
1647,스릴러,5,2,지상파,16,74.0,3,주말저녁,0,20,8.11
1648,로맨스,5,8,지상파,16,86.7,3,주말저녁,0,33,11.22
1649,코미디,4,22,케이블,16,58.4,4,주말저녁,0,25,9.98
1650,법정,5,3,케이블,16,91.6,4,평일저녁,1,22,8.26
1651,의학,2,28,지상파,16,51.8,4,평일심야,0,31,12.44
1652,의학,4,2,케이블,20,11.5,2,주말저녁,0,32,8.57
1653,코미디,4,21,지상파,20,98.2,4,주말저녁,1,28,9.08
1654,판타지,4,15,케이블,20,6.0,3,평일저녁,0,33,6.12
1655,로맨스,5,0,지상파,8,87.2,4,평일저녁,0,47,11.67
1656,사극,3,23,OTT,24,70.9,2,평일심야,0,35,10.16
1657,코미디,5,26,OTT,8,42.5,1,주말저녁,0,24,7.07
1658,코미디,5,13,지상파,12,72.6,4,평일심야,0,34,5.8
1659,의학,2,3,케이블,12,5.0,2,주말저녁,1,32,5.73
1660,스릴러,4,4,지상파,24,88.7,4,주말심야,0,34,7.55
1661,사극,4,25,OTT,16,67.1,4,평일저녁,1,35,8.22
1662,판타지,4,28,케이블,16,74.2,2,주말심야,0,47,7.57
1663,판타지,1,25,지상파,16,83.3,2,평일저녁,1,42,12.98
1664,사극,5,29,지상파,20,63.9,3,평일심야,0,33,9.04
1665,의학,5,10,OTT,24,20.6,1,평일저녁,0,41,7.81
1666,로맨스,3,9,지상파,12,72.1,1,주말저녁,0,41,11.2
1667,판타지,2,14,케이블,20,60.3,4,주말저녁,0,35,13.8
1668,스릴러,3,12,OTT,24,59.6,2,주말저녁,0,40,9.69
1669,사극,5,16,지상파,12,75.3,2,평일심야,0,50,6.28
1670,사극,1,20,케이블,20,57.5,1,평일심야,1,44,12.75
1671,의학,1,6,지상파,8,12.9,1,주말저녁,0,42,8.97
1672,로맨스,4,4,케이블,24,63.8,2,평일저녁,0,36,9.16
1673,사극,3,23,지상파,16,16.1,4,평일저녁,0,27,11.88
1674,로맨스,3,18,OTT,16,36.0,2,평일심야,0,40,7.17
1675,스릴러,4,28,케이블,24,28.4,4,평일저녁,1,29,10.49
1676,의학,2,29,지상파,16,62.5,2,평일심야,0,41,10.8
1677,코미디,1,12,지상파,24,16.5,3,평일심야,1,22,11.59
1678,법정,4,11,OTT,12,82.8,2,평일저녁,0,29,9.81
1679,스릴러,4,16,지상파,16,70.1,4,평일저녁,0,34,6.73
1680,스릴러,2,30,지상파,24,66.2,4,평일저녁,0,29,11.61
1681,의학,4,6,지상파,16,18.4,3,주말저녁,0,30,8.4
1682,사극,5,20,케이블,12,98.8,1,평일저녁,0,28,8.85
1683,코미디,2,17,지상파,20,72.2,2,평일심야,1,38,8.35
1684,판타지,5,20,지상파,12,45.9,4,주말저녁,1,41,10.71
1685,로맨스,3,9,지상파,8,35.7,4,주말저녁,0,33,9.87
1686,사극,2,0,케이블,24,57.2,4,주말저녁,0,26,11.45
1687,의학,2,14,케이블,32,73.3,1,평일저녁,0,33,7.94
1688,코미디,1,6,케이블,16,36.7,4,평일저녁,0,36,12.4
1689,의학,3,15,지상파,16,30.8,3,주말저녁,0,22,13.12
1690,법정,4,4,지상파,20,28.0,2,주말심야,0,39,7.04
1691,판타지,3,22,케이블,24,10.4,1,평일저녁,0,45,6.81
1692,의학,4,4,케이블,16,82.4,3,주말저녁,0,38,11.29
1693,의학,5,1,지상파,16,56.9,3,평일저녁,0,35,8.09
1694,의학,5,23,지상파,20,13.6,1,평일심야,0,45,5.65
1695,로맨스,1,3,지상파,24,25.3,3,주말심야,0,41,10.49
1696,스릴러,5,24,지상파,16,85.4,3,평일저녁,1,44,9.59
1697,코미디,3,6,케이블,12,87.3,1,평일저녁,0,33,7.99
1698,로맨스,4,11,케이블,24,66.6,2,평일저녁,0,34,8.3
1699,사극,1,5,케이블,32,25.4,2,주말심야,0,40,7.1
1700,코미디,1,11,OTT,16,24.9,3,주말저녁,0,50,8.26
1701,사극,3,11,지상파,16,27.8,4,주말저녁,0,49,13.32
1702,법정,2,29,OTT,16,72.1,3,주말저녁,0,24,14.31
1703,스릴러,4,28,OTT,16,64.0,1,평일저녁,0,50,7.09
1704,법정,3,19,케이블,16,72.5,2,평일저녁,0,50,8.11
1705,스릴러,3,18,OTT,16,58.5,3,주말저녁,0,26,12.16
1706,스릴러,3,17,OTT,16,22.5,3,주말저녁,0,27,7.38
1707,사극,3,14,케이블,20,10.6,4,주말저녁,0,23,9.63
1708,사극,2,15,케이블,16,63.0,3,평일심야,0,21,7.13
1709,판타지,2,11,케이블,12,20.6,2,평일심야,0,42,9.7
1710,법정,2,19,지상파,16,16.7,3,평일심야,0,49,9.31
1711,로맨스,4,21,케이블,20,87.1,2,주말저녁,0,27,9.15
1712,의학,4,24,지상파,8,40.6,1,평일저녁,1,29,12.43
1713,코미디,2,7,케이블,8,67.6,3,평일저녁,0,45,10.5
1714,의학,1,21,지상파,16,57.6,1,평일저녁,0,38,13.26
1715,코미디,1,29,케이블,24,34.6,2,주말저녁,0,27,11.33
1716,의학,2,6,케이블,8,90.9,1,평일저녁,0,22,10.94
1717,판타지,3,4,지상파,16,80.1,3,평일저녁,0,48,7.93
1718,로맨스,3,21,지상파,16,78.6,4,평일저녁,1,45,11.75
1719,로맨스,5,26,OTT,16,23.8,3,평일저녁,0,44,5.82
1720,스릴러,3,30,OTT,32,29.8,3,평일저녁,0,21,8.44
1721,의학,5,6,지상파,32,86.3,2,평일심야,0,40,5.95
1722,사극,2,3,OTT,16,69.7,2,평일저녁,0,25,7.78
1723,의학,2,17,지상파,16,91.3,1,주말저녁,0,47,13.65
1724,스릴러,4,17,지상파,32,57.9,2,평일심야,0,47,7.51
1725,스릴러,5,16,지상파,16,98.6,4,평일저녁,0,35,11.85
1726,코미디,5,12,지상파,24,16.9,2,평일저녁,0,40,7.93
1727,의학,5,20,지상파,8,6.9,4,평일저녁,1,46,11.07
1728,법정,3,5,OTT,16,17.6,2,평일저녁,0,28,8.01
1729,스릴러,3,15,케이블,12,83.3,1,평일심야,0,46,7.46
1730,판타지,4,19,지상파,32,98.6,3,평일심야,0,48,6.93
1731,사극,4,27,케이블,8,20.6,1,평일심야,0,49,6.48
1732,코미디,2,26,케이블,32,62.0,3,평일저녁,0,21,10.92
1733,사극,4,18,지상파,8,14.6,1,주말저녁,0,30,11.96
1734,스릴러,4,11,케이블,8,60.5,1,주말저녁,0,20,10.34
1735,법정,1,13,지상파,24,52.0,2,주말심야,0,38,8.65
1736,스릴러,1,24,케이블,16,14.7,1,평일저녁,0,50,9.21
1737,의학,3,21,지상파,20,19.9,4,평일심야,1,32,6.46
1738,로맨스,3,9,지상파,24,23.4,1,평일심야,0,31,10.03
1739,판타지,3,12,케이블,8,79.3,4,평일저녁,0,38,5.03
1740,사극,1,26,지상파,16,97.3,2,주말저녁,1,49,15.56
1741,법정,5,10,케이블,12,22.8,3,평일저녁,1,33,7.26
1742,사극,5,19,케이블,8,15.9,4,평일저녁,0,28,6.85
1743,법정,1,16,OTT,16,99.0,3,평일저녁,0,25,11.31
1744,코미디,4,14,OTT,12,53.6,3,평일저녁,1,35,6.46
1745,사극,5,1,지상파,12,14.0,3,주말저녁,0,50,11.26
1746,스릴러,4,11,케이블,24,75.4,4,평일저녁,1,21,3.28
1747,판타지,4,5,케이블,16,55.7,4,주말저녁,0,37,10.81
1748,판타지,1,10,케이블,16,44.0,4,평일심야,0,28,10.35
1749,스릴러,1,24,케이블,16,79.4,1,주말심야,0,48,11.27
1750,로맨스,3,11,OTT,20,84.2,4,평일저녁,0,37,11.56
1751,법정,2,7,지상파,8,46.7,3,평일심야,0,28,7.98
1752,판타지,3,17,케이블,32,93.2,2,평일심야,0,49,7.46
1753,의학,1,5,지상파,20,90.4,3,평일저녁,0,29,8.89
1754,스릴러,2,15,지상파,16,27.6,1,평일저녁,0,38,11.3
1755,로맨스,1,0,지상파,12,30.9,2,주말저녁,0,35,8.86
1756,로맨스,2,23,케이블,16,70.5,1,주말저녁,0,39,12.03
1757,코미디,2,17,OTT,16,94.5,1,평일심야,0,36,7.92
1758,판타지,2,16,지상파,8,48.9,4,주말심야,0,47,7.98
1759,의학,5,27,OTT,16,52.5,4,평일저녁,0,48,8.21
1760,로맨스,2,19,케이블,16,82.5,1,주말저녁,1,33,8.85
1761,코미디,4,20,케이블,20,76.3,1,주말저녁,0,24,12.33
1762,스릴러,5,29,지상파,16,74.6,4,평일심야,1,34,7.23
1763,코미디,4,0,지상파,12,34.1,1,주말심야,0,44,11.24
1764,법정,5,1,지상파,16,37.3,1,평일저녁,0,47,9.15
1765,사극,4,2,케이블,24,72.3,3,주말저녁,0,23,9.43
1766,의학,1,9,OTT,20,80.9,2,평일저녁,0,31,11.46
1767,스릴러,5,6,케이블,16,86.4,2,평일저녁,1,30,6.53
1768,사극,2,21,지상파,20,84.8,3,주말저녁,0,26,14.09
1769,스릴러,2,18,케이블,16,46.0,4,주말심야,0,33,8.89
1770,판타지,3,4,OTT,16,31.1,4,주말심야,1,39,5.33
1771,법정,5,6,지상파,16,22.4,3,평일저녁,0,47,7.26
1772,판타지,4,16,지상파,16,51.7,4,평일저녁,0,21,10.38
1773,법정,3,16,OTT,24,34.4,4,평일심야,0,27,9.84
1774,의학,4,1,OTT,16,53.2,3,평일저녁,0,43,8.21
1775,판타지,5,4,지상파,8,41.3,3,주말저녁,0,42,7.34
1776,의학,5,14,지상파,8,99.8,4,주말저녁,0,23,11.75
1777,스릴러,2,4,지상파,12,29.6,2,주말저녁,0,28,10.74
1778,판타지,2,25,케이블,16,24.5,4,평일저녁,0,48,11.26
1779,스릴러,3,24,케이블,24,6.0,1,평일심야,0,26,11.44
1780,의학,5,17,지상파,16,77.0,1,평일저녁,0,29,9.63
1781,의학,1,21,지상파,8,11.7,2,주말저녁,0,27,9.17
1782,스릴러,4,22,OTT,16,65.0,3,주말심야,0,34,8.46
1783,사극,4,19,지상파,16,50.9,1,평일저녁,0,31,13.17
1784,법정,2,27,케이블,12,62.6,1,평일심야,0,33,6.78
1785,판타지,1,12,지상파,8,7.3,1,평일저녁,0,49,12.02
1786,판타지,1,27,지상파,32,32.6,2,주말저녁,0,36,11.51
1787,스릴러,2,8,지상파,16,79.2,4,주말저녁,0,43,15.1
1788,코미디,3,28,OTT,8,77.0,3,평일저녁,0,50,7.72
1789,의학,4,22,OTT,24,34.0,2,주말저녁,0,41,8.27
1790,코미디,5,6,지상파,16,52.3,2,평일저녁,0,47,7.94
1791,코미디,1,2,지상파,16,17.7,2,평일저녁,0,21,9.28
1792,판타지,1,5,지상파,16,13.0,4,평일저녁,0,45,8.95
1793,스릴러,1,30,지상파,24,17.0,4,평일심야,0,34,8.65
1794,의학,3,9,케이블,16,42.2,2,평일저녁,0,22,9.32
1795,코미디,2,25,OTT,12,16.8,1,평일심야,0,46,9.44
1796,의학,5,16,지상파,20,46.4,4,주말저녁,0,35,8.77
1797,사극,4,13,지상파,20,47.7,4,주말저녁,0,38,12.9
1798,의학,3,18,OTT,24,31.7,1,평일저녁,0,43,6.66
1799,사극,4,7,지상파,16,11.6,2,주말저녁,0,27,13.19
1800,사극,2,13,케이블,8,82.2,4,평일저녁,0,30,7.39
1801,사극,5,9,케이블,20,39.6,3,주말저녁,1,50,8.59
1802,사극,4,7,지상파,16,68.5,1,주말저녁,0,47,13.1
1803,판타지,2,17,지상파,8,10.0,2,평일심야,0,24,5.39
1804,코미디,5,3,OTT,16,56.5,2,평일심야,0,40,4.45
1805,로맨스,4,3,OTT,16,66.4,3,평일심야,0,46,5.85
1806,판타지,2,22,지상파,16,75.8,2,평일저녁,1,20,13.25
1807,코미디,2,23,케이블,24,10.4,2,주말저녁,0,31,5.79
1808,의학,1,28,지상파,16,8.0,4,주말저녁,0,43,11.49
1809,코미디,5,17,케이블,12,85.3,4,주말심야,0,37,10.64
1810,사극,3,15,OTT,24,88.3,3,주말저녁,0,41,12.77
1811,사극,3,24,케이블,8,64.6,4,주말저녁,0,29,11.94
1812,의학,5,30,케이블,16,30.1,3,주말저녁,0,45,8.87
1813,사극,1,29,지상파,16,48.2,2,평일저녁,0,44,15.82
1814,의학,5,27,지상파,12,61.6,4,주말저녁,0,41,12.51
1815,판타지,3,0,OTT,20,56.7,2,평일저녁,0,33,8.49
1816,의학,5,23,지상파,32,88.3,2,평일저녁,0,36,12.93
1817,사극,1,8,지상파,20,56.4,1,평일심야,0,36,8.29
1818,의학,2,20,케이블,12,74.8,2,평일심야,0,33,7.77
1819,의학,1,15,지상파,12,66.3,1,평일심야,0,50,13.99
1820,법정,4,15,케이블,24,53.5,3,주말저녁,0,44,8.52
1821,사극,2,8,지상파,8,67.5,3,평일저녁,0,50,11.92
1822,의학,2,14,지상파,16,60.7,1,평일저녁,0,46,10.68
1823,의학,3,3,케이블,16,42.6,1,주말저녁,0,42,8.3
1824,로맨스,5,21,지상파,8,81.8,4,평일저녁,0,21,9.11
1825,법정,4,3,OTT,8,83.1,1,평일저녁,0,49,8.14
1826,판타지,3,30,지상파,20,48.5,1,평일심야,0,47,6.12
1827,코미디,2,25,지상파,12,97.2,1,주말저녁,0,26,12.77
1828,판타지,2,25,OTT,32,64.9,3,주말저녁,0,30,11.28
1829,스릴러,4,7,지상파,16,37.8,4,평일저녁,0,23,8.51
1830,코미디,4,7,케이블,16,27.0,2,주말저녁,0,39,10.91
1831,의학,2,3,OTT,20,96.2,1,주말저녁,0,33,9.56
1832,판타지,4,5,OTT,20,7.5,2,평일심야,0,30,3.69
1833,의학,2,3,케이블,8,35.9,4,주말심야,0,45,8.32
1834,코미디,4,5,케이블,16,21.9,4,주말심야,0,50,6.5
1835,스릴러,1,27,케이블,20,56.9,3,주말저녁,0,27,11.48
1836,사극,2,1,OTT,12,97.6,1,주말저녁,0,34,9.96
1837,로맨스,5,25,OTT,16,45.5,2,평일심야,0,27,6.45
1838,사극,4,17,케이블,24,79.5,4,평일저녁,0,40,10.79
1839,법정,2,6,OTT,20,51.7,4,주말저녁,1,34,7.71
1840,판타지,3,19,케이블,16,22.9,1,평일심야,0,41,6.68
1841,스릴러,1,23,케이블,20,28.1,1,평일저녁,0,38,11.72
1842,판타지,5,29,지상파,24,43.0,3,주말심야,0,43,9.62
1843,판타지,2,10,지상파,16,95.5,4,평일저녁,0,24,12.18
1844,스릴러,2,24,케이블,16,94.8,2,주말저녁,0,49,12.84
1845,코미디,5,19,지상파,16,57.7,1,주말저녁,0,33,11.11
1846,사극,4,15,지상파,20,77.6,1,주말저녁,0,44,15.46
1847,스릴러,5,23,지상파,24,44.6,2,주말저녁,0,42,11.69
1848,의학,1,20,케이블,20,5.7,3,평일심야,0,25,5.45
1849,코미디,4,12,지상파,24,16.8,4,주말저녁,1,43,7.29
1850,사극,4,25,OTT,16,54.8,3,평일저녁,0,39,10.92
1851,판타지,1,22,케이블,20,35.0,3,평일저녁,1,45,6.43
1852,스릴러,2,28,케이블,20,7.7,1,평일저녁,0,23,10.86
1853,코미디,4,5,OTT,16,13.1,1,주말저녁,0,22,6.69
1854,로맨스,3,29,지상파,20,84.7,4,주말저녁,1,26,14.08
1855,판타지,4,30,OTT,8,83.7,1,주말저녁,0,47,11.29
1856,스릴러,3,26,지상파,24,24.7,2,평일저녁,0,21,10.77
1857,사극,4,26,OTT,20,63.5,3,주말저녁,1,34,5.84
1858,법정,5,15,OTT,20,19.2,3,주말저녁,0,44,8.04
1859,코미디,5,1,케이블,24,8.2,1,주말저녁,0,32,9.77
1860,로맨스,5,1,케이블,12,94.6,2,주말저녁,0,41,8.55
1861,의학,4,5,케이블,16,47.7,2,평일저녁,1,49,9.89
1862,사극,2,11,지상파,8,63.0,3,평일저녁,0,49,10.05
1863,의학,5,29,케이블,24,96.8,4,평일저녁,0,36,12.06
1864,코미디,5,8,케이블,16,22.2,4,평일저녁,0,29,8.09
1865,의학,4,23,OTT,16,28.7,2,주말저녁,0,35,9.3
1866,로맨스,5,7,케이블,24,44.2,3,주말저녁,0,32,5.1
1867,법정,4,19,지상파,16,37.6,3,주말저녁,0,28,13.35
1868,로맨스,1,6,케이블,24,39.4,2,평일저녁,0,26,9.97
1869,사극,4,7,케이블,16,92.0,1,평일저녁,0,33,10.49
1870,로맨스,5,26,케이블,12,86.5,3,평일저녁,0,24,9.72
1871,스릴러,1,24,지상파,16,56.6,3,주말저녁,0,25,11.16
1872,사극,5,5,케이블,24,88.1,1,주말저녁,1,31,6.03
1873,의학,1,17,케이블,16,73.5,3,주말저녁,0,35,14.15
1874,판타지,4,30,지상파,24,66.5,3,평일저녁,1,26,7.72
1875,코미디,3,27,지상파,16,19.8,3,주말저녁,0,49,12.77
1876,의학,1,15,OTT,24,79.2,3,주말저녁,0,38,10.64
1877,판타지,4,24,케이블,24,34.2,4,평일심야,0,24,7.13
1878,로맨스,1,10,케이블,20,45.0,1,평일심야,0,20,10.51
1879,사극,2,0,OTT,8,6.2,1,평일저녁,0,45,8.83
1880,법정,4,3,OTT,24,54.8,4,주말저녁,0,34,6.62
1881,스릴러,1,18,케이블,24,9.5,4,평일저녁,0,32,8.82
1882,사극,4,24,지상파,16,88.6,3,평일저녁,0,20,12.38
1883,로맨스,3,25,케이블,8,28.4,4,평일심야,0,43,9.27
1884,로맨스,3,29,케이블,24,37.2,2,평일저녁,0,22,9.58
1885,의학,5,16,케이블,16,27.0,1,주말저녁,0,44,6.35
1886,의학,3,5,OTT,16,92.6,2,평일저녁,0,39,6.57
1887,코미디,4,26,케이블,16,39.1,1,주말저녁,1,49,12.75
1888,로맨스,5,11,지상파,16,27.8,4,주말저녁,0,38,9.85
1889,의학,1,24,지상파,20,74.6,4,주말저녁,0,47,15.07
1890,의학,3,12,지상파,16,66.6,1,평일저녁,0,39,13.77
1891,판타지,5,18,지상파,16,95.3,4,평일저녁,1,23,10.13
1892,스릴러,3,5,지상파,20,28.5,1,평일저녁,0,36,9.88
1893,의학,4,13,케이블,24,60.1,1,평일저녁,0,36,9.91
1894,사극,4,23,OTT,24,16.2,1,주말저녁,0,30,9.01
1895,스릴러,5,9,지상파,16,84.1,3,주말저녁,0,26,11.62
1896,로맨스,2,0,지상파,8,15.3,1,평일심야,0,21,9.63
1897,로맨스,5,24,OTT,24,28.3,2,주말저녁,0,23,6.55
1898,로맨스,5,13,OTT,16,75.4,2,평일저녁,0,49,5.0
1899,스릴러,5,19,OTT,16,50.6,4,평일저녁,0,39,7.71
1900,법정,4,18,케이블,16,25.9,1,평일심야,0,27,6.4
1901,판타지,1,20,지상파,16,35.4,4,평일저녁,1,22,9.29
1902,법정,1,24,OTT,12,57.2,2,주말저녁,0,21,12.84
1903,사극,3,19,OTT,8,48.7,1,주말저녁,0,23,9.47
1904,로맨스,2,13,지상파,16,99.0,1,평일심야,0,50,10.53
1905,로맨스,2,20,케이블,32,39.0,3,평일저녁,0,43,7.96
1906,코미디,1,21,케이블,16,25.7,4,주말저녁,0,41,13.87
1907,로맨스,3,25,케이블,12,89.7,2,주말저녁,0,49,12.36
1908,의학,2,21,지상파,20,26.2,1,평일저녁,0,38,13.0
1909,판타지,4,8,케이블,12,50.8,1,평일저녁,0,49,10.28
1910,스릴러,1,12,OTT,24,50.9,2,평일저녁,0,50,10.61
1911,의학,2,11,케이블,16,25.4,4,평일심야,0,21,4.04
1912,스릴러,3,24,OTT,32,95.8,4,주말심야,0,49,9.05
1913,법정,3,28,지상파,16,40.5,1,평일저녁,0,49,13.77
1914,의학,3,27,지상파,16,13.8,2,평일저녁,0,33,11.7
1915,법정,4,24,케이블,16,55.9,1,평일저녁,0,37,9.57
1916,법정,1,6,케이블,20,28.3,3,주말저녁,0,42,7.89
1917,코미디,2,9,지상파,12,26.2,3,평일저녁,0,32,10.65
1918,법정,1,30,지상파,16,38.3,4,평일저녁,0,32,12.63
1919,로맨스,3,20,케이블,32,39.2,1,주말저녁,0,42,8.42
1920,의학,5,3,지상파,12,85.1,4,평일저녁,1,50,6.24
1921,로맨스,3,15,OTT,16,32.5,2,평일심야,0,31,7.21
1922,의학,2,25,케이블,20,97.3,2,평일심야,0,45,11.12
1923,판타지,2,10,케이블,16,19.9,3,평일저녁,0,47,8.47
1924,사극,4,23,지상파,24,77.5,1,평일저녁,0,34,13.31
1925,스릴러,4,20,지상파,20,21.2,4,평일저녁,0,37,8.07
1926,스릴러,5,7,OTT,24,54.1,3,평일저녁,0,24,5.92
1927,스릴러,1,13,OTT,16,45.2,4,주말저녁,0,30,10.39
1928,로맨스,5,21,지상파,16,36.0,3,주말저녁,0,36,8.87
1929,스릴러,1,19,지상파,24,13.6,2,주말심야,1,29,7.4
1930,스릴러,1,25,지상파,16,82.7,4,주말저녁,0,50,12.06
1931,판타지,3,27,케이블,20,69.6,3,주말저녁,0,36,11.33
1932,로맨스,4,29,케이블,32,38.8,4,평일저녁,0,39,10.68
1933,판타지,5,18,지상파,16,89.8,2,평일저녁,0,31,9.72
1934,사극,5,9,케이블,12,30.6,2,평일저녁,0,42,6.4
1935,로맨스,4,15,케이블,20,92.6,3,주말저녁,1,44,10.03
1936,스릴러,5,22,케이블,8,81.2,4,평일저녁,0,46,8.44
1937,의학,5,30,OTT,12,78.7,4,주말저녁,0,33,8.82
1938,로맨스,4,14,케이블,20,59.4,2,평일심야,0,49,5.53
1939,의학,5,15,지상파,12,18.4,2,평일저녁,0,33,7.89
1940,사극,1,16,케이블,16,76.6,3,평일심야,0,47,11.41
1941,판타지,4,3,OTT,16,30.3,3,주말저녁,0,47,6.05
1942,의학,2,20,OTT,24,14.7,4,주말저녁,0,42,9.62
1943,로맨스,2,9,지상파,12,59.4,2,주말심야,1,47,6.39
1944,판타지,5,17,케이블,24,90.0,4,평일저녁,0,50,7.85
1945,코미디,3,28,케이블,20,7.5,3,주말심야,0,46,8.85
1946,스릴러,1,6,OTT,16,19.4,1,평일저녁,1,21,10.07
1947,스릴러,2,24,OTT,32,63.8,2,평일심야,1,36,8.99
1948,법정,1,25,지상파,16,73.1,4,평일저녁,0,50,13.83
1949,코미디,4,12,케이블,20,31.2,3,주말저녁,1,32,7.7
1950,스릴러,4,4,OTT,16,82.1,1,주말저녁,0,38,7.22
1951,스릴러,1,13,케이블,24,53.0,3,주말저녁,0,26,12.15
1952,스릴러,4,4,OTT,32,30.5,3,평일심야,0,35,5.56
1953,판타지,5,29,케이블,16,45.7,3,주말저녁,0,48,10.12
1954,법정,2,1,지상파,16,45.9,2,주말저녁,0,47,11.62
1955,스릴러,2,23,지상파,12,5.1,4,평일심야,0,46,7.68
1956,로맨스,4,26,케이블,24,72.5,4,평일저녁,0,46,8.41
1957,법정,2,28,케이블,32,90.7,3,평일저녁,0,33,9.61
1958,스릴러,1,21,지상파,8,32.6,1,평일저녁,0,25,13.01
1959,의학,4,3,지상파,16,88.1,1,주말저녁,0,44,11.07
1960,코미디,3,13,케이블,20,53.2,3,평일저녁,0,34,9.68
1961,의학,4,11,케이블,16,64.0,1,주말저녁,0,44,8.36
1962,의학,3,5,OTT,8,11.5,2,평일저녁,0,29,6.67
1963,코미디,4,30,지상파,24,10.5,4,주말저녁,0,28,8.89
1964,코미디,2,15,케이블,12,16.1,4,평일저녁,0,22,8.23
1965,의학,2,8,지상파,8,9.5,1,주말저녁,0,33,10.3
1966,판타지,5,17,지상파,8,74.7,3,평일저녁,0,50,7.65
1967,스릴러,2,13,케이블,16,35.6,2,주말저녁,0,22,10.63
1968,법정,1,30,OTT,8,27.7,3,평일저녁,0,42,7.95
1969,법정,1,11,케이블,16,48.8,1,평일저녁,0,43,10.79
1970,판타지,2,5,지상파,16,41.6,3,주말저녁,0,43,9.09
1971,코미디,1,15,지상파,20,84.6,1,주말저녁,0,23,12.83
1972,의학,4,29,케이블,16,6.0,2,주말저녁,0,26,11.48
1973,법정,3,20,OTT,12,97.3,4,주말저녁,1,23,8.76
1974,코미디,1,30,지상파,20,69.3,2,평일저녁,0,38,10.65
1975,코미디,1,10,지상파,16,94.6,2,평일저녁,0,25,13.24
1976,사극,4,19,지상파,24,98.1,2,평일심야,0,39,13.01
1977,법정,1,16,케이블,16,90.7,4,평일저녁,0,24,10.42
1978,로맨스,1,5,OTT,24,93.2,1,평일심야,0,50,9.35
1979,스릴러,3,10,OTT,12,34.3,4,주말저녁,0,26,6.68
1980,의학,4,2,OTT,24,6.9,1,평일저녁,1,27,4.82
1981,로맨스,2,10,OTT,16,57.8,4,주말저녁,0,21,10.66
1982,법정,3,17,케이블,8,82.4,3,평일저녁,0,42,7.4
1983,스릴러,2,12,케이블,12,71.1,3,평일저녁,0,36,9.32
1984,법정,3,15,OTT,16,33.9,2,평일심야,0,22,7.44
1985,판타지,1,12,케이블,16,36.5,1,주말저녁,0,27,12.46
1986,판타지,2,19,OTT,24,70.3,4,평일심야,0,45,5.62
1987,코미디,4,7,지상파,16,27.2,1,평일심야,0,42,6.67
1988,의학,4,16,케이블,16,63.6,2,평일저녁,0,35,10.44
1989,사극,3,2,지상파,16,41.7,3,평일저녁,0,33,12.52
1990,로맨스,4,24,지상파,16,94.4,4,주말저녁,0,32,11.69
1991,판타지,1,29,지상파,24,59.8,3,평일저녁,0,35,11.09
1992,판타지,2,19,지상파,12,78.2,1,주말저녁,0,43,11.26
1993,법정,1,23,케이블,16,22.7,4,주말저녁,0,48,12.48
1994,법정,4,21,케이블,20,70.7,1,평일심야,1,44,3.63
1995,코미디,2,7,지상파,8,83.6,2,주말저녁,0,20,13.99
1996,법정,5,24,지상파,20,62.4,2,평일심야,0,41,4.3
1997,사극,4,14,지상파,16,82.1,4,주말저녁,0,47,15.71
1998,법정,2,14,OTT,16,32.4,3,주말심야,1,24,8.93
1999,스릴러,5,22,케이블,20,78.6,2,평일심야,0,27,7.98
2000,사극,1,17,OTT,12,16.4,3,주말저녁,0,23,11.76
2001,법정,2,21,케이블,16,10.7,4,평일심야,1,30,8.07
2002,의학,2,18,케이블,24,79.3,1,평일심야,0,43,6.35
2003,로맨스,2,9,지상파,16,51.1,1,주말저녁,0,36,11.66
2004,코미디,5,9,지상파,16,6.5,2,평일저녁,0,36,6.36
2005,의학,5,10,케이블,16,54.0,2,평일심야,0,43,7.43
2006,로맨스,5,8,케이블,12,66.8,2,주말저녁,0,34,9.84
2007,사극,1,2,OTT,16,64.7,4,평일저녁,0,32,7.5
2008,로맨스,4,11,지상파,24,91.8,4,주말저녁,0,36,10.66
2009,의학,1,24,지상파,16,54.3,4,평일심야,0,38,10.66
2010,의학,2,15,지상파,24,86.0,3,평일저녁,1,40,9.9
2011,로맨스,2,15,지상파,8,90.6,1,주말저녁,0,32,10.25
2012,코미디,2,0,지상파,16,66.2,2,주말저녁,0,23,9.3
2013,사극,2,27,OTT,20,97.0,1,평일저녁,0,49,12.78
2014,판타지,3,25,케이블,16,76.8,3,주말저녁,1,31,10.49
2015,판타지,3,9,지상파,12,93.5,2,주말저녁,0,33,12.72
2016,판타지,5,26,케이블,16,91.6,3,평일저녁,0,31,7.14
2017,스릴러,1,5,케이블,8,54.7,1,주말저녁,0,43,8.66
2018,판타지,3,30,OTT,32,72.1,2,평일저녁,0,49,8.68
2019,사극,4,8,케이블,20,65.9,3,평일심야,0,37,6.8
2020,사극,2,19,케이블,20,32.2,3,주말저녁,0,48,12.58
2021,사극,2,23,지상파,20,92.1,3,평일심야,0,46,14.17
2022,판타지,3,3,지상파,20,29.2,3,평일저녁,0,38,8.7
2023,사극,4,12,지상파,32,46.2,3,주말저녁,0,23,14.24
2024,코미디,3,18,지상파,8,13.3,3,평일심야,1,45,9.04
2025,의학,4,1,지상파,16,17.9,3,주말심야,0,26,8.27
2026,법정,3,8,OTT,16,86.1,2,평일심야,0,27,6.45
2027,판타지,4,20,케이블,8,19.8,4,평일심야,0,30,5.28
2028,법정,4,1,지상파,12,75.4,3,평일저녁,0,24,8.09
2029,스릴러,2,10,케이블,16,9.0,1,평일심야,0,44,6.47
2030,사극,2,3,OTT,16,65.5,1,평일저녁,1,21,11.08
2031,판타지,1,15,지상파,12,80.5,4,평일심야,0,35,6.73
2032,판타지,3,27,케이블,12,91.0,2,주말저녁,0,37,11.86
2033,스릴러,2,20,OTT,20,27.5,1,평일심야,1,41,3.95
2034,로맨스,3,15,OTT,16,29.8,4,주말저녁,0,45,9.85
2035,의학,2,28,케이블,20,94.2,1,주말저녁,1,24,14.58
2036,사극,5,28,케이블,16,28.3,4,평일저녁,0,27,9.08
2037,법정,2,14,지상파,12,67.0,1,평일저녁,1,50,11.61
2038,로맨스,3,12,지상파,32,13.0,4,평일저녁,0,30,6.75
2039,판타지,5,28,케이블,16,56.5,3,평일심야,0,38,4.4
2040,사극,1,28,케이블,20,70.8,4,주말저녁,0,35,13.5
2041,로맨스,5,8,지상파,16,9.6,4,평일심야,1,29,6.81
2042,판타지,5,29,OTT,16,57.1,2,평일저녁,0,49,8.2
2043,코미디,1,24,지상파,12,33.7,2,평일심야,0,29,8.96
2044,로맨스,4,24,케이블,8,48.0,2,평일심야,0,25,8.45
2045,스릴러,2,10,지상파,8,22.4,1,평일심야,0,26,9.91
2046,스릴러,4,4,OTT,16,14.2,3,평일심야,0,49,6.42
2047,사극,3,22,지상파,20,97.2,4,주말저녁,0,24,15.06
2048,코미디,5,21,지상파,16,65.2,2,평일저녁,0,31,11.49
2049,의학,1,1,지상파,16,21.6,2,주말저녁,0,30,11.79
2050,코미디,3,14,OTT,12,44.6,4,주말저녁,0,39,10.05
2051,코미디,3,11,지상파,32,36.5,4,평일저녁,0,20,8.65
2052,코미디,3,21,지상파,12,83.6,4,주말저녁,0,23,12.47
2053,법정,5,4,지상파,16,49.4,3,주말저녁,0,45,7.87
2054,스릴러,4,21,OTT,12,33.2,4,주말저녁,0,22,9.74
2055,법정,5,28,OTT,12,95.7,1,주말저녁,0,25,8.31
2056,판타지,4,18,케이블,32,60.0,3,평일저녁,0,39,7.33
2057,사극,2,8,지상파,16,34.7,2,주말저녁,0,27,13.61
2058,스릴러,3,24,지상파,12,16.4,4,평일저녁,0,46,9.75
2059,사극,4,1,지상파,24,9.7,2,주말심야,0,33,7.65
2060,로맨스,5,25,지상파,12,25.9,4,주말저녁,0,37,11.08
2061,의학,3,26,지상파,16,32.6,2,주말저녁,0,48,15.01
2062,의학,2,12,케이블,16,38.2,1,평일저녁,0,50,11.39
2063,로맨스,3,21,케이블,16,86.0,4,주말저녁,0,27,12.73
2064,의학,3,11,OTT,16,16.0,4,평일저녁,1,28,6.23
2065,로맨스,5,1,케이블,16,87.8,3,주말저녁,0,49,6.86
2066,사극,1,7,OTT,32,12.6,3,주말심야,0,22,7.43
2067,의학,5,10,지상파,16,59.8,3,평일저녁,0,28,7.39
2068,법정,4,15,케이블,16,56.4,3,평일저녁,0,27,5.14
2069,의학,3,24,지상파,12,50.2,4,주말심야,0,28,11.52
2070,판타지,4,2,케이블,24,7.0,3,주말저녁,0,28,5.55
2071,의학,3,22,케이블,20,41.3,4,주말저녁,1,23,11.36
2072,코미디,2,19,OTT,24,14.3,1,평일저녁,0,32,9.74
2073,법정,3,1,OTT,24,57.1,1,평일심야,0,35,4.55
2074,법정,2,24,OTT,16,66.2,4,주말저녁,0,32,11.19
2075,법정,5,21,지상파,16,47.8,2,평일저녁,0,35,9.01
2076,스릴러,3,25,케이블,32,61.2,2,평일저녁,0,44,9.66
2077,스릴러,5,23,케이블,24,16.4,2,평일저녁,0,33,8.34
2078,법정,4,0,케이블,8,52.3,4,평일심야,0,45,6.06
2079,판타지,2,27,지상파,32,28.3,3,주말심야,0,32,12.38
2080,코미디,3,10,지상파,16,39.2,4,평일심야,0,30,10.44
2081,법정,5,24,OTT,20,89.1,1,평일저녁,0,24,11.14
2082,스릴러,1,17,지상파,32,74.9,4,주말저녁,0,21,13.24
2083,로맨스,1,20,OTT,20,17.5,4,주말심야,0,40,6.35
2084,스릴러,3,17,지상파,16,64.6,4,평일저녁,0,39,7.53
2085,로맨스,2,22,지상파,16,67.1,1,평일저녁,0,41,12.99
2086,판타지,5,30,지상파,8,35.2,2,평일저녁,0,34,7.97
2087,사극,2,23,케이블,12,52.5,4,주말저녁,0,30,11.69
2088,의학,1,1,지상파,8,56.9,4,평일심야,1,23,9.79
2089,스릴러,2,15,지상파,16,93.8,3,평일저녁,0,26,10.79
2090,사극,5,26,지상파,16,48.0,1,주말저녁,0,43,9.57
2091,의학,5,17,지상파,8,6.5,3,주말저녁,0,31,12.38
2092,스릴러,2,0,지상파,20,40.5,4,평일심야,1,24,6.68
2093,사극,3,15,케이블,8,28.1,2,평일저녁,0,45,11.55
2094,법정,4,9,지상파,20,79.0,4,평일저녁,0,21,6.73
2095,의학,3,22,케이블,24,73.3,3,주말저녁,0,28,11.15
2096,스릴러,2,23,OTT,16,49.3,3,주말저녁,0,44,11.86
2097,로맨스,2,27,지상파,12,41.7,3,평일저녁,0,21,9.55
2098,판타지,1,20,지상파,16,91.6,3,평일저녁,0,28,10.52
2099,코미디,2,19,지상파,8,76.1,1,평일저녁,0,45,10.91
2100,법정,1,4,OTT,24,70.6,2,평일심야,0,36,6.8
2101,코미디,5,26,케이블,20,52.5,4,평일심야,0,25,7.81
2102,법정,5,29,지상파,12,7.3,3,평일저녁,0,29,6.4
2103,사극,5,29,지상파,16,75.3,4,평일심야,0,41,10.12
2104,사극,1,3,지상파,12,51.7,1,주말저녁,0,24,12.38
2105,법정,4,17,OTT,24,44.4,2,평일심야,1,32,3.39
2106,로맨스,2,4,OTT,20,82.5,1,주말저녁,0,49,11.78
2107,로맨스,3,23,지상파,16,16.7,4,평일저녁,0,25,8.39
2108,법정,2,4,OTT,12,45.4,4,주말저녁,0,26,9.2
2109,사극,1,30,케이블,12,71.9,1,평일저녁,0,33,14.96
2110,사극,1,0,지상파,16,89.5,1,평일저녁,0,23,13.24
2111,판타지,3,3,OTT,12,74.4,1,평일저녁,0,47,10.17
2112,로맨스,3,21,OTT,24,81.8,3,주말심야,0,37,9.24
2113,사극,3,29,케이블,20,5.9,1,평일심야,0,24,7.07
2114,사극,4,1,지상파,16,61.0,1,주말심야,0,37,9.24
2115,의학,5,2,지상파,20,81.5,2,평일심야,0,34,6.77
2116,사극,2,2,케이블,24,96.0,4,평일저녁,0,31,10.38
2117,판타지,3,13,케이블,16,99.9,1,평일저녁,0,40,11.17
2118,법정,2,29,지상파,12,17.9,3,주말저녁,0,39,12.57
2119,사극,3,19,케이블,16,9.7,2,평일저녁,0,23,12.73
2120,의학,4,28,OTT,16,93.6,3,주말저녁,0,37,8.64
2121,법정,4,17,케이블,12,32.8,4,주말저녁,1,34,7.95
2122,스릴러,5,3,지상파,20,74.8,1,평일저녁,0,49,7.84
2123,판타지,1,17,케이블,20,91.0,3,주말저녁,0,38,13.27
2124,사극,2,18,지상파,16,23.7,1,평일저녁,0,22,14.66
2125,의학,3,28,케이블,16,21.3,4,평일저녁,0,24,8.99
2126,스릴러,1,0,지상파,20,16.0,1,주말저녁,0,47,9.73
2127,코미디,1,17,케이블,16,36.8,3,평일저녁,0,39,10.59
2128,법정,4,0,OTT,16,21.6,3,주말저녁,0,24,7.75
2129,로맨스,1,15,지상파,16,52.5,1,평일저녁,0,36,9.6
2130,판타지,3,18,지상파,12,20.9,3,평일저녁,0,46,10.39
2131,법정,5,16,케이블,16,94.7,4,평일심야,0,33,7.71
2132,판타지,5,12,케이블,16,70.5,1,평일저녁,0,43,8.85
2133,법정,2,27,케이블,32,81.7,3,평일저녁,0,27,10.45
2134,로맨스,4,5,지상파,32,27.1,1,주말저녁,0,45,11.63
2135,스릴러,1,12,케이블,20,31.9,3,평일저녁,0,21,7.05
2136,법정,2,26,케이블,16,58.5,2,평일심야,0,37,10.06
2137,사극,5,14,지상파,8,19.7,4,평일저녁,0,26,8.5
2138,판타지,1,4,OTT,32,38.7,4,평일저녁,1,29,9.39
2139,의학,4,11,OTT,8,84.4,2,평일저녁,0,49,7.19
2140,의학,2,23,지상파,16,52.3,1,평일저녁,0,28,12.69
2141,스릴러,4,28,지상파,24,31.0,4,평일저녁,0,45,9.64
2142,스릴러,1,17,지상파,20,76.0,1,평일저녁,0,50,12.76
2143,법정,3,0,케이블,24,24.4,1,평일심야,0,24,5.45
2144,스릴러,3,13,케이블,24,9.7,4,주말심야,0,44,8.39
2145,스릴러,4,5,OTT,16,42.7,1,평일저녁,1,41,6.44
2146,로맨스,2,13,지상파,12,62.1,4,평일심야,0,40,9.72
2147,스릴러,2,3,케이블,16,78.1,1,평일저녁,0,46,10.1
2148,판타지,1,1,지상파,8,11.6,4,평일심야,1,34,10.63
2149,코미디,2,24,케이블,8,48.7,2,주말저녁,0,45,9.26
2150,사극,2,16,지상파,24,53.1,1,주말저녁,0,29,13.8
2151,사극,3,16,OTT,20,64.8,3,주말저녁,0,42,9.55
2152,의학,5,2,케이블,16,63.2,2,평일저녁,0,42,6.87
2153,의학,4,13,OTT,16,47.5,4,주말저녁,0,21,8.59
2154,사극,2,5,지상파,20,83.2,3,주말심야,0,21,10.73
2155,사극,3,5,케이블,16,32.1,2,평일저녁,0,32,12.23
2156,의학,2,28,지상파,16,95.8,4,평일심야,0,23,9.61
2157,코미디,5,13,지상파,12,77.0,4,주말저녁,0,44,10.71
2158,로맨스,5,18,케이블,16,64.9,2,평일저녁,0,48,9.63
2159,법정,2,15,지상파,32,70.6,4,평일저녁,0,26,8.91
2160,스릴러,3,13,케이블,24,83.5,4,주말저녁,0,38,11.33
2161,판타지,3,4,OTT,16,5.1,1,주말저녁,1,42,7.52
2162,법정,2,1,지상파,16,32.9,4,평일저녁,0,46,9.71
2163,사극,4,11,지상파,16,98.6,2,평일저녁,0,20,12.98
2164,로맨스,4,26,케이블,8,7.2,1,주말저녁,1,47,6.81
2165,법정,2,15,OTT,20,13.7,2,주말저녁,0,48,9.01
2166,스릴러,2,8,OTT,24,80.7,1,평일심야,0,21,5.29
2167,스릴러,3,29,케이블,20,80.9,2,평일저녁,0,49,9.01
2168,스릴러,1,13,지상파,20,60.0,2,평일저녁,0,20,12.98
2169,판타지,4,3,케이블,16,85.5,2,주말심야,0,34,3.55
2170,스릴러,3,3,케이블,16,29.2,1,평일저녁,0,46,7.48
2171,법정,1,29,케이블,16,54.9,4,평일저녁,1,40,10.1
2172,사극,2,13,지상파,16,85.0,1,주말심야,0,39,11.88
2173,의학,3,6,케이블,8,17.1,4,평일저녁,0,49,10.24
2174,코미디,3,11,케이블,16,28.3,2,평일저녁,0,29,7.57
2175,판타지,4,28,케이블,12,88.6,3,주말저녁,0,50,10.08
2176,판타지,1,24,지상파,16,94.4,2,평일심야,0,35,10.11
2177,판타지,4,21,지상파,16,59.2,1,평일저녁,0,43,7.79
2178,의학,5,3,케이블,16,54.2,3,주말저녁,0,31,8.41
2179,스릴러,1,6,지상파,24,22.5,4,평일저녁,0,22,11.79
2180,스릴러,1,0,지상파,20,44.0,1,주말저녁,0,34,11.04
2181,법정,2,13,케이블,24,13.2,4,주말심야,0,32,5.51
2182,스릴러,3,7,OTT,20,15.8,2,평일심야,0,43,4.86
2183,코미디,1,17,OTT,20,30.0,3,평일저녁,0,23,9.83
2184,로맨스,3,29,OTT,20,60.5,3,주말저녁,0,49,10.72
2185,스릴러,2,16,지상파,24,59.3,3,평일저녁,0,42,9.88
2186,사극,2,29,OTT,12,50.3,2,주말저녁,0,47,12.29
2187,의학,3,7,케이블,16,13.7,1,평일저녁,0,25,8.95
2188,스릴러,5,6,케이블,16,87.7,4,평일심야,0,46,9.9
2189,스릴러,3,29,케이블,24,35.7,3,평일심야,0,26,6.75
2190,법정,3,27,케이블,12,21.7,4,주말저녁,0,32,11.41
2191,법정,1,13,OTT,16,67.5,2,주말심야,0,40,7.52
2192,판타지,3,14,지상파,24,69.2,1,주말심야,0,49,10.29
2193,사극,5,25,OTT,16,12.3,4,주말저녁,0,20,7.43
2194,코미디,5,5,케이블,16,37.9,3,주말저녁,0,23,8.18
2195,코미디,5,24,지상파,12,35.4,3,주말저녁,0,31,10.09
2196,스릴러,2,16,OTT,12,46.7,2,주말저녁,0,41,8.34
2197,판타지,1,4,지상파,8,61.9,2,주말저녁,0,24,11.18
2198,로맨스,4,12,OTT,16,32.6,4,주말저녁,0,49,6.98
2199,의학,5,17,지상파,16,29.4,4,평일저녁,0,30,8.7
2200,스릴러,2,10,지상파,16,84.1,2,주말심야,0,24,9.09
2201,판타지,2,10,케이블,16,26.9,4,평일저녁,1,24,9.44
2202,판타지,4,1,OTT,24,43.6,2,평일저녁,0,26,5.54
2203,판타지,3,9,케이블,16,41.7,3,평일저녁,0,39,6.35
2204,사극,1,11,지상파,24,94.7,3,평일심야,0,21,13.96
2205,로맨스,5,13,지상파,24,60.3,1,평일저녁,0,22,9.17
2206,코미디,2,7,케이블,12,32.5,1,평일심야,0,46,5.79
2207,로맨스,3,12,케이블,8,29.9,4,평일저녁,1,41,8.83
2208,의학,4,2,OTT,12,20.4,1,평일심야,1,33,3.6
2209,스릴러,4,29,OTT,16,35.7,3,평일심야,0,41,5.34
2210,코미디,1,8,지상파,16,35.0,4,주말저녁,0,32,12.03
2211,판타지,5,16,케이블,16,48.9,1,주말저녁,0,37,8.64
2212,로맨스,4,17,케이블,8,52.9,3,주말저녁,0,26,11.54
2213,코미디,5,8,케이블,16,60.1,4,평일저녁,0,40,6.44
2214,로맨스,4,30,OTT,24,21.5,3,평일저녁,0,46,4.76
2215,스릴러,5,27,OTT,12,81.3,4,평일저녁,0,24,8.98
2216,법정,3,18,케이블,16,62.3,2,평일저녁,0,42,10.05
2217,의학,5,10,케이블,8,28.8,3,평일저녁,0,20,9.2
2218,로맨스,4,3,지상파,20,40.6,2,주말저녁,0,48,10.48
2219,사극,3,22,케이블,20,58.5,4,평일저녁,0,23,10.49
2220,코미디,2,9,지상파,20,9.6,1,평일심야,0,23,7.92
2221,사극,2,27,케이블,32,25.4,3,주말심야,0,42,10.2
2222,판타지,4,26,지상파,12,28.8,3,평일저녁,0,34,7.71
2223,코미디,4,17,지상파,12,93.1,2,평일저녁,1,45,13.64
2224,의학,1,10,케이블,32,67.2,3,주말저녁,1,20,13.43
2225,의학,3,0,케이블,8,61.6,1,평일저녁,0,47,7.09
2226,코미디,5,15,케이블,20,11.1,4,평일심야,0,24,3.49
2227,로맨스,3,13,케이블,12,41.5,1,주말저녁,0,37,11.72
2228,스릴러,5,12,지상파,16,59.4,1,주말심야,0,26,10.18
2229,의학,1,28,OTT,12,23.7,4,주말저녁,0,24,10.7
2230,판타지,1,12,지상파,8,70.4,2,평일심야,0,38,7.73
2231,의학,5,29,지상파,16,38.0,3,평일심야,0,31,9.35
2232,사극,5,26,지상파,24,71.8,1,평일저녁,0,28,11.02
2233,코미디,4,7,지상파,16,75.7,4,평일심야,0,46,9.04
2234,코미디,2,3,지상파,32,71.3,3,평일저녁,0,33,9.42
2235,코미디,4,13,케이블,16,9.9,1,주말심야,0,29,7.1
2236,코미디,2,23,케이블,12,54.7,4,주말저녁,0,22,9.15
2237,로맨스,4,21,케이블,16,55.2,1,평일심야,0,34,4.1
2238,법정,3,27,케이블,8,64.9,4,주말심야,0,50,9.58
2239,코미디,3,25,케이블,16,13.5,3,주말저녁,0,37,11.48
2240,의학,3,25,지상파,16,44.6,4,평일심야,0,45,11.9
2241,의학,1,11,케이블,16,20.9,2,평일저녁,0,50,13.37
2242,스릴러,3,27,케이블,24,77.4,4,평일저녁,1,36,9.98
2243,로맨스,1,7,케이블,32,36.7,3,평일심야,0,48,6.49
2244,사극,2,16,지상파,12,52.6,1,평일저녁,0,21,13.62
2245,스릴러,2,26,케이블,12,70.2,1,평일심야,0,46,9.83
2246,사극,5,20,지상파,16,11.7,3,평일저녁,1,48,10.15
2247,로맨스,2,3,지상파,20,75.1,2,평일저녁,0,44,10.23
2248,코미디,3,28,케이블,24,60.4,4,주말저녁,0,43,9.78
2249,스릴러,3,1,OTT,20,96.4,2,주말저녁,0,31,8.41
2250,사극,4,27,케이블,16,59.6,4,평일저녁,1,26,4.85
2251,로맨스,5,20,지상파,24,77.2,1,평일심야,0,31,6.65
2252,코미디,1,12,지상파,8,94.5,4,주말저녁,0,23,12.14
2253,판타지,5,0,지상파,16,52.9,2,평일심야,0,44,8.19
2254,로맨스,3,14,지상파,12,45.4,4,주말저녁,0,31,11.28
2255,코미디,5,19,케이블,24,81.1,2,평일저녁,0,25,8.59
2256,스릴러,5,6,지상파,20,53.4,4,주말저녁,0,31,10.13
2257,스릴러,2,27,지상파,16,95.1,3,주말저녁,0,36,13.26
2258,코미디,4,8,지상파,24,80.1,1,평일저녁,0,23,9.39
2259,의학,2,21,지상파,16,66.1,1,주말심야,0,43,9.0
2260,의학,5,25,케이블,20,61.8,3,평일심야,0,45,5.89
2261,코미디,1,9,지상파,16,38.4,3,주말저녁,0,37,13.93
2262,스릴러,1,16,지상파,8,68.4,1,주말심야,0,42,9.86
2263,의학,4,6,지상파,24,47.5,1,주말저녁,0,37,8.35
2264,판타지,5,23,케이블,12,48.0,2,평일심야,0,31,8.25
2265,법정,5,28,케이블,16,80.1,2,주말심야,0,36,5.67
2266,스릴러,5,18,OTT,16,54.9,2,주말저녁,0,41,11.21
2267,법정,1,26,지상파,20,79.3,2,주말저녁,0,44,11.67
2268,법정,5,22,케이블,12,68.7,4,평일저녁,0,37,8.41
2269,판타지,5,9,지상파,8,56.2,2,평일심야,0,50,4.4
2270,코미디,4,17,OTT,16,87.4,1,주말저녁,0,45,7.34
2271,로맨스,5,14,지상파,12,71.4,4,주말저녁,0,39,10.28
2272,사극,1,30,지상파,16,69.2,2,주말저녁,0,24,15.1
2273,판타지,5,12,케이블,24,29.3,2,평일저녁,0,29,5.05
2274,판타지,1,21,케이블,16,41.0,3,주말저녁,0,43,10.87
2275,사극,2,13,케이블,16,36.8,2,평일심야,0,48,10.85
2276,로맨스,1,30,케이블,16,62.8,2,평일심야,0,38,8.92
2277,코미디,1,22,지상파,8,32.0,2,주말저녁,0,37,14.23
2278,코미디,2,11,OTT,12,17.6,3,평일심야,0,23,5.31
2279,로맨스,5,25,지상파,20,37.8,3,주말심야,0,42,6.41
2280,의학,4,15,지상파,24,47.8,3,평일심야,0,34,9.62
2281,코미디,2,25,지상파,16,15.5,2,주말저녁,0,36,10.26
2282,코미디,1,30,케이블,24,98.5,4,주말심야,0,38,9.33
2283,법정,2,23,케이블,12,25.6,3,주말심야,0,45,10.76
2284,스릴러,1,21,케이블,16,13.7,4,평일저녁,0,40,7.69
2285,법정,1,25,OTT,12,28.1,3,주말저녁,0,48,11.22
2286,스릴러,3,20,지상파,16,33.8,4,주말심야,0,47,7.8
2287,로맨스,5,26,케이블,16,84.8,3,평일저녁,0,49,8.2
2288,의학,5,17,지상파,16,14.8,3,주말저녁,0,29,10.15
2289,스릴러,5,18,지상파,12,58.4,1,주말저녁,0,40,12.61
2290,법정,1,14,지상파,8,65.0,1,평일저녁,0,21,12.71
2291,의학,2,18,지상파,8,13.7,2,주말저녁,0,41,12.17
2292,의학,4,26,지상파,12,80.7,2,주말저녁,0,30,12.7
2293,로맨스,5,8,OTT,16,43.8,4,주말저녁,0,21,8.4
2294,판타지,5,15,지상파,16,60.0,4,주말심야,0,22,9.32
2295,코미디,5,9,지상파,16,69.1,3,평일심야,0,29,5.43
2296,코미디,5,3,지상파,8,51.8,3,주말저녁,0,32,10.75
2297,코미디,2,24,케이블,16,95.5,3,주말저녁,0,20,11.23
2298,판타지,2,12,지상파,16,34.8,3,평일저녁,0,49,12.3
2299,스릴러,5,22,케이블,16,16.1,2,평일심야,0,31,5.34
2300,의학,2,0,지상파,20,60.9,2,평일저녁,0,28,10.42
2301,스릴러,2,30,케이블,24,75.1,4,주말저녁,0,49,9.8
2302,의학,3,13,지상파,16,49.7,3,평일심야,0,47,10.43
2303,법정,4,21,지상파,16,37.7,2,평일저녁,0,22,14.39
2304,스릴러,3,0,케이블,16,49.7,4,평일심야,0,26,8.43
2305,사극,2,15,OTT,16,33.5,4,주말저녁,1,32,12.9
2306,스릴러,5,10,지상파,16,55.3,1,주말저녁,0,43,8.12
2307,코미디,3,23,케이블,16,10.4,4,평일저녁,0,33,8.15
2308,사극,2,10,OTT,20,94.2,4,평일저녁,0,33,12.23
2309,스릴러,5,12,지상파,16,97.8,3,평일심야,0,46,9.45
2310,사극,1,11,OTT,8,61.6,3,평일심야,0,35,6.56
2311,사극,4,5,지상파,24,5.2,4,평일심야,0,45,5.49
2312,스릴러,2,15,지상파,12,85.2,3,평일심야,1,44,10.22
2313,의학,4,18,지상파,12,29.8,4,주말심야,0,45,6.59
2314,스릴러,4,21,OTT,16,51.2,2,주말저녁,0,46,9.72
2315,의학,2,5,지상파,32,7.3,1,주말심야,0,45,7.03
2316,판타지,2,0,케이블,20,71.0,3,주말심야,1,42,7.9
2317,의학,5,15,OTT,24,86.0,2,주말심야,0,45,9.38
2318,사극,1,17,지상파,8,10.2,1,주말심야,0,38,9.93
2319,사극,3,10,케이블,16,99.2,2,평일심야,0,39,8.62
2320,로맨스,2,11,OTT,16,84.5,3,평일저녁,1,46,5.96
2321,판타지,4,14,케이블,16,36.1,1,주말저녁,0,49,10.99
2322,의학,1,14,지상파,8,23.9,4,주말저녁,0,24,14.22
2323,판타지,3,30,케이블,12,53.3,3,주말심야,0,37,6.4
2324,코미디,1,28,지상파,12,90.2,3,주말저녁,0,46,11.17
2325,사극,5,27,OTT,20,78.6,1,주말저녁,0,48,10.37
2326,판타지,1,0,OTT,12,63.1,3,평일저녁,0,29,10.01
2327,스릴러,5,10,OTT,24,10.5,1,평일저녁,0,28,5.1
2328,법정,2,6,지상파,16,79.5,3,주말심야,0,44,12.36
2329,사극,1,22,OTT,8,84.3,2,평일저녁,0,25,13.98
2330,사극,5,8,OTT,16,59.5,1,평일심야,0,37,5.0
2331,코미디,3,11,OTT,8,23.8,2,평일저녁,0,31,7.5
2332,의학,3,3,지상파,24,9.0,1,주말저녁,0,21,10.24
2333,법정,1,7,지상파,16,67.3,4,평일심야,0,44,8.09
2334,스릴러,4,21,지상파,20,72.9,1,평일저녁,0,49,12.53
2335,의학,5,27,지상파,16,51.1,2,평일저녁,1,32,12.47
2336,판타지,3,16,케이블,24,87.0,2,평일심야,0,33,8.26
2337,의학,5,3,지상파,16,93.3,1,주말심야,1,26,8.04
2338,사극,2,22,지상파,16,59.0,1,평일저녁,0,43,13.93
2339,로맨스,5,11,OTT,8,25.5,1,주말저녁,0,44,8.83
2340,코미디,2,25,케이블,20,86.3,3,평일심야,0,40,10.6
2341,법정,4,17,케이블,24,15.5,2,주말저녁,0,29,12.26
2342,법정,4,30,지상파,12,32.3,4,주말심야,0,47,8.76
2343,사극,4,17,지상파,8,76.3,1,주말심야,0,20,11.0
2344,사극,4,7,지상파,8,88.4,2,평일심야,0,34,9.88
2345,로맨스,2,29,OTT,20,54.6,2,주말저녁,1,40,13.9
2346,의학,5,24,지상파,24,56.8,1,평일저녁,0,32,11.58
2347,로맨스,1,10,케이블,8,55.2,2,주말저녁,0,30,11.26
2348,법정,1,27,지상파,12,96.7,3,평일심야,0,30,9.59
2349,로맨스,5,30,지상파,20,96.0,3,주말심야,0,34,7.72
2350,로맨스,4,23,지상파,20,70.3,2,주말저녁,0,38,12.96
2351,법정,5,16,케이블,16,80.5,3,평일저녁,0,35,10.66
2352,사극,5,18,케이블,24,57.3,2,주말저녁,1,34,7.26
2353,법정,1,5,지상파,12,94.9,1,평일심야,1,26,11.08
2354,로맨스,3,26,케이블,20,12.4,1,주말저녁,1,49,7.59
2355,스릴러,1,29,OTT,16,55.8,4,평일심야,0,45,8.32
2356,판타지,3,14,케이블,16,72.9,4,주말저녁,0,23,11.15
2357,스릴러,3,25,지상파,16,53.9,2,주말심야,0,44,10.56
2358,로맨스,5,2,지상파,20,93.8,4,주말저녁,0,32,13.03
2359,판타지,5,19,케이블,32,98.3,1,평일저녁,0,49,10.2
2360,사극,3,27,케이블,16,37.0,3,평일심야,0,46,8.14
2361,스릴러,5,18,케이블,16,92.0,1,주말저녁,0,30,9.93
2362,의학,1,27,OTT,16,44.2,4,평일심야,0,47,7.91
2363,코미디,2,9,OTT,24,40.8,4,평일저녁,0,20,10.21
2364,스릴러,2,15,지상파,12,97.5,1,평일저녁,1,30,11.14
2365,로맨스,4,11,OTT,16,38.4,1,평일저녁,0,32,7.32
2366,로맨스,3,1,케이블,12,96.9,3,주말저녁,0,50,11.81
2367,판타지,3,21,지상파,12,33.3,3,평일심야,1,36,7.58
2368,판타지,4,2,OTT,16,22.4,1,평일저녁,0,30,7.07
2369,로맨스,4,4,지상파,16,32.9,3,주말심야,0,29,11.4
2370,사극,3,12,지상파,16,15.6,4,주말저녁,0,50,10.48
2371,판타지,5,30,지상파,16,91.4,2,주말저녁,0,43,12.44
2372,스릴러,5,6,케이블,16,61.1,1,주말저녁,0,37,10.6
2373,사극,3,6,OTT,16,48.9,4,평일저녁,0,45,9.14
2374,사극,2,22,지상파,8,85.8,4,평일저녁,0,23,12.01
2375,법정,4,2,OTT,16,13.8,2,평일저녁,1,48,8.32
2376,코미디,1,9,지상파,20,55.9,3,평일심야,0,20,10.96
2377,로맨스,3,28,케이블,12,41.3,2,평일심야,0,33,6.49
2378,의학,1,25,케이블,24,75.2,2,주말저녁,0,50,11.84
2379,법정,2,29,케이블,8,55.5,2,평일심야,0,26,11.49
2380,로맨스,3,19,케이블,12,96.8,3,주말심야,0,37,9.07
2381,사극,2,6,지상파,16,90.7,2,주말심야,1,28,10.35
2382,의학,1,12,OTT,20,45.3,2,평일심야,0,36,9.33
2383,코미디,2,13,지상파,8,36.4,2,평일저녁,0,29,10.42
2384,코미디,4,28,지상파,16,50.7,2,평일심야,0,43,7.08
2385,법정,4,2,지상파,16,22.2,1,주말저녁,0,33,9.75
2386,법정,5,3,지상파,20,6.1,2,평일심야,0,31,6.39
2387,의학,1,27,케이블,20,20.2,2,평일저녁,0,37,9.31
2388,의학,1,4,OTT,16,33.7,1,평일저녁,0,41,8.21
2389,의학,5,23,OTT,8,10.5,1,주말저녁,0,39,7.54
2390,사극,1,22,케이블,20,90.1,1,평일저녁,0,39,11.86
2391,코미디,1,28,지상파,16,76.9,2,평일저녁,0,42,12.9
2392,로맨스,1,14,케이블,8,10.5,2,주말저녁,1,27,10.54
2393,의학,4,14,케이블,16,9.9,1,평일저녁,1,36,10.19
2394,판타지,4,27,지상파,16,54.5,3,평일심야,0,50,6.77
2395,사극,5,9,지상파,16,28.5,4,주말심야,0,31,7.28
2396,코미디,2,15,지상파,16,62.2,3,주말저녁,1,37,12.58
2397,사극,1,7,케이블,16,97.4,2,평일저녁,1,34,8.0
2398,로맨스,1,20,케이블,16,99.3,1,주말심야,1,38,11.75
2399,의학,3,12,지상파,24,84.1,3,평일심야,0,35,4.78
2400,법정,1,21,지상파,16,34.9,4,평일저녁,1,29,11.1
2401,로맨스,2,25,케이블,20,21.1,2,평일저녁,0,30,8.4
2402,사극,3,24,케이블,24,86.6,3,주말저녁,0,37,12.25
2403,사극,3,15,케이블,12,70.5,1,평일심야,0,44,10.03
2404,의학,3,6,지상파,20,14.7,1,평일심야,0,26,9.58
2405,법정,5,3,지상파,16,85.2,1,주말저녁,0,42,11.04
2406,코미디,2,10,지상파,8,92.9,4,주말저녁,0,36,12.38
2407,사극,5,27,지상파,16,41.3,2,평일심야,0,20,10.15
2408,스릴러,5,21,OTT,16,36.7,4,주말저녁,0,40,9.85
2409,판타지,4,30,지상파,16,38.2,4,주말저녁,0,20,11.83
2410,법정,2,9,OTT,20,80.6,2,주말심야,0,40,10.42
2411,로맨스,2,26,지상파,20,12.0,4,평일심야,0,43,8.7
2412,로맨스,3,24,지상파,16,95.2,1,평일심야,0,26,11.7
2413,로맨스,2,27,지상파,16,23.3,1,주말저녁,0,46,11.49
2414,로맨스,4,19,OTT,12,80.9,1,주말저녁,1,32,10.73
2415,코미디,2,22,지상파,24,94.5,2,평일저녁,0,20,10.35
2416,사극,3,27,지상파,24,80.5,2,평일심야,0,37,10.15
2417,판타지,4,20,케이블,20,14.8,3,평일저녁,0,38,7.73
2418,사극,4,19,케이블,16,93.6,1,주말저녁,0,46,12.37
2419,로맨스,4,6,지상파,32,15.1,2,평일심야,0,29,5.91
2420,법정,5,0,OTT,12,92.1,1,주말저녁,0,40,10.94
2421,의학,4,27,지상파,32,50.3,3,평일심야,0,47,9.81
2422,스릴러,4,23,케이블,24,55.4,1,주말저녁,0,49,10.62
2423,의학,1,29,OTT,16,10.0,3,주말저녁,0,20,11.59
2424,사극,3,21,OTT,12,28.5,1,평일저녁,0,20,8.21
2425,코미디,1,14,지상파,16,21.9,4,평일저녁,0,40,12.43
2426,판타지,5,12,케이블,16,39.8,4,주말저녁,0,21,5.47
2427,판타지,2,0,케이블,20,69.2,3,주말심야,0,26,6.53
2428,로맨스,1,17,지상파,16,38.6,2,주말저녁,0,42,15.28
2429,코미디,3,0,지상파,16,80.8,2,주말저녁,0,25,11.56
2430,판타지,2,23,지상파,16,9.0,3,평일심야,0,38,7.94
2431,판타지,2,25,OTT,24,39.7,4,주말저녁,0,50,9.67
2432,코미디,5,12,케이블,16,48.4,2,주말저녁,0,43,6.9
2433,코미디,1,12,OTT,12,89.2,4,주말심야,0,42,7.71
2434,스릴러,2,27,지상파,8,19.4,2,평일저녁,0,36,10.11
2435,판타지,2,13,지상파,20,60.3,4,평일심야,0,36,11.71
2436,사극,1,18,OTT,16,75.1,4,평일저녁,0,42,14.36
2437,로맨스,2,23,케이블,16,31.8,1,주말저녁,1,26,11.17
2438,코미디,3,4,지상파,20,75.4,1,주말저녁,0,46,11.16
2439,의학,4,7,지상파,12,59.6,2,주말저녁,0,47,10.28
2440,판타지,2,17,케이블,20,50.5,3,평일심야,0,44,6.61
2441,로맨스,2,27,OTT,12,21.1,2,평일저녁,1,36,9.32
2442,코미디,2,9,케이블,24,22.2,2,평일저녁,0,20,6.95
2443,로맨스,3,1,지상파,12,20.4,3,평일심야,1,46,8.94
2444,의학,1,21,지상파,32,30.0,2,평일저녁,0,36,10.13
2445,의학,4,17,OTT,20,66.0,2,평일심야,1,45,9.31
2446,스릴러,2,4,OTT,8,72.9,3,평일저녁,0,48,8.63
2447,의학,5,11,케이블,24,66.9,4,평일저녁,0,35,8.36
2448,판타지,4,22,지상파,24,71.1,4,평일저녁,0,29,10.78
2449,의학,2,21,케이블,16,62.0,2,주말심야,0,46,11.56
2450,의학,1,29,지상파,16,91.7,2,평일저녁,0,43,13.28
2451,사극,3,23,지상파,12,53.3,2,평일저녁,0,45,12.49
2452,의학,3,13,지상파,24,74.4,4,평일저녁,0,44,11.24
2453,로맨스,2,3,지상파,20,78.3,2,평일저녁,0,32,9.83
2454,의학,3,12,케이블,32,87.0,2,평일저녁,0,35,8.44
2455,코미디,2,19,지상파,16,52.5,4,주말심야,0,39,9.96
2456,법정,5,23,지상파,20,98.6,4,평일저녁,1,34,11.97
2457,코미디,4,8,케이블,20,31.5,2,평일심야,1,31,3.13
2458,판타지,1,18,지상파,20,74.6,4,평일저녁,0,26,11.87
2459,의학,2,25,케이블,24,42.0,2,평일저녁,0,38,9.91
2460,코미디,4,1,케이블,24,14.7,2,평일저녁,0,38,8.01
2461,법정,5,16,지상파,12,61.0,2,평일저녁,0,47,6.92
2462,로맨스,1,23,지상파,16,15.8,3,주말저녁,0,38,12.68
2463,법정,2,7,OTT,8,99.2,2,평일심야,1,28,8.43
2464,로맨스,5,19,OTT,12,22.4,3,주말심야,0,29,7.22
2465,법정,1,29,지상파,16,33.6,1,평일저녁,0,32,11.73
2466,사극,5,11,OTT,12,44.7,4,주말심야,0,39,8.03
2467,사극,4,23,케이블,8,96.0,2,주말심야,0,33,10.2
2468,로맨스,5,24,지상파,16,78.3,3,평일저녁,0,32,13.59
2469,스릴러,5,1,지상파,12,9.8,1,평일저녁,0,35,7.43
2470,스릴러,1,29,케이블,12,93.1,1,평일심야,1,47,11.27
2471,판타지,3,24,지상파,12,41.0,3,평일저녁,0,38,9.98
2472,로맨스,5,16,케이블,16,78.5,1,평일저녁,1,30,7.26
2473,코미디,1,17,케이블,20,56.7,4,주말심야,0,24,8.94
2474,법정,5,0,케이블,8,89.8,4,평일저녁,0,24,10.13
2475,로맨스,4,0,지상파,16,32.7,3,평일저녁,0,20,10.39
2476,의학,5,1,케이블,16,42.9,2,평일저녁,0,36,8.0
2477,스릴러,4,5,OTT,8,49.9,3,주말저녁,0,46,9.9
2478,로맨스,3,3,OTT,16,40.6,1,평일저녁,1,35,7.87
2479,의학,2,15,OTT,16,56.9,2,평일심야,0,29,5.11
2480,코미디,1,2,OTT,32,39.0,2,주말저녁,0,31,7.38
2481,로맨스,4,21,지상파,24,20.4,2,평일저녁,0,45,10.79
2482,의학,4,10,지상파,8,35.5,4,평일저녁,0,24,8.87
2483,코미디,2,12,지상파,24,52.6,4,평일저녁,0,36,9.8
2484,코미디,2,29,지상파,20,52.7,2,주말저녁,1,22,14.41
2485,로맨스,1,19,OTT,12,74.9,4,평일심야,0,36,5.52
2486,판타지,3,18,케이블,20,7.1,1,주말심야,0,47,7.48
2487,판타지,3,2,OTT,12,99.6,3,평일저녁,0,47,8.32
2488,의학,1,3,케이블,16,38.6,3,주말저녁,0,31,12.14
2489,로맨스,1,26,케이블,16,54.4,3,주말저녁,0,37,13.62
2490,사극,1,12,OTT,16,97.1,4,평일저녁,0,24,14.53
2491,스릴러,1,6,OTT,8,33.5,4,주말저녁,0,41,9.61
2492,로맨스,4,20,케이블,24,49.3,4,평일저녁,0,27,9.98
2493,법정,2,27,케이블,8,73.1,1,평일심야,0,43,8.13
2494,법정,5,27,OTT,24,61.5,4,평일저녁,0,29,8.18
2495,사극,1,2,OTT,16,29.6,1,주말저녁,1,20,12.69
2496,의학,3,11,지상파,24,19.2,4,평일심야,0,39,7.53
2497,의학,5,10,OTT,20,71.4,1,평일심야,1,31,4.85
2498,스릴러,1,20,지상파,24,14.7,1,평일심야,0,31,8.34
2499,의학,5,1,케이블,20,96.4,4,평일심야,0,22,5.77
2500,법정,5,28,케이블,16,49.4,1,주말심야,1,47,8.05
2501,코미디,3,12,OTT,16,31.5,2,주말심야,0,23,6.98
2502,로맨스,4,18,지상파,16,61.5,4,평일심야,0,28,7.81
2503,코미디,5,17,케이블,16,74.1,1,평일심야,0,44,8.7
2504,판타지,4,30,지상파,24,31.8,3,평일저녁,0,41,7.86
2505,사극,2,8,지상파,20,21.1,4,주말심야,0,38,14.33
2506,판타지,4,30,지상파,8,41.7,4,주말저녁,1,30,11.08
2507,스릴러,5,16,OTT,20,37.2,3,평일심야,1,38,3.56
2508,법정,3,19,케이블,16,59.2,2,평일저녁,0,37,11.65
2509,판타지,2,16,지상파,12,66.1,2,평일저녁,0,24,9.53
2510,의학,1,12,지상파,16,32.8,2,주말저녁,0,48,14.31
2511,의학,4,7,OTT,16,12.2,4,주말심야,0,25,6.78
2512,의학,2,17,지상파,16,89.6,4,평일심야,0,44,8.58
2513,로맨스,5,13,케이블,16,24.2,3,평일저녁,0,24,5.95
2514,스릴러,2,1,지상파,20,28.9,3,주말저녁,1,37,12.01
2515,사극,2,4,케이블,20,30.3,2,평일심야,0,39,5.02
2516,코미디,1,5,케이블,12,35.0,4,평일저녁,0,43,12.88
2517,법정,2,15,케이블,12,47.7,2,평일저녁,0,37,11.71
2518,코미디,4,16,케이블,16,48.0,3,평일저녁,1,42,10.61
2519,의학,1,14,지상파,16,7.5,4,평일저녁,0,37,12.52
2520,법정,2,11,지상파,12,80.4,1,주말심야,0,43,11.45
2521,의학,3,29,지상파,20,52.3,3,평일심야,0,31,11.09
2522,법정,5,8,지상파,20,18.5,3,평일저녁,0,49,8.15
2523,코미디,2,19,지상파,24,58.3,1,평일심야,0,23,11.84
2524,코미디,3,3,케이블,16,23.9,3,평일저녁,0,39,9.18
2525,의학,3,3,OTT,16,77.5,1,주말심야,0,36,9.26
2526,코미디,3,30,지상파,20,39.9,2,평일심야,0,30,12.72
2527,법정,2,9,케이블,8,24.5,2,주말저녁,0,49,9.61
2528,판타지,3,21,지상파,16,95.4,4,평일저녁,0,33,9.23
2529,사극,1,27,지상파,24,50.1,3,주말저녁,0,47,15.12
2530,로맨스,1,10,OTT,20,50.9,2,주말심야,0,29,12.09
2531,법정,5,4,지상파,16,65.1,2,평일저녁,1,25,9.19
2532,코미디,2,21,지상파,32,13.3,1,주말저녁,0,28,13.3
2533,스릴러,2,1,케이블,8,99.8,4,평일저녁,0,28,7.81
2534,코미디,5,15,지상파,16,48.3,2,주말저녁,0,26,9.04
2535,판타지,1,2,케이블,8,54.6,3,주말저녁,0,35,7.72
2536,사극,1,23,지상파,12,75.9,3,평일저녁,0,39,14.45
2537,법정,5,12,지상파,20,16.3,3,주말저녁,0,28,7.29
2538,코미디,4,24,OTT,24,53.8,1,평일심야,0,21,6.99
2539,법정,3,3,지상파,8,83.2,1,주말저녁,0,29,10.38
2540,스릴러,5,8,지상파,16,42.9,3,주말저녁,0,30,9.48
2541,로맨스,3,16,OTT,16,51.2,3,평일저녁,0,48,9.3
2542,의학,1,1,지상파,24,59.0,1,주말저녁,0,36,10.71
2543,사극,1,2,케이블,16,35.4,1,평일저녁,0,20,11.51
2544,사극,4,24,OTT,24,87.9,2,평일저녁,0,24,8.68
2545,코미디,3,27,지상파,16,14.6,3,평일저녁,0,48,9.39
2546,코미디,1,16,케이블,12,32.6,1,평일저녁,1,36,7.13
2547,의학,4,15,케이블,16,69.6,2,평일심야,0,24,7.72
2548,판타지,2,25,지상파,16,20.0,3,평일심야,0,35,8.88
2549,판타지,3,8,케이블,12,24.0,4,평일저녁,0,25,7.1
2550,법정,2,19,OTT,8,31.5,2,주말저녁,0,42,10.5
2551,로맨스,4,20,지상파,20,67.7,4,평일저녁,0,30,6.71
2552,로맨스,2,23,케이블,8,54.9,3,주말저녁,0,27,15.93
2553,스릴러,5,12,지상파,8,49.2,4,주말심야,1,22,7.81
2554,의학,2,6,OTT,24,21.7,1,주말저녁,0,30,10.87
2555,판타지,1,5,OTT,12,8.3,4,주말저녁,0,30,7.31
2556,사극,5,21,케이블,24,51.4,1,주말저녁,0,42,11.73
2557,의학,2,3,케이블,12,40.8,3,평일저녁,0,21,9.48
2558,판타지,2,7,지상파,16,62.0,3,평일심야,0,33,10.27
2559,사극,3,16,지상파,8,61.7,3,주말저녁,0,39,14.19
2560,로맨스,5,15,지상파,16,30.8,2,평일저녁,0,35,9.42
2561,로맨스,1,27,케이블,24,17.4,2,평일저녁,0,44,10.48
2562,의학,2,9,지상파,20,14.3,2,평일저녁,1,35,6.38
2563,판타지,1,4,OTT,16,19.5,1,평일저녁,0,46,8.44
2564,로맨스,3,3,지상파,8,76.7,2,주말저녁,0,49,11.5
2565,판타지,3,1,OTT,12,29.0,4,주말저녁,0,49,9.36
2566,법정,1,14,지상파,16,31.6,4,평일저녁,0,30,14.37
2567,로맨스,5,9,케이블,16,60.1,4,평일저녁,1,41,7.5
2568,판타지,3,11,지상파,20,60.2,4,평일저녁,0,43,9.07
2569,법정,5,4,OTT,32,86.4,2,주말저녁,0,43,8.07
2570,코미디,2,14,지상파,16,84.8,1,주말저녁,0,43,12.76
2571,판타지,4,23,케이블,16,55.8,4,평일심야,0,24,5.22
2572,법정,1,30,케이블,16,48.6,4,주말저녁,0,49,11.5
2573,의학,4,11,케이블,20,79.2,2,주말저녁,0,38,12.95
2574,코미디,2,19,지상파,16,54.2,3,평일심야,1,31,11.4
2575,스릴러,4,13,케이블,12,51.6,1,평일저녁,1,50,8.08
2576,코미디,5,30,OTT,16,30.4,3,평일저녁,1,22,6.22
2577,의학,4,29,지상파,24,15.3,2,평일저녁,1,20,6.17
2578,코미디,2,18,케이블,8,85.0,4,평일저녁,0,21,14.08
2579,사극,2,7,OTT,32,10.3,1,주말저녁,0,40,10.64
2580,로맨스,1,1,케이블,8,87.8,1,평일저녁,0,22,10.8
2581,의학,3,23,케이블,24,64.8,4,평일심야,0,45,7.64
2582,법정,5,8,지상파,32,13.5,4,평일저녁,0,43,9.27
2583,코미디,3,29,케이블,8,17.5,4,주말심야,0,28,7.63
2584,코미디,4,8,케이블,16,77.3,4,평일저녁,0,35,8.49
2585,판타지,1,3,지상파,16,44.4,4,주말저녁,1,48,10.61
2586,판타지,4,14,지상파,20,86.5,2,주말저녁,0,36,9.87
2587,판타지,4,1,지상파,12,57.1,1,평일저녁,1,49,9.58
2588,로맨스,5,20,지상파,12,71.6,1,주말저녁,0,43,10.49
2589,로맨스,2,19,케이블,16,66.1,2,주말저녁,0,33,10.17
2590,사극,3,2,OTT,16,8.7,2,평일심야,0,29,5.19
2591,법정,1,6,케이블,16,74.3,2,평일저녁,0,49,8.92
2592,스릴러,2,19,케이블,24,31.3,4,주말심야,0,23,6.19
2593,판타지,5,13,지상파,16,28.1,4,평일저녁,0,42,7.52
2594,코미디,4,4,케이블,24,19.9,3,주말저녁,0,30,6.43
2595,법정,3,25,케이블,16,36.2,1,주말심야,0,38,9.45
2596,법정,2,2,케이블,12,67.2,1,평일저녁,0,36,7.72
2597,로맨스,3,28,지상파,16,54.7,3,평일저녁,0,32,10.93
2598,로맨스,5,26,지상파,16,42.3,2,주말저녁,0,48,10.09
2599,판타지,2,7,지상파,16,78.1,4,주말저녁,0,37,12.6
2600,판타지,3,11,지상파,12,6.1,3,평일저녁,0,39,6.55
2601,코미디,1,24,지상파,16,26.6,4,주말심야,1,32,8.32
2602,스릴러,4,3,지상파,16,8.0,3,주말저녁,1,41,9.8
2603,의학,2,8,지상파,16,7.6,1,평일저녁,0,42,8.63
2604,로맨스,5,29,지상파,16,9.8,3,주말저녁,0,24,11.37
2605,의학,4,13,케이블,16,95.7,2,주말저녁,0,32,6.2
2606,로맨스,3,18,지상파,24,99.0,2,평일저녁,0,49,9.62
2607,코미디,1,21,지상파,16,65.5,3,평일심야,0,20,9.09
2608,코미디,2,9,케이블,16,66.4,3,평일저녁,0,27,7.97
2609,법정,1,0,케이블,24,12.9,3,주말심야,0,29,5.27
2610,의학,4,7,지상파,16,45.9,2,평일심야,0,41,8.96
2611,사극,3,3,케이블,24,5.6,4,평일저녁,0,24,5.1
2612,법정,5,22,케이블,16,6.6,3,주말심야,0,44,8.39
2613,의학,2,23,지상파,12,69.3,4,주말저녁,0,31,11.75
2614,판타지,5,0,지상파,16,51.6,4,평일저녁,1,46,8.39
2615,스릴러,3,15,케이블,8,58.2,3,주말저녁,1,36,7.54
2616,로맨스,1,23,케이블,20,15.4,4,평일저녁,0,50,11.59
2617,의학,1,5,OTT,16,39.3,3,주말심야,0,34,8.34
2618,의학,1,7,OTT,8,70.6,4,주말심야,0,39,9.66
2619,코미디,1,5,케이블,16,24.3,2,평일저녁,1,45,8.57
2620,코미디,3,30,케이블,16,16.8,3,평일저녁,0,45,7.97
2621,판타지,1,6,OTT,16,96.4,1,주말저녁,0,35,10.88
2622,사극,2,6,지상파,16,48.7,2,평일저녁,0,29,12.28
2623,로맨스,5,9,케이블,16,80.8,2,평일심야,0,45,8.12
2624,스릴러,2,12,OTT,12,26.2,3,평일저녁,0,25,7.6
2625,의학,5,26,케이블,20,62.7,1,평일저녁,0,36,9.18
2626,의학,1,5,케이블,8,56.2,1,주말저녁,0,41,14.88
2627,스릴러,2,1,지상파,24,26.1,1,주말저녁,0,27,12.12
2628,판타지,5,21,케이블,16,45.2,2,주말저녁,0,36,7.02
2629,사극,1,3,지상파,16,25.2,4,평일심야,0,40,9.71
2630,사극,4,20,케이블,20,24.0,3,평일심야,0,29,9.43
2631,코미디,5,16,지상파,16,75.7,1,주말저녁,0,45,7.34
2632,로맨스,1,18,OTT,16,16.2,1,평일저녁,0,31,7.61
2633,로맨스,2,26,지상파,12,47.2,2,평일심야,1,43,8.37
2634,코미디,4,6,지상파,16,91.4,1,주말저녁,0,48,10.68
2635,로맨스,1,6,지상파,16,86.8,2,주말저녁,0,35,10.93
2636,로맨스,4,9,지상파,8,71.7,1,주말저녁,0,45,11.14
2637,사극,1,12,지상파,12,33.3,4,평일저녁,0,24,10.9
2638,코미디,1,8,OTT,24,53.4,4,주말저녁,0,35,7.04
2639,스릴러,5,7,케이블,16,86.5,3,주말저녁,0,50,8.61
2640,사극,5,3,지상파,12,53.7,2,주말심야,0,34,9.55
2641,로맨스,2,5,지상파,8,13.8,2,평일저녁,0,25,10.24
2642,의학,4,20,케이블,8,72.7,2,평일저녁,0,42,10.49
2643,의학,1,30,지상파,20,95.8,1,주말심야,0,25,13.13
2644,의학,1,22,지상파,24,46.9,2,주말심야,0,29,10.35
2645,사극,2,14,OTT,16,88.0,2,평일저녁,0,23,13.05
2646,사극,1,12,OTT,24,27.3,4,평일저녁,0,49,7.91
2647,스릴러,5,19,지상파,12,5.3,4,평일저녁,0,38,5.91
2648,법정,2,16,지상파,12,53.6,1,주말심야,0,32,10.49
2649,로맨스,4,9,지상파,24,59.5,2,주말저녁,1,36,13.08
2650,코미디,3,25,지상파,12,85.6,4,주말저녁,0,23,11.4
2651,코미디,3,17,케이블,16,78.6,2,평일저녁,0,49,10.69
2652,판타지,2,3,OTT,24,62.9,3,평일심야,0,46,5.86
2653,판타지,5,4,지상파,32,5.9,2,평일저녁,0,49,5.75
2654,판타지,5,16,지상파,16,24.2,3,주말저녁,0,45,10.87
2655,스릴러,1,21,OTT,20,39.0,1,평일저녁,0,50,11.27
2656,로맨스,3,12,케이블,24,30.7,4,주말저녁,0,34,7.66
2657,사극,5,13,케이블,16,77.9,3,평일심야,0,39,6.85
2658,코미디,5,28,케이블,20,7.6,1,평일저녁,0,30,8.63
2659,의학,5,1,케이블,16,56.0,1,평일저녁,0,39,6.78
2660,사극,4,17,지상파,12,22.0,4,주말심야,1,48,10.1
2661,코미디,1,5,지상파,12,49.7,4,평일심야,0,24,10.12
2662,사극,3,11,케이블,8,23.5,3,평일저녁,1,21,7.43
2663,법정,2,13,OTT,16,52.0,4,평일심야,0,25,7.87
2664,로맨스,2,10,지상파,20,41.2,1,평일저녁,0,49,12.41
2665,스릴러,1,20,케이블,16,22.0,4,평일심야,0,42,8.49
2666,코미디,5,2,지상파,20,12.8,2,주말저녁,1,30,7.82
2667,사극,2,20,지상파,12,8.8,4,평일저녁,0,50,9.65
2668,사극,5,26,OTT,24,79.3,1,평일저녁,0,43,11.87
2669,코미디,1,25,케이블,8,34.0,3,평일저녁,0,50,11.53
2670,법정,1,20,지상파,8,92.2,1,평일저녁,0,40,12.99
2671,로맨스,2,8,케이블,32,31.2,3,평일심야,0,31,8.37
2672,의학,5,18,케이블,24,73.5,3,평일심야,0,37,5.89
2673,사극,1,28,케이블,16,61.8,4,평일심야,0,37,14.19
2674,사극,5,19,케이블,16,42.0,2,평일저녁,0,32,8.55
2675,사극,2,21,OTT,16,53.4,4,평일심야,0,46,10.1
2676,로맨스,3,26,지상파,32,71.6,4,주말심야,1,37,11.98
2677,사극,3,30,OTT,8,66.6,4,주말저녁,0,35,11.31
2678,로맨스,2,26,케이블,24,71.0,2,평일저녁,0,27,11.4
2679,판타지,1,20,지상파,20,18.0,4,주말저녁,0,49,10.32
2680,법정,5,19,OTT,16,95.2,1,주말심야,0,31,7.13
2681,법정,4,14,OTT,32,75.2,2,주말저녁,0,49,11.25
2682,판타지,5,8,케이블,12,54.9,1,평일심야,0,32,6.5
2683,로맨스,1,17,케이블,16,93.3,1,주말심야,0,37,11.57
2684,의학,5,23,지상파,16,97.0,3,주말저녁,0,35,13.62
2685,법정,3,19,지상파,24,80.2,3,평일심야,0,27,9.37
2686,스릴러,1,4,OTT,20,53.5,2,주말저녁,1,35,9.91
2687,스릴러,5,30,지상파,8,36.2,1,평일저녁,0,40,10.92
2688,법정,3,18,지상파,24,74.7,2,주말저녁,0,50,12.69
2689,판타지,2,29,OTT,32,34.3,4,평일심야,0,32,5.32
2690,법정,3,4,케이블,16,41.5,2,주말저녁,0,27,9.02
2691,코미디,3,25,지상파,20,41.0,2,주말저녁,0,30,12.93
2692,사극,3,25,지상파,24,21.1,4,평일심야,0,24,9.98
2693,의학,1,27,지상파,16,24.0,4,주말저녁,0,29,13.96
2694,로맨스,3,7,지상파,16,59.1,2,평일저녁,0,36,6.8
2695,사극,1,24,지상파,16,56.4,1,평일저녁,1,44,11.85
2696,법정,4,29,OTT,20,8.5,1,주말저녁,0,49,7.03
2697,코미디,2,28,지상파,8,48.2,1,주말저녁,0,47,11.61
2698,스릴러,2,18,케이블,16,26.8,3,평일저녁,0,36,13.53
2699,로맨스,4,17,케이블,20,76.3,4,주말심야,0,25,7.97
2700,의학,1,18,OTT,16,97.8,2,평일심야,0,28,7.83
2701,의학,1,30,지상파,8,41.8,1,평일저녁,0,48,13.62
2702,법정,3,29,케이블,8,66.5,1,평일심야,0,27,8.96
2703,판타지,4,5,케이블,16,33.4,3,평일저녁,0,28,6.52
2704,의학,5,20,케이블,24,24.4,4,주말심야,0,41,7.05
2705,의학,3,29,지상파,8,53.4,1,평일심야,0,32,11.05
2706,코미디,1,18,OTT,20,93.4,1,평일심야,0,50,10.96
2707,의학,3,27,지상파,12,83.8,1,평일저녁,0,21,11.41
2708,스릴러,4,1,OTT,8,28.9,4,주말심야,0,38,4.58
2709,로맨스,1,17,지상파,32,45.7,2,평일심야,0,22,13.91
2710,판타지,1,3,케이블,16,84.2,3,주말저녁,0,30,8.99
2711,판타지,5,10,OTT,16,58.0,4,평일저녁,1,25,4.15
2712,스릴러,5,6,지상파,12,62.1,2,평일저녁,0,41,7.99
2713,판타지,1,11,케이블,24,14.5,1,평일심야,0,21,8.38
2714,법정,5,5,케이블,12,12.7,2,평일저녁,0,46,5.91
2715,스릴러,4,6,지상파,12,91.6,1,평일저녁,0,30,10.75
2716,사극,3,1,케이블,24,13.1,4,평일저녁,0,46,9.81
2717,법정,2,28,지상파,16,50.5,2,평일저녁,0,45,11.67
2718,로맨스,2,25,지상파,20,7.8,3,주말저녁,0,40,12.59
2719,코미디,5,4,케이블,20,26.5,1,주말저녁,0,37,7.36
2720,의학,2,25,지상파,20,18.7,3,평일저녁,0,38,10.97
2721,사극,3,23,OTT,12,36.7,4,평일저녁,0,42,9.26
2722,사극,1,12,지상파,16,92.5,4,주말저녁,0,48,16.55
2723,의학,1,18,지상파,16,44.8,1,주말저녁,0,31,12.58
2724,판타지,2,20,OTT,24,52.5,4,평일저녁,0,47,6.57
2725,판타지,2,7,지상파,16,77.6,2,평일심야,0,36,7.08
2726,사극,2,25,케이블,16,7.4,4,주말저녁,0,42,11.61
2727,사극,5,2,케이블,24,75.3,4,주말저녁,0,32,7.91
2728,사극,3,27,지상파,12,92.6,3,주말저녁,0,47,14.54
2729,스릴러,5,24,지상파,8,40.8,4,평일심야,0,39,9.64
2730,코미디,1,26,지상파,24,85.7,2,평일저녁,0,48,13.79
2731,판타지,2,18,OTT,16,14.2,2,주말저녁,0,23,6.81
2732,의학,3,5,케이블,8,72.8,2,평일심야,1,40,7.77
2733,법정,3,22,OTT,16,58.2,2,평일심야,1,48,8.13
2734,코미디,2,22,OTT,24,36.6,4,평일저녁,0,38,5.09
2735,의학,1,28,지상파,16,11.8,4,평일저녁,0,24,13.66
2736,판타지,2,5,OTT,16,10.5,2,주말심야,1,39,5.29
2737,판타지,5,4,케이블,16,38.7,1,평일저녁,0,48,4.0
2738,로맨스,1,9,OTT,20,83.4,3,평일저녁,0,26,10.86
2739,코미디,3,28,케이블,16,75.3,3,평일저녁,0,27,10.72
2740,의학,2,19,지상파,16,74.3,3,평일심야,1,31,9.88
2741,스릴러,5,21,OTT,8,57.9,2,평일저녁,0,29,9.87
2742,코미디,3,15,지상파,8,10.8,4,평일저녁,0,24,10.66
2743,의학,1,11,지상파,16,95.6,2,주말심야,0,46,11.59
2744,사극,4,28,지상파,16,16.0,4,주말저녁,0,37,9.62
2745,법정,3,12,지상파,24,30.6,4,주말저녁,0,44,10.13
2746,의학,2,22,케이블,12,94.7,2,평일저녁,1,21,12.85
2747,로맨스,1,5,지상파,24,29.9,4,주말저녁,1,33,11.01
2748,법정,1,30,케이블,16,17.5,1,주말저녁,0,37,10.99
2749,법정,4,0,지상파,24,91.6,1,평일심야,1,31,4.91
2750,스릴러,2,30,지상파,16,85.4,1,평일심야,1,39,14.15
2751,법정,3,7,OTT,12,21.2,1,평일저녁,0,48,9.13
2752,판타지,1,26,지상파,16,35.1,1,주말저녁,0,36,13.86
2753,로맨스,2,15,케이블,16,86.4,2,주말저녁,0,24,11.91
2754,판타지,2,5,지상파,24,41.6,3,평일심야,0,26,7.23
2755,코미디,2,12,케이블,16,92.0,1,평일심야,1,32,7.34
2756,법정,3,5,케이블,8,45.6,3,평일심야,0,46,8.66
2757,로맨스,5,27,지상파,24,27.2,3,평일저녁,0,35,7.43
2758,코미디,1,14,지상파,32,58.9,3,평일저녁,0,26,11.2
2759,의학,5,22,OTT,16,10.6,3,주말저녁,0,43,9.73
2760,스릴러,3,9,지상파,16,48.3,1,평일저녁,0,20,11.56
2761,의학,5,8,지상파,16,75.2,3,평일심야,0,26,8.74
2762,판타지,5,14,케이블,8,70.0,3,주말저녁,0,22,10.57
2763,사극,2,11,케이블,20,36.4,2,평일심야,0,28,6.76
2764,법정,5,24,OTT,32,40.8,3,주말저녁,0,37,7.39
2765,로맨스,4,30,OTT,8,36.2,2,평일저녁,0,34,8.68
2766,법정,1,13,OTT,20,87.2,3,주말저녁,0,24,9.75
2767,법정,2,21,OTT,20,51.0,1,주말저녁,0,30,11.34
2768,코미디,1,20,지상파,16,21.1,4,평일심야,0,27,11.25
2769,로맨스,5,9,케이블,20,49.0,3,평일저녁,0,31,10.38
2770,로맨스,2,23,지상파,20,19.0,3,평일저녁,0,43,9.12
2771,사극,4,21,케이블,20,52.3,1,주말저녁,0,27,8.06
2772,로맨스,4,16,케이블,24,28.7,2,평일저녁,0,25,10.97
2773,법정,5,22,케이블,16,94.5,1,주말저녁,0,48,9.92
2774,스릴러,1,17,OTT,16,25.8,3,평일저녁,1,47,12.81
2775,의학,3,27,케이블,16,84.0,1,평일심야,0,36,11.37
2776,의학,3,20,지상파,16,6.4,3,평일저녁,0,41,11.88
2777,판타지,4,16,지상파,16,7.5,4,주말저녁,0,37,11.05
2778,법정,2,5,케이블,24,95.8,2,평일심야,1,27,5.09
2779,의학,3,16,OTT,24,39.2,4,주말저녁,0,21,11.02
2780,판타지,3,6,지상파,12,16.0,2,평일저녁,0,50,7.18
2781,의학,2,28,케이블,16,88.1,4,평일저녁,0,50,8.67
2782,코미디,2,19,케이블,24,29.1,1,평일저녁,0,21,9.83
2783,의학,2,10,케이블,32,38.9,1,주말저녁,1,46,11.84
2784,판타지,1,9,OTT,8,47.1,1,평일저녁,0,39,7.8
2785,판타지,5,29,지상파,32,93.5,2,평일저녁,1,50,8.77
2786,스릴러,1,15,케이블,20,67.9,4,평일저녁,0,40,9.07
2787,코미디,1,14,케이블,16,79.6,3,주말심야,0,31,11.43
2788,의학,5,11,케이블,16,72.7,3,평일심야,0,38,7.74
2789,코미디,5,1,지상파,24,56.8,2,평일저녁,0,28,9.24
2790,법정,5,16,케이블,16,16.7,2,평일심야,0,37,7.77
2791,사극,3,8,지상파,12,50.5,1,평일심야,1,30,9.43
2792,판타지,1,26,케이블,8,19.7,4,평일저녁,0,28,11.88
2793,코미디,5,19,케이블,16,33.2,1,주말저녁,0,25,9.56
2794,로맨스,5,23,지상파,16,35.7,2,평일저녁,0,21,9.17
2795,로맨스,3,14,지상파,12,98.4,4,주말심야,1,32,7.1
2796,법정,1,12,케이블,16,89.1,3,주말저녁,0,33,11.8
2797,코미디,3,25,지상파,8,83.0,4,평일심야,0,44,12.6
2798,스릴러,3,28,지상파,20,91.0,2,평일저녁,0,45,11.31
2799,코미디,3,0,지상파,12,70.6,4,주말저녁,0,34,9.89
2800,스릴러,5,19,OTT,16,27.7,3,주말저녁,0,29,8.85
2801,법정,2,26,지상파,16,21.6,1,평일저녁,0,45,11.56
2802,사극,1,1,지상파,16,99.6,1,주말저녁,0,22,12.11
2803,의학,4,12,케이블,12,32.6,2,평일저녁,1,48,9.43
2804,의학,1,11,케이블,24,56.9,1,주말저녁,0,30,11.81
2805,판타지,1,22,지상파,16,85.9,1,평일저녁,0,46,13.51
2806,판타지,1,5,지상파,20,99.2,1,평일저녁,0,37,9.28
2807,코미디,3,9,케이블,16,15.6,4,평일저녁,0,26,6.93
2808,스릴러,4,1,지상파,16,75.5,3,주말저녁,0,20,10.02
2809,의학,5,2,OTT,16,37.7,3,주말심야,0,39,4.32
2810,법정,2,10,지상파,24,68.0,1,평일심야,0,21,10.19
2811,코미디,1,4,OTT,12,61.8,4,평일저녁,0,28,9.64
2812,의학,5,5,지상파,12,41.5,1,평일심야,0,42,6.65
2813,코미디,3,14,지상파,12,82.7,2,평일저녁,1,29,10.93
2814,코미디,4,2,케이블,32,15.9,1,주말저녁,0,27,7.22
2815,법정,4,22,OTT,12,37.4,3,평일저녁,0,35,5.75
2816,의학,5,24,지상파,16,55.7,4,평일저녁,1,39,12.61
2817,스릴러,4,5,케이블,24,76.1,2,평일저녁,1,46,11.94
2818,코미디,1,22,지상파,12,73.2,4,주말심야,0,34,10.74
2819,사극,4,30,케이블,20,68.0,4,주말저녁,0,28,9.09
2820,의학,2,15,지상파,8,73.9,1,주말저녁,0,48,14.2
2821,법정,5,9,케이블,16,39.8,3,평일저녁,0,23,7.3
2822,스릴러,4,5,케이블,16,21.6,1,평일심야,1,47,6.3
2823,코미디,4,25,지상파,12,16.2,2,평일저녁,0,28,8.54
2824,로맨스,2,22,지상파,12,11.5,3,평일심야,0,50,7.22
2825,판타지,1,30,지상파,12,12.9,4,평일저녁,0,34,10.71
2826,의학,2,10,지상파,16,81.4,1,평일저녁,0,48,12.05
2827,코미디,4,24,케이블,12,18.9,1,주말저녁,0,32,10.72
2828,사극,3,8,지상파,24,84.6,1,주말저녁,0,29,13.48
2829,로맨스,4,8,OTT,16,92.8,2,평일저녁,1,47,7.67
2830,법정,1,15,지상파,24,21.8,2,평일저녁,1,45,12.05
2831,법정,1,13,케이블,16,36.8,2,평일심야,0,47,9.53
2832,코미디,4,1,지상파,24,33.5,4,평일저녁,0,41,9.89
2833,사극,4,9,케이블,12,57.3,2,평일저녁,0,37,10.8
2834,코미디,4,23,지상파,8,70.4,1,평일저녁,0,26,13.18
2835,로맨스,5,29,케이블,16,70.2,2,평일저녁,0,34,7.73
2836,법정,1,22,지상파,20,99.7,2,평일저녁,1,49,13.68
2837,스릴러,2,22,지상파,12,64.5,2,주말저녁,0,26,11.8
2838,의학,4,3,지상파,16,55.8,3,주말심야,0,46,9.79
2839,스릴러,1,24,지상파,16,27.5,4,평일심야,1,38,8.97
2840,사극,2,2,지상파,12,23.0,3,주말저녁,0,37,9.65
2841,판타지,2,1,케이블,16,26.5,1,평일심야,0,35,8.08
2842,코미디,5,8,케이블,16,49.5,1,평일심야,0,25,6.71
2843,로맨스,5,25,지상파,24,76.8,2,주말저녁,0,39,6.62
2844,스릴러,1,0,지상파,16,67.0,4,평일저녁,0,37,13.6
2845,사극,5,6,케이블,12,66.2,4,평일저녁,0,35,8.94
2846,로맨스,2,26,케이블,16,7.7,1,주말저녁,0,30,12.69
2847,법정,3,1,지상파,12,93.0,3,주말저녁,0,33,11.19
2848,코미디,4,29,OTT,12,76.0,2,평일심야,0,43,7.92
2849,코미디,2,3,케이블,24,94.4,1,평일저녁,0,25,9.67
2850,의학,1,30,케이블,20,80.0,4,주말저녁,1,28,13.8
2851,스릴러,1,25,케이블,20,30.9,4,주말저녁,0,50,9.9
2852,사극,2,10,케이블,16,90.8,4,평일저녁,0,50,11.67
2853,스릴러,2,28,케이블,16,98.8,3,주말저녁,0,36,13.09
2854,사극,4,12,지상파,8,8.3,3,주말저녁,0,43,12.56
2855,사극,4,13,지상파,24,7.3,2,주말저녁,0,47,13.13
2856,코미디,2,3,케이블,8,23.3,3,주말저녁,0,32,10.43
2857,로맨스,2,26,지상파,24,54.2,2,평일저녁,0,23,9.58
2858,스릴러,4,19,지상파,16,80.2,2,평일저녁,1,42,11.54
2859,사극,3,10,OTT,8,81.8,1,평일저녁,1,26,7.93
2860,코미디,3,30,케이블,16,75.9,4,주말저녁,1,22,9.19
2861,사극,5,7,지상파,16,86.7,3,주말저녁,1,21,11.61
2862,법정,3,20,케이블,16,23.2,3,평일저녁,0,41,10.47
2863,로맨스,3,3,케이블,16,92.5,4,평일심야,0,42,6.55
2864,로맨스,5,0,지상파,16,59.6,4,평일저녁,0,31,9.51
2865,코미디,3,30,지상파,32,56.8,2,평일심야,0,22,9.07
2866,로맨스,3,21,OTT,8,95.0,2,평일저녁,0,28,11.5
2867,코미디,5,14,OTT,20,60.9,2,주말저녁,0,28,8.92
2868,로맨스,1,4,케이블,12,25.5,1,주말저녁,0,50,12.5
2869,판타지,4,30,지상파,12,59.0,1,평일저녁,1,20,7.41
2870,코미디,4,24,OTT,24,46.2,3,주말저녁,0,33,8.46
2871,코미디,3,3,OTT,20,17.1,1,주말저녁,0,30,7.78
2872,의학,1,0,케이블,16,32.2,3,주말저녁,1,50,8.64
2873,스릴러,1,26,케이블,12,34.5,4,평일저녁,0,49,12.43
2874,로맨스,5,27,지상파,8,8.0,2,주말저녁,1,22,9.46
2875,법정,5,22,OTT,24,31.5,2,주말심야,0,26,4.45
2876,코미디,4,26,지상파,24,48.3,1,평일저녁,0,33,12.36
2877,의학,5,9,지상파,16,91.1,1,주말저녁,1,47,9.44
2878,코미디,1,18,지상파,20,89.0,2,평일심야,0,32,9.2
2879,의학,4,28,지상파,16,74.5,4,평일저녁,0,45,9.34
2880,스릴러,2,15,케이블,24,38.6,4,평일심야,0,50,5.49
2881,로맨스,5,20,케이블,8,97.2,2,평일저녁,0,23,9.69
2882,로맨스,4,28,OTT,12,52.1,4,주말저녁,0,30,8.4
2883,로맨스,5,28,지상파,8,40.6,4,평일저녁,1,33,7.83
2884,스릴러,1,14,지상파,20,52.7,1,평일저녁,0,44,14.87
2885,법정,4,24,지상파,32,66.3,4,평일심야,0,32,9.17
2886,사극,1,6,지상파,20,8.4,3,평일저녁,0,33,13.37
2887,법정,4,2,지상파,8,89.8,4,평일심야,0,28,8.58
2888,코미디,2,1,케이블,16,39.8,3,평일저녁,0,45,10.07
2889,의학,5,0,지상파,16,86.2,1,주말심야,0,47,7.8
2890,스릴러,1,25,케이블,16,47.5,1,평일심야,0,22,7.82
2891,스릴러,3,16,케이블,12,63.8,2,주말저녁,1,26,10.29
2892,의학,4,10,지상파,32,57.9,4,평일저녁,0,42,8.25
2893,코미디,2,0,지상파,16,77.0,2,평일심야,0,40,6.9
2894,코미디,2,16,케이블,16,16.2,1,평일저녁,0,25,9.32
2895,스릴러,1,20,케이블,20,36.0,4,평일심야,0,40,11.04
2896,사극,4,10,케이블,32,79.8,4,주말저녁,0,24,8.84
2897,사극,2,3,케이블,8,5.6,2,평일저녁,0,26,9.24
2898,스릴러,3,9,케이블,12,62.1,3,주말저녁,1,27,8.13
2899,로맨스,1,0,지상파,24,69.5,2,주말심야,0,23,10.45
2900,로맨스,5,19,OTT,8,30.4,3,평일저녁,0,36,6.47
2901,의학,3,13,케이블,16,12.9,2,주말저녁,0,32,11.29
2902,코미디,5,21,OTT,16,87.4,2,평일저녁,0,50,6.0
2903,사극,2,4,케이블,16,10.0,1,평일저녁,0,37,8.22
2904,로맨스,4,25,지상파,16,95.5,4,주말심야,0,35,8.28
2905,로맨스,4,13,지상파,8,61.4,4,주말저녁,0,28,12.38
2906,의학,1,21,OTT,12,87.8,3,평일저녁,0,27,11.63
2907,스릴러,1,4,케이블,20,24.2,3,평일저녁,1,34,10.21
2908,스릴러,5,23,지상파,12,58.9,4,평일심야,0,20,9.72
2909,사극,3,8,케이블,12,86.1,3,주말저녁,0,37,13.03
2910,의학,2,28,지상파,32,79.7,2,평일저녁,0,48,11.92
2911,사극,5,17,지상파,8,60.9,3,평일저녁,0,32,13.89
2912,의학,4,30,지상파,32,24.2,1,평일심야,0,49,8.84
2913,법정,3,12,케이블,16,18.2,4,평일저녁,0,21,9.22
2914,사극,1,17,OTT,24,41.6,2,평일심야,0,28,6.43
2915,로맨스,3,17,케이블,16,83.6,3,주말심야,0,31,7.38
2916,법정,5,15,케이블,24,80.6,3,평일저녁,0,44,8.86
2917,스릴러,2,11,지상파,12,41.0,4,평일심야,0,44,8.94
2918,법정,5,25,지상파,12,68.4,2,평일저녁,0,31,9.41
2919,법정,4,13,케이블,16,98.2,2,평일저녁,0,31,8.2
2920,판타지,5,4,케이블,20,91.4,4,평일저녁,1,45,4.64
2921,판타지,1,3,케이블,24,64.4,2,주말저녁,0,48,12.9
2922,판타지,5,16,케이블,16,46.7,1,평일저녁,0,48,6.17
2923,법정,4,18,OTT,16,69.1,1,평일심야,0,24,7.87
2924,판타지,2,30,케이블,12,16.1,4,주말저녁,1,24,10.43
2925,법정,2,6,지상파,16,68.5,3,평일심야,0,42,8.93
2926,판타지,3,21,케이블,20,88.9,4,평일저녁,0,20,9.03
2927,판타지,2,28,지상파,16,98.5,3,평일저녁,0,20,10.79
2928,판타지,5,2,OTT,24,86.5,2,주말저녁,0,42,5.06
2929,사극,1,19,케이블,16,95.7,1,주말심야,0,33,11.0
2930,사극,5,9,지상파,12,29.8,2,평일저녁,0,38,10.7
2931,사극,2,17,지상파,32,59.4,3,평일저녁,0,28,10.74
2932,의학,3,16,지상파,24,11.5,2,평일심야,0,31,6.09
2933,법정,4,0,케이블,16,27.7,1,주말심야,0,38,8.91
2934,로맨스,3,12,지상파,20,64.1,2,평일저녁,0,30,9.85
2935,스릴러,3,22,케이블,12,65.2,3,평일저녁,0,49,10.25
2936,법정,5,27,케이블,24,15.1,4,평일저녁,0,45,9.24
2937,로맨스,2,30,OTT,8,8.5,1,평일저녁,0,39,5.11
2938,스릴러,2,20,케이블,32,11.7,2,평일심야,0,20,3.86
2939,로맨스,4,4,케이블,16,36.5,4,주말저녁,1,29,10.13
2940,의학,3,19,지상파,20,42.1,1,평일심야,0,23,12.73
2941,법정,2,7,지상파,16,71.4,4,평일저녁,0,34,9.64
2942,코미디,3,12,케이블,20,73.2,3,평일저녁,0,47,9.29
2943,법정,2,11,지상파,12,32.4,3,평일저녁,0,42,9.43
2944,코미디,1,1,지상파,16,11.8,1,평일저녁,0,28,12.62
2945,로맨스,3,9,지상파,20,35.9,1,평일저녁,0,40,11.97
2946,사극,4,20,지상파,24,94.9,1,평일저녁,0,22,12.21
2947,사극,1,17,케이블,16,77.1,2,평일저녁,0,44,14.35
2948,코미디,1,15,지상파,16,30.1,2,주말저녁,0,48,10.42
2949,법정,5,26,지상파,16,38.1,2,평일저녁,0,28,9.32
2950,판타지,4,28,케이블,16,30.8,4,평일저녁,0,48,7.35
2951,코미디,1,28,케이블,8,81.6,4,평일저녁,0,37,10.96
2952,로맨스,2,29,케이블,24,53.6,2,평일심야,0,45,9.14
2953,코미디,3,26,케이블,24,58.2,2,주말저녁,0,23,9.5
2954,판타지,2,30,지상파,16,62.6,4,주말저녁,0,32,12.54
2955,법정,4,10,지상파,16,19.3,2,평일저녁,0,31,13.83
2956,의학,4,25,지상파,8,44.0,1,주말저녁,0,45,12.71
2957,로맨스,1,17,케이블,16,8.9,1,평일저녁,1,36,9.3
2958,사극,1,20,케이블,8,29.4,2,주말저녁,0,39,14.21
2959,코미디,5,21,OTT,24,31.4,2,평일저녁,0,32,8.73
2960,로맨스,2,4,케이블,16,76.5,3,주말심야,0,50,9.93
2961,사극,1,19,지상파,20,39.5,1,주말저녁,0,25,16.11
2962,코미디,3,13,케이블,24,41.2,3,주말저녁,0,39,9.58
2963,의학,1,1,지상파,16,23.9,3,주말저녁,0,22,12.34
2964,로맨스,5,23,지상파,20,14.8,2,주말저녁,0,41,13.09
2965,스릴러,2,22,지상파,16,93.6,3,평일저녁,0,43,14.59
2966,로맨스,3,5,케이블,20,79.9,4,평일저녁,0,36,8.18
2967,로맨스,2,5,OTT,12,50.9,1,평일저녁,0,31,8.24
2968,사극,3,12,케이블,24,50.8,4,평일심야,1,45,5.6
2969,사극,5,6,지상파,24,25.6,3,평일저녁,0,49,10.87
2970,코미디,4,20,지상파,8,18.9,1,평일저녁,0,38,9.89
2971,스릴러,4,13,케이블,20,29.9,3,평일저녁,0,35,9.2
2972,코미디,5,21,지상파,16,24.5,1,평일심야,0,37,7.43
2973,의학,5,16,케이블,8,88.7,1,주말저녁,1,30,9.7
2974,판타지,2,11,케이블,20,33.6,2,주말저녁,0,50,10.66
2975,법정,2,4,케이블,16,62.3,4,평일저녁,0,42,8.44
2976,사극,4,30,지상파,20,41.2,4,평일심야,0,45,11.21
2977,사극,4,14,OTT,16,5.5,1,평일저녁,0,25,6.57
2978,코미디,1,14,지상파,16,82.9,2,주말저녁,0,27,11.62
2979,사극,4,14,지상파,12,93.6,4,평일저녁,0,36,11.4
2980,스릴러,2,29,케이블,16,42.2,4,주말심야,0,40,8.47
2981,의학,2,7,지상파,16,29.0,2,주말심야,0,41,8.09
2982,판타지,5,30,케이블,16,62.4,2,주말심야,0,34,7.58
2983,코미디,1,5,OTT,16,86.5,4,평일심야,0,30,7.05
2984,판타지,3,15,OTT,16,81.9,1,주말저녁,0,25,9.19
2985,의학,4,20,지상파,16,44.9,3,주말심야,0,36,8.08
2986,판타지,4,19,지상파,8,93.6,1,평일저녁,0,39,10.78
2987,판타지,2,7,지상파,12,95.0,3,평일심야,0,22,7.85
2988,의학,3,10,OTT,16,87.6,1,평일저녁,0,32,12.14
2989,판타지,3,0,케이블,20,6.1,2,주말저녁,1,23,6.97
2990,법정,5,3,지상파,32,91.5,4,평일저녁,0,46,9.67
2991,사극,2,4,케이블,24,83.1,3,평일저녁,0,31,5.95
2992,사극,2,20,케이블,16,10.0,1,평일저녁,0,47,11.58
2993,로맨스,1,6,케이블,12,57.8,3,평일저녁,0,35,10.94
2994,사극,1,25,지상파,20,10.7,3,평일심야,0,26,11.09
2995,코미디,3,13,지상파,12,34.6,2,평일저녁,0,24,10.2
2996,의학,2,13,케이블,16,38.4,2,평일심야,0,48,8.06
2997,의학,1,28,지상파,16,48.1,2,주말저녁,0,38,15.4
2998,코미디,3,19,지상파,20,77.3,3,주말저녁,0,42,11.22
2999,스릴러,2,25,케이블,16,98.7,3,주말저녁,0,29,6.6
3000,코미디,4,13,지상파,20,56.8,4,평일저녁,0,24,6.47
3001,의학,1,9,OTT,12,99.2,1,주말저녁,0,43,12.14
3002,판타지,4,3,OTT,20,54.3,3,주말심야,0,21,4.2
3003,의학,5,4,지상파,32,49.3,1,주말저녁,0,29,8.15
3004,판타지,1,8,지상파,32,41.2,3,평일심야,0,45,9.64
3005,의학,2,14,지상파,16,97.7,4,주말저녁,0,50,13.57
3006,법정,3,14,케이블,24,98.2,2,주말심야,0,39,7.84
3007,코미디,3,24,OTT,12,83.8,1,평일심야,0,23,7.55
3008,코미디,3,9,지상파,20,7.3,4,평일저녁,1,28,8.03
3009,법정,2,28,케이블,16,33.2,3,주말저녁,0,39,10.17
3010,코미디,1,6,OTT,12,9.9,2,평일저녁,0,33,9.51
3011,로맨스,1,30,케이블,16,87.6,4,평일저녁,1,50,11.6
3012,코미디,2,6,지상파,32,42.3,1,평일심야,0,38,9.43
3013,코미디,4,1,지상파,12,27.8,2,주말저녁,0,41,8.22
3014,스릴러,1,1,지상파,16,12.3,4,주말저녁,0,34,8.02
3015,의학,2,27,지상파,16,66.0,4,평일심야,0,22,7.54
3016,스릴러,1,28,지상파,8,27.8,1,평일저녁,1,34,11.36
3017,법정,1,3,OTT,32,20.3,1,평일저녁,0,36,9.46
3018,로맨스,4,30,케이블,24,49.8,2,주말저녁,0,39,8.4
3019,법정,5,23,지상파,24,82.2,1,평일심야,0,41,9.79
3020,의학,5,23,케이블,16,22.9,2,평일저녁,1,42,6.01
3021,코미디,2,15,OTT,12,12.4,1,주말저녁,0,26,7.76
3022,로맨스,2,15,지상파,24,97.9,3,주말심야,0,47,8.99
3023,코미디,2,25,케이블,16,17.1,3,주말저녁,0,20,12.71
3024,스릴러,1,30,OTT,16,51.7,4,주말저녁,0,36,12.18
3025,판타지,3,4,OTT,8,70.5,3,평일저녁,0,39,10.54
3026,스릴러,5,23,케이블,24,21.3,4,평일저녁,0,30,5.62
3027,판타지,5,12,지상파,24,56.4,4,평일심야,0,41,8.23
3028,의학,1,17,OTT,8,93.2,1,평일저녁,0,48,13.6
3029,판타지,1,8,케이블,20,46.1,3,평일저녁,0,21,7.92
3030,판타지,3,5,케이블,16,11.7,2,주말저녁,0,47,7.97
3031,판타지,4,21,케이블,24,41.6,4,평일심야,1,42,5.59
3032,법정,3,22,케이블,16,75.3,1,주말저녁,0,21,13.31
3033,법정,1,5,지상파,12,70.1,4,주말저녁,0,48,13.25
3034,사극,2,12,지상파,32,10.2,1,평일저녁,0,33,12.22
3035,코미디,2,28,케이블,20,63.1,2,주말저녁,0,21,13.12
3036,로맨스,3,2,지상파,8,40.8,4,평일심야,0,27,8.5
3037,로맨스,1,17,지상파,12,85.8,2,주말저녁,0,44,12.94
3038,사극,2,11,지상파,24,60.0,4,평일심야,0,37,10.86
3039,사극,4,22,OTT,8,33.0,3,평일저녁,1,23,6.74
3040,판타지,5,18,케이블,24,21.6,3,평일저녁,0,38,4.61
3041,코미디,2,28,OTT,20,90.4,4,주말저녁,0,38,14.83
3042,로맨스,4,9,케이블,24,19.3,4,주말저녁,1,22,8.17
3043,코미디,2,3,지상파,8,84.1,3,주말저녁,0,48,10.08
3044,법정,1,25,지상파,20,96.8,1,평일심야,0,36,13.28
3045,사극,5,10,지상파,8,87.5,4,평일심야,0,48,7.89
3046,의학,1,16,케이블,32,98.1,2,평일저녁,0,38,9.79
3047,로맨스,4,13,케이블,8,10.7,2,평일저녁,1,33,6.34
3048,코미디,2,27,케이블,16,93.4,4,주말저녁,0,28,12.67
3049,법정,3,8,지상파,12,41.7,1,평일저녁,0,20,12.92
3050,판타지,5,2,지상파,12,57.3,4,주말저녁,0,45,10.1
3051,의학,3,22,지상파,8,24.5,4,주말심야,0,38,10.51
3052,사극,2,25,케이블,24,64.1,2,주말저녁,0,22,13.94
3053,판타지,5,13,OTT,16,80.1,3,주말저녁,0,36,9.75
3054,판타지,3,16,케이블,16,91.0,2,평일저녁,0,45,10.25
3055,사극,4,20,OTT,8,64.2,2,평일저녁,0,47,8.82
3056,코미디,5,19,지상파,20,79.6,4,주말심야,1,24,8.26
3057,스릴러,3,29,지상파,20,73.4,1,주말저녁,0,43,12.77
3058,로맨스,2,3,지상파,32,64.8,4,평일저녁,0,45,9.47
3059,로맨스,3,1,지상파,8,66.8,1,주말저녁,0,28,12.16
3060,사극,3,18,케이블,8,22.3,2,평일저녁,0,29,7.17
3061,판타지,1,1,OTT,16,20.1,1,주말저녁,0,24,4.43
3062,의학,2,13,지상파,16,30.5,1,평일저녁,0,22,9.66
3063,법정,3,12,지상파,24,50.5,1,주말저녁,0,40,11.9
3064,판타지,1,10,지상파,12,75.2,2,주말심야,0,46,11.72
3065,판타지,3,23,지상파,16,72.0,2,평일저녁,0,30,8.29
3066,로맨스,2,22,케이블,24,72.6,3,평일저녁,0,21,13.38
3067,사극,4,11,OTT,16,16.4,4,주말저녁,0,49,8.86
3068,의학,4,16,OTT,20,95.9,1,주말저녁,0,37,9.54
3069,코미디,1,23,지상파,32,63.2,2,평일심야,0,28,10.99
3070,판타지,5,5,케이블,24,94.9,1,평일심야,0,32,5.99
3071,판타지,4,25,지상파,12,87.8,1,평일저녁,0,26,11.52
3072,로맨스,4,21,지상파,20,86.0,1,평일심야,1,42,6.07
3073,판타지,2,3,OTT,16,80.0,4,주말저녁,0,40,11.34
3074,코미디,3,6,지상파,8,45.9,4,주말저녁,0,30,10.08
3075,법정,3,10,지상파,8,56.2,3,평일저녁,0,40,10.78
3076,판타지,5,18,지상파,32,92.1,1,주말저녁,0,47,9.78
3077,코미디,4,29,OTT,12,26.1,4,평일저녁,0,50,7.71
3078,법정,2,26,OTT,12,51.0,4,주말저녁,1,31,11.29
3079,의학,4,10,케이블,12,87.3,4,평일저녁,0,47,7.22
3080,판타지,4,15,OTT,32,56.5,1,평일저녁,0,47,8.1
3081,코미디,5,30,OTT,8,29.0,3,주말심야,0,27,6.91
3082,판타지,1,28,지상파,24,89.2,2,주말저녁,1,27,8.92
3083,판타지,5,11,지상파,8,57.3,4,평일저녁,1,21,9.19
3084,판타지,3,18,케이블,16,92.8,4,평일저녁,0,30,7.29
3085,사극,2,29,지상파,16,25.3,1,평일저녁,0,43,15.05
3086,의학,2,9,OTT,20,25.5,1,평일저녁,0,40,9.02
3087,코미디,1,28,OTT,12,48.3,3,평일저녁,0,27,10.5
3088,의학,3,18,지상파,12,91.2,2,평일심야,0,20,12.01
3089,로맨스,2,10,OTT,24,80.9,4,주말저녁,0,45,10.77
3090,스릴러,4,18,케이블,16,83.6,1,주말저녁,1,24,12.68
3091,사극,5,30,케이블,16,53.6,2,평일심야,0,42,10.09
3092,코미디,2,7,OTT,32,88.4,3,평일저녁,0,20,10.21
3093,의학,1,14,케이블,20,7.4,2,평일저녁,0,30,12.13
3094,로맨스,5,18,지상파,20,11.6,4,평일심야,0,34,8.03
3095,법정,1,29,OTT,24,62.9,3,평일저녁,0,31,8.45
3096,사극,4,20,케이블,16,53.2,3,주말저녁,0,25,11.97
3097,판타지,3,2,케이블,32,40.9,3,평일저녁,0,37,7.37
3098,스릴러,4,15,OTT,20,45.6,1,평일심야,1,33,3.02
3099,사극,4,5,지상파,16,52.5,4,평일저녁,0,42,10.16
3100,코미디,1,4,케이블,16,69.3,2,주말저녁,0,47,11.57
3101,스릴러,1,12,OTT,20,37.2,1,평일저녁,0,38,7.29
3102,스릴러,3,6,지상파,20,14.3,2,주말심야,0,25,11.01
3103,판타지,1,16,케이블,8,17.4,3,주말저녁,0,34,10.42
3104,스릴러,1,21,지상파,16,94.6,4,주말저녁,0,26,13.52
3105,로맨스,5,27,지상파,12,62.6,1,평일저녁,0,39,9.23
3106,코미디,1,7,OTT,24,37.2,2,평일저녁,0,49,9.24
3107,코미디,5,11,OTT,16,37.9,4,평일심야,0,20,3.84
3108,로맨스,3,23,지상파,16,34.4,4,주말저녁,0,24,12.21
3109,의학,4,26,지상파,8,21.7,2,평일저녁,1,47,7.39
3110,판타지,1,26,OTT,32,45.1,2,평일심야,0,23,6.91
3111,코미디,1,27,지상파,16,71.3,1,평일저녁,1,39,13.01
3112,사극,2,21,OTT,12,23.3,1,주말저녁,0,50,11.71
3113,스릴러,1,9,지상파,16,71.6,2,주말심야,1,40,10.82
3114,로맨스,5,10,OTT,16,27.5,2,주말심야,0,40,5.7
3115,의학,4,18,지상파,12,52.6,4,평일저녁,1,41,7.55
3116,스릴러,4,9,지상파,16,7.0,2,평일저녁,0,44,10.43
3117,의학,3,9,케이블,24,18.6,2,주말저녁,0,24,7.78
3118,코미디,2,4,OTT,20,44.3,2,평일저녁,1,40,6.74
3119,사극,1,17,지상파,24,83.1,1,주말저녁,0,35,14.73
3120,사극,1,0,지상파,32,15.8,1,평일심야,0,28,9.3
3121,판타지,5,30,OTT,8,64.3,1,평일저녁,0,41,5.39
3122,코미디,2,21,OTT,20,66.1,2,평일저녁,0,29,8.1
3123,판타지,5,3,지상파,16,69.3,4,주말저녁,0,41,7.47
3124,의학,5,27,케이블,20,84.7,3,평일저녁,0,34,10.41
3125,판타지,4,23,OTT,16,72.6,4,주말저녁,1,31,8.48
3126,로맨스,1,16,지상파,16,48.8,4,평일저녁,0,23,12.32
3127,스릴러,1,11,지상파,16,49.9,2,평일심야,0,34,12.21
3128,사극,1,0,OTT,16,82.5,2,주말심야,0,32,7.73
3129,법정,3,23,케이블,16,85.2,3,주말저녁,0,21,11.88
3130,로맨스,4,15,지상파,16,47.3,2,평일저녁,1,28,9.22
3131,사극,1,2,케이블,12,69.7,1,평일저녁,0,49,7.88
3132,판타지,2,3,케이블,16,32.5,4,평일심야,1,34,5.46
3133,법정,1,22,케이블,16,74.1,2,주말저녁,0,36,11.14
3134,로맨스,5,18,OTT,12,32.2,2,주말저녁,0,29,9.05
3135,스릴러,5,19,케이블,16,83.1,2,평일저녁,0,27,10.38
3136,로맨스,2,24,OTT,8,88.1,3,평일저녁,0,38,9.36
3137,판타지,5,18,지상파,16,72.8,3,주말심야,0,27,8.46
3138,법정,2,8,지상파,24,62.7,4,평일저녁,0,37,11.44
3139,로맨스,2,20,지상파,24,14.4,2,주말저녁,1,43,11.26
3140,의학,2,11,지상파,24,39.5,2,주말저녁,0,25,11.84
3141,의학,4,22,케이블,20,52.2,3,주말저녁,0,23,14.47
3142,의학,2,25,지상파,8,33.0,1,주말심야,0,27,12.58
3143,법정,3,22,OTT,20,84.7,4,주말저녁,1,32,10.63
3144,의학,5,21,지상파,16,11.5,2,평일저녁,0,21,8.34
3145,스릴러,4,30,지상파,24,41.8,3,평일저녁,1,49,9.61
3146,스릴러,1,17,지상파,8,42.5,4,평일저녁,0,20,11.67
3147,사극,4,10,지상파,24,56.4,2,주말저녁,0,31,8.29
3148,판타지,5,22,지상파,16,18.3,2,평일저녁,0,21,11.1
3149,로맨스,1,20,지상파,12,20.8,2,주말저녁,0,33,11.48
3150,의학,4,28,OTT,16,91.9,2,주말심야,1,23,8.45
3151,의학,1,12,케이블,8,37.9,1,주말저녁,1,41,15.66
3152,법정,4,20,OTT,24,54.3,2,평일저녁,1,22,6.85
3153,사극,3,14,케이블,16,87.2,3,평일저녁,0,20,8.28
3154,코미디,5,30,지상파,16,47.3,4,주말저녁,0,22,12.14
3155,의학,3,21,케이블,32,97.1,3,주말저녁,0,47,13.96
3156,판타지,4,11,지상파,16,17.7,1,주말저녁,0,23,7.59
3157,코미디,2,26,OTT,16,82.4,1,주말저녁,0,34,9.65
3158,법정,5,30,지상파,20,93.6,3,평일심야,0,36,10.52
3159,로맨스,2,1,지상파,20,24.3,4,평일심야,0,41,6.9
3160,로맨스,5,27,케이블,16,62.3,2,평일저녁,0,48,8.98
3161,코미디,3,26,지상파,32,21.1,1,평일저녁,0,34,9.34
3162,코미디,5,11,지상파,16,18.6,4,평일저녁,0,28,7.83
3163,스릴러,1,27,지상파,12,16.5,1,평일저녁,0,40,11.44
3164,로맨스,5,6,지상파,16,28.8,4,평일저녁,0,42,6.4
3165,코미디,1,2,OTT,16,6.6,3,주말저녁,0,34,10.04
3166,스릴러,2,24,케이블,16,23.0,2,주말저녁,0,36,7.78
3167,스릴러,3,26,지상파,16,97.6,1,주말저녁,1,38,12.68
3168,로맨스,2,0,지상파,12,64.7,4,주말저녁,0,48,12.54
3169,코미디,4,3,지상파,12,32.1,3,평일심야,0,32,7.11
3170,법정,1,24,케이블,12,96.0,1,주말심야,0,25,10.38
3171,코미디,3,14,케이블,16,81.4,2,주말저녁,0,34,8.3
3172,판타지,5,25,지상파,16,54.4,3,평일저녁,0,43,8.86
3173,스릴러,4,20,OTT,20,31.6,1,주말저녁,0,50,5.86
3174,로맨스,2,0,케이블,20,97.5,2,평일저녁,0,39,10.07
3175,사극,4,26,OTT,8,40.5,1,주말저녁,0,31,9.02
3176,스릴러,2,14,케이블,16,65.2,1,주말심야,1,29,6.41
3177,법정,3,23,케이블,16,55.7,2,평일저녁,1,31,12.66
3178,스릴러,2,30,케이블,12,7.3,2,평일심야,0,20,6.5
3179,사극,2,21,케이블,12,52.0,3,주말저녁,1,48,12.66
3180,법정,1,4,OTT,24,87.4,2,주말저녁,0,21,9.23
3181,사극,2,17,지상파,32,96.1,2,평일저녁,0,30,10.28
3182,사극,2,19,지상파,8,30.7,1,주말심야,0,40,12.98
3183,법정,5,20,지상파,16,83.6,3,주말저녁,0,26,12.14
3184,판타지,2,4,OTT,12,32.0,1,주말심야,1,20,6.23
3185,사극,2,0,지상파,8,36.9,3,평일저녁,0,20,9.99
3186,판타지,5,5,지상파,8,71.3,4,주말저녁,0,41,10.33
3187,코미디,5,21,케이블,16,61.0,2,주말저녁,0,50,8.05
3188,법정,5,4,지상파,16,79.5,4,주말저녁,0,30,10.71
3189,코미디,4,26,지상파,12,80.4,2,평일저녁,0,44,9.27
3190,사극,2,4,OTT,32,33.5,1,평일저녁,0,48,8.0
3191,로맨스,3,11,지상파,16,93.5,2,평일저녁,0,42,11.2
3192,사극,5,27,지상파,16,12.2,4,주말저녁,0,30,9.61
3193,의학,3,27,케이블,8,52.5,1,주말저녁,1,20,10.46
3194,사극,5,22,지상파,24,60.1,4,평일저녁,0,26,10.79
3195,스릴러,2,0,지상파,32,50.0,2,평일심야,0,40,7.41
3196,코미디,3,14,지상파,16,90.7,3,주말저녁,0,34,9.64
3197,코미디,1,23,케이블,12,17.4,3,주말저녁,0,24,9.14
3198,사극,1,14,지상파,16,65.3,4,주말심야,0,28,14.72
3199,의학,1,11,지상파,20,83.2,2,평일저녁,0,23,14.76
3200,판타지,5,30,지상파,12,82.9,1,평일저녁,0,28,11.33
3201,스릴러,2,25,지상파,20,52.6,4,평일심야,0,35,10.82
3202,코미디,3,11,지상파,20,85.1,2,평일저녁,0,24,10.47
3203,의학,5,30,지상파,12,34.5,3,평일저녁,0,48,11.41
3204,판타지,2,16,케이블,20,96.7,3,평일심야,0,25,8.97
3205,사극,2,22,지상파,16,34.8,4,평일저녁,0,21,15.56
3206,코미디,1,19,OTT,16,43.6,3,평일심야,0,43,6.51
3207,로맨스,5,26,OTT,8,58.1,2,평일저녁,0,48,8.2
3208,사극,5,9,지상파,16,13.3,1,주말저녁,0,50,10.12
3209,코미디,5,10,케이블,16,16.7,2,주말심야,0,28,2.38
3210,판타지,4,27,OTT,16,55.4,2,주말심야,0,26,4.91
3211,로맨스,2,3,케이블,12,56.5,3,주말저녁,0,30,11.53
3212,사극,1,17,케이블,16,10.7,1,평일저녁,0,43,10.67
3213,로맨스,1,15,OTT,12,10.9,4,평일저녁,0,25,11.55
3214,판타지,5,0,지상파,12,32.2,2,평일심야,0,49,5.46
3215,사극,1,24,케이블,12,73.1,1,주말저녁,0,22,13.33
3216,스릴러,3,14,OTT,16,46.1,1,주말저녁,0,46,9.85
3217,로맨스,2,15,케이블,16,25.3,2,주말저녁,0,28,11.94
3218,로맨스,3,19,케이블,20,36.0,4,평일저녁,0,42,9.01
3219,코미디,4,21,지상파,16,24.6,1,주말저녁,0,24,10.52
3220,사극,3,24,케이블,12,63.0,3,평일저녁,0,39,10.28
3221,로맨스,1,9,케이블,32,58.7,4,주말저녁,0,45,8.19
3222,코미디,4,17,케이블,8,16.1,2,평일저녁,0,21,8.72
3223,스릴러,4,17,지상파,12,75.6,4,평일저녁,0,45,12.4
3224,판타지,2,27,지상파,12,13.2,3,주말저녁,0,39,13.58
3225,법정,2,16,케이블,16,85.9,4,평일저녁,0,34,12.12
3226,법정,1,29,케이블,20,98.6,3,평일심야,0,24,10.6
3227,판타지,3,13,케이블,24,65.0,1,평일저녁,0,28,6.3
3228,판타지,2,17,OTT,16,85.5,2,주말심야,0,32,8.63
3229,로맨스,3,14,케이블,8,51.4,3,평일심야,0,23,9.19
3230,사극,5,3,케이블,24,64.3,4,평일저녁,0,43,7.0
3231,로맨스,4,9,케이블,8,40.7,4,주말심야,0,38,7.22
3232,스릴러,2,14,케이블,16,28.1,4,평일심야,0,43,10.96
3233,사극,2,0,케이블,12,46.1,1,주말저녁,0,31,9.51
3234,법정,1,21,케이블,8,92.9,1,평일저녁,0,42,10.07
3235,로맨스,1,8,지상파,16,27.9,3,평일저녁,0,29,11.56
3236,판타지,3,27,케이블,8,30.6,1,평일저녁,0,43,9.21
3237,의학,4,2,케이블,16,87.6,1,평일저녁,0,34,9.63
3238,사극,1,25,지상파,16,19.9,1,평일저녁,0,43,12.98
3239,법정,3,23,지상파,20,86.6,2,평일저녁,0,36,12.19
3240,사극,3,13,지상파,20,79.2,1,평일저녁,0,39,11.08
3241,의학,5,23,지상파,16,8.5,3,평일저녁,0,24,11.41
3242,의학,5,23,지상파,24,34.2,3,평일저녁,0,22,9.06
3243,로맨스,3,11,케이블,16,59.6,4,평일저녁,0,44,9.69
3244,법정,4,21,케이블,16,16.6,3,주말저녁,1,28,7.6
3245,스릴러,2,9,지상파,32,29.2,2,주말저녁,0,41,10.62
3246,스릴러,2,29,지상파,24,61.2,1,평일심야,0,22,7.26
3247,스릴러,1,22,지상파,16,20.4,1,주말심야,0,26,9.32
3248,법정,2,8,지상파,16,39.2,3,평일저녁,0,26,9.99
3249,사극,4,27,OTT,20,38.0,4,주말저녁,0,32,13.28
3250,법정,4,23,케이블,16,14.8,4,평일저녁,0,36,10.68
3251,스릴러,2,7,OTT,24,47.6,3,평일심야,0,31,5.64
3252,스릴러,1,11,케이블,24,11.6,4,평일저녁,0,47,9.6
3253,로맨스,4,29,OTT,12,17.5,4,주말저녁,0,21,10.94
3254,판타지,2,3,케이블,12,27.5,3,평일저녁,0,35,6.25
3255,로맨스,4,28,케이블,16,43.6,4,평일저녁,0,37,7.71
3256,의학,5,14,지상파,20,81.6,2,주말심야,1,47,10.37
3257,법정,5,20,케이블,16,6.5,1,평일저녁,0,35,7.63
3258,스릴러,4,0,지상파,24,85.3,4,평일저녁,0,27,8.58
3259,법정,4,6,케이블,12,79.9,4,주말심야,0,21,4.97
3260,로맨스,2,25,OTT,24,20.1,2,평일저녁,0,21,10.97
3261,로맨스,3,7,OTT,16,9.4,2,평일저녁,0,24,5.32
3262,판타지,4,22,OTT,16,93.9,1,주말저녁,0,23,11.09
3263,법정,5,11,케이블,8,65.0,2,평일심야,0,42,6.99
3264,의학,5,26,지상파,16,38.3,2,주말저녁,0,24,10.27
3265,로맨스,1,28,지상파,16,91.0,3,평일저녁,0,31,12.9
3266,로맨스,1,17,지상파,16,76.0,1,평일저녁,0,34,9.79
3267,로맨스,4,25,OTT,24,84.7,3,평일심야,0,30,9.31
3268,사극,2,23,지상파,16,67.0,3,주말저녁,0,22,13.36
3269,스릴러,5,1,OTT,24,15.5,1,평일저녁,0,41,3.67
3270,의학,3,19,OTT,16,75.5,4,주말저녁,1,24,8.21
3271,법정,1,3,지상파,12,96.7,2,주말저녁,0,35,9.54
3272,판타지,5,7,지상파,32,78.9,4,주말저녁,0,41,11.12
3273,판타지,3,9,지상파,32,95.9,4,평일심야,0,34,6.25
3274,의학,1,19,케이블,24,91.1,2,평일심야,0,28,7.68
3275,의학,2,18,케이블,8,17.6,4,평일심야,0,49,10.29
3276,로맨스,4,12,OTT,24,72.0,4,평일저녁,0,21,9.39
3277,법정,3,7,OTT,24,63.3,1,주말저녁,0,49,8.17
3278,법정,2,16,지상파,16,37.4,2,평일저녁,0,48,11.25
3279,판타지,5,12,지상파,16,72.8,1,주말저녁,0,48,11.06
3280,법정,5,16,케이블,16,31.9,4,평일심야,0,20,5.45
3281,사극,1,14,OTT,16,92.0,1,평일심야,0,32,9.94
3282,코미디,1,12,지상파,24,34.3,4,평일심야,0,42,9.02
3283,로맨스,3,25,지상파,16,97.4,2,주말저녁,0,27,13.12
3284,의학,2,21,지상파,20,37.7,4,평일저녁,0,30,11.13
3285,사극,4,2,케이블,20,76.1,1,주말저녁,1,36,9.32
3286,판타지,2,15,OTT,20,24.0,4,평일저녁,0,35,12.19
3287,코미디,4,9,지상파,16,64.9,3,평일심야,0,36,10.24
3288,사극,3,0,지상파,12,19.8,3,주말저녁,0,39,14.57
3289,법정,1,29,지상파,16,7.8,1,주말저녁,1,23,12.6
3290,법정,5,17,케이블,16,62.3,1,평일저녁,0,41,9.69
3291,로맨스,5,24,지상파,32,22.5,2,평일저녁,0,46,9.27
3292,코미디,1,4,지상파,16,56.8,1,주말저녁,0,47,11.07
3293,스릴러,4,4,OTT,16,12.0,4,주말저녁,0,49,5.34
3294,스릴러,1,28,지상파,8,64.2,3,평일저녁,0,47,10.22
3295,법정,5,28,지상파,16,23.2,4,평일저녁,1,36,6.32
3296,스릴러,2,3,케이블,12,63.2,4,주말심야,0,20,7.87
3297,로맨스,4,1,케이블,16,40.9,4,평일저녁,0,24,7.94
3298,판타지,3,27,지상파,16,50.9,3,평일저녁,0,20,12.45
3299,로맨스,5,28,케이블,16,48.1,1,주말저녁,1,27,10.76
3300,법정,4,0,OTT,20,61.2,3,주말저녁,0,28,5.2
3301,로맨스,5,29,지상파,16,19.3,2,주말심야,0,38,7.55
3302,사극,3,28,OTT,16,70.9,2,주말심야,0,36,8.28
3303,판타지,2,2,OTT,12,19.4,3,주말저녁,0,37,8.38
3304,판타지,2,10,케이블,24,37.4,3,평일저녁,1,40,7.63
3305,의학,2,11,지상파,24,38.8,1,평일저녁,0,34,8.08
3306,판타지,2,16,케이블,20,97.5,2,주말저녁,0,27,13.21
3307,법정,3,18,지상파,16,43.8,1,평일저녁,0,43,11.34
3308,스릴러,2,4,지상파,8,65.6,2,주말저녁,0,34,12.59
3309,스릴러,2,8,OTT,20,39.6,4,평일심야,0,24,11.53
3310,로맨스,1,21,케이블,8,66.0,4,평일심야,0,46,8.25
3311,법정,5,19,지상파,12,11.7,1,주말저녁,0,45,9.93
3312,의학,4,11,케이블,16,86.8,4,주말저녁,0,30,13.62
3313,법정,1,12,지상파,12,15.4,1,평일심야,0,26,10.62
3314,법정,4,7,지상파,16,50.9,2,주말저녁,0,23,11.23
3315,사극,5,23,지상파,16,47.2,3,주말저녁,0,20,15.34
3316,코미디,4,27,OTT,16,25.3,4,주말저녁,0,24,9.24
3317,판타지,1,5,지상파,32,6.9,2,주말심야,1,33,9.98
3318,법정,2,1,지상파,16,75.1,1,주말심야,0,24,8.0
3319,사극,1,15,케이블,12,78.6,3,주말저녁,0,28,11.29
3320,법정,1,7,지상파,16,19.1,2,평일저녁,0,33,12.39
3321,법정,1,2,케이블,16,10.0,2,평일심야,0,36,8.59
3322,코미디,2,22,케이블,24,44.4,1,주말저녁,0,40,9.8
3323,판타지,4,15,OTT,16,78.3,3,평일심야,0,48,6.1
3324,로맨스,5,9,지상파,12,75.6,3,주말저녁,0,20,10.24
3325,스릴러,3,5,지상파,24,38.4,1,주말저녁,0,34,10.54
3326,사극,4,1,지상파,24,32.4,4,평일심야,0,31,7.93
3327,코미디,2,20,지상파,16,14.2,1,주말저녁,0,22,8.8
3328,법정,4,3,케이블,20,89.3,2,평일저녁,1,24,11.11
3329,코미디,5,0,지상파,24,98.4,3,주말심야,0,44,10.41
3330,사극,4,13,지상파,16,54.7,2,주말저녁,0,26,11.07
3331,코미디,4,3,지상파,16,86.4,3,평일심야,0,46,4.73
3332,로맨스,4,26,지상파,16,62.7,1,평일심야,0,39,7.49
3333,사극,2,18,케이블,12,25.9,2,평일저녁,0,31,11.33
3334,코미디,4,30,지상파,20,24.0,4,평일저녁,0,50,9.11
3335,사극,1,14,케이블,16,69.1,1,평일심야,0,44,8.99
3336,스릴러,2,1,지상파,8,84.8,1,평일저녁,0,26,9.96
3337,법정,4,21,케이블,24,79.9,2,평일저녁,0,31,7.55
3338,사극,5,25,케이블,24,59.9,3,주말저녁,0,39,9.16
3339,코미디,1,4,케이블,8,25.7,3,평일저녁,0,23,10.86
3340,법정,2,28,OTT,20,58.0,4,평일저녁,0,35,8.39
3341,로맨스,2,17,케이블,24,92.0,3,주말심야,0,26,10.65
3342,로맨스,3,27,지상파,16,50.7,2,평일심야,1,48,6.63
3343,법정,1,2,지상파,16,89.5,2,주말저녁,0,46,13.9
3344,의학,1,26,지상파,20,84.5,2,평일저녁,0,21,15.63
3345,법정,5,10,지상파,16,89.1,1,평일심야,0,37,5.18
3346,의학,1,28,케이블,24,67.8,3,평일저녁,1,49,12.06
3347,사극,4,3,케이블,16,98.5,3,주말저녁,0,27,9.49
3348,스릴러,4,28,지상파,12,20.1,4,평일저녁,0,23,7.86
3349,법정,4,24,지상파,16,22.2,2,평일저녁,0,38,8.44
3350,로맨스,4,13,지상파,16,22.4,3,평일저녁,0,36,11.27
3351,의학,5,16,OTT,8,14.0,1,평일저녁,0,30,9.08
3352,코미디,5,29,OTT,16,68.9,4,주말저녁,0,27,9.07
3353,로맨스,3,10,케이블,16,67.0,3,주말저녁,1,33,9.7
3354,판타지,1,18,OTT,16,36.2,2,평일저녁,0,35,10.02
3355,판타지,5,11,케이블,16,17.2,2,평일저녁,1,28,6.48
3356,사극,2,28,지상파,16,45.9,1,주말저녁,0,35,15.97
3357,로맨스,4,27,케이블,32,38.0,1,평일심야,0,27,4.24
3358,로맨스,1,18,케이블,20,26.1,3,평일저녁,0,28,10.11
3359,코미디,2,14,OTT,12,91.8,2,평일저녁,0,46,9.58
3360,법정,2,1,케이블,20,93.7,2,평일저녁,0,23,6.74
3361,법정,1,4,지상파,16,31.1,4,평일심야,0,27,10.74
3362,스릴러,5,22,지상파,24,83.2,1,평일저녁,0,39,11.06
3363,판타지,5,8,지상파,20,27.5,4,평일저녁,1,37,8.22
3364,로맨스,2,3,OTT,12,77.7,1,주말저녁,1,35,10.81
3365,로맨스,5,12,지상파,12,27.1,1,평일저녁,0,38,9.81
3366,의학,1,15,OTT,24,94.3,2,주말저녁,0,45,10.69
3367,법정,2,17,케이블,8,6.0,3,주말심야,0,42,5.81
3368,판타지,5,12,OTT,12,50.0,2,평일저녁,0,31,5.66
3369,법정,5,10,지상파,16,89.1,1,평일심야,1,31,5.73
3370,법정,1,17,케이블,16,11.5,1,평일심야,0,44,8.02
3371,판타지,4,18,케이블,16,31.3,3,평일심야,0,46,6.73
3372,스릴러,3,8,OTT,16,78.4,3,평일심야,0,27,7.72
3373,법정,1,3,OTT,24,43.9,4,주말심야,0,37,7.11
3374,판타지,4,26,지상파,16,39.4,2,평일심야,0,21,10.97
3375,로맨스,3,19,케이블,20,36.9,1,평일저녁,0,32,9.4
3376,스릴러,3,24,케이블,16,88.5,4,평일심야,0,39,7.43
3377,판타지,2,24,지상파,16,51.7,2,평일심야,0,42,8.38
3378,판타지,1,12,케이블,16,23.1,4,주말저녁,0,37,7.63
3379,코미디,2,21,케이블,8,46.9,3,주말저녁,0,40,9.88
3380,로맨스,4,20,지상파,16,70.3,3,주말심야,1,38,9.59
3381,판타지,4,18,지상파,20,95.6,2,주말심야,0,23,8.64
3382,코미디,5,11,지상파,12,82.2,2,주말저녁,0,45,11.82
3383,로맨스,2,21,지상파,16,98.9,4,주말심야,0,37,10.54
3384,코미디,1,10,케이블,32,9.7,1,주말저녁,0,29,13.21
3385,의학,4,18,지상파,24,55.9,4,평일심야,0,31,8.68
3386,스릴러,4,4,OTT,24,39.7,1,평일저녁,0,46,8.6
3387,판타지,1,10,케이블,20,49.1,1,평일저녁,0,39,11.32
3388,스릴러,2,5,OTT,16,47.9,3,평일저녁,1,42,5.67
3389,로맨스,3,15,지상파,16,73.6,3,주말저녁,0,31,14.93
3390,의학,1,9,케이블,12,53.4,3,평일저녁,1,43,7.87
3391,스릴러,2,29,케이블,12,87.7,4,평일저녁,0,37,12.57
3392,판타지,1,27,지상파,20,15.3,2,평일심야,0,20,9.81
3393,로맨스,5,14,지상파,24,98.1,1,주말저녁,0,50,8.99
3394,의학,4,6,OTT,12,39.6,2,주말저녁,0,25,8.61
3395,의학,4,10,OTT,16,64.2,3,주말저녁,1,27,8.93
3396,사극,3,20,OTT,12,99.9,2,주말심야,1,20,6.62
3397,판타지,5,1,케이블,8,22.6,1,주말저녁,0,41,9.87
3398,스릴러,5,15,지상파,16,53.7,2,평일심야,1,24,9.96
3399,법정,4,4,케이블,12,62.2,4,주말저녁,1,42,8.8
3400,법정,5,19,지상파,12,39.4,4,주말심야,0,27,6.05
3401,의학,1,26,OTT,16,67.1,4,평일저녁,0,50,13.77
3402,사극,5,26,케이블,12,95.7,3,주말심야,0,29,10.22
3403,로맨스,4,11,OTT,24,43.3,3,주말저녁,0,26,8.48
3404,의학,5,1,지상파,20,66.8,2,평일심야,0,34,10.14
3405,코미디,3,29,OTT,12,24.5,4,주말저녁,0,44,9.31
3406,사극,5,12,OTT,16,79.7,3,주말저녁,0,43,8.56
3407,로맨스,5,3,지상파,16,76.3,3,평일저녁,0,41,9.52
3408,판타지,5,22,지상파,24,38.2,4,주말저녁,0,30,11.0
3409,법정,1,3,지상파,16,31.9,2,평일저녁,0,34,10.78
3410,판타지,4,8,케이블,20,80.6,4,평일저녁,0,45,8.24
3411,의학,5,25,OTT,16,22.6,4,주말심야,0,27,7.75
3412,법정,4,11,지상파,24,6.6,2,주말저녁,0,32,10.16
3413,의학,2,30,케이블,16,31.4,3,평일저녁,0,22,12.99
3414,법정,1,24,케이블,16,48.9,4,평일심야,1,35,10.9
3415,법정,1,9,OTT,16,95.6,2,주말심야,0,37,10.52
3416,법정,1,30,케이블,20,11.2,4,주말저녁,0,20,10.04
3417,판타지,1,11,지상파,12,46.0,2,평일심야,0,47,9.58
3418,법정,4,7,지상파,16,71.8,1,평일저녁,0,20,10.02
3419,법정,2,25,케이블,8,9.7,3,주말저녁,0,34,12.33
3420,판타지,2,22,지상파,16,23.9,4,평일저녁,0,41,10.96
3421,로맨스,5,8,케이블,12,80.1,1,평일저녁,0,34,8.52
3422,판타지,1,9,OTT,32,62.3,3,주말심야,0,31,6.77
3423,코미디,2,6,지상파,16,93.9,4,주말저녁,1,44,10.36
3424,코미디,1,28,케이블,16,31.6,1,평일심야,0,50,8.11
3425,법정,3,19,지상파,8,57.7,3,평일심야,0,48,11.42
3426,코미디,1,7,OTT,20,86.2,3,주말저녁,0,23,8.17
3427,스릴러,1,4,케이블,16,72.4,2,주말저녁,0,40,13.23
3428,코미디,4,19,지상파,16,38.6,4,평일심야,1,24,7.94
3429,의학,5,11,케이블,20,35.1,4,평일심야,0,22,6.29
3430,사극,2,20,지상파,24,33.7,2,주말저녁,0,49,15.23
3431,의학,4,17,OTT,20,70.7,3,주말심야,0,32,9.38
3432,의학,3,17,지상파,32,95.1,2,평일심야,0,26,10.85
3433,법정,1,29,케이블,24,84.0,4,평일심야,0,34,8.67
3434,사극,1,29,지상파,12,59.9,2,주말저녁,1,40,17.18
3435,판타지,2,17,OTT,16,70.9,4,주말심야,0,22,9.14
3436,코미디,1,22,지상파,20,85.6,4,평일심야,0,37,6.52
3437,스릴러,1,16,OTT,16,53.9,3,주말심야,0,37,8.5
3438,의학,4,18,케이블,20,74.7,4,평일심야,0,44,6.52
3439,로맨스,2,4,지상파,8,62.2,2,평일심야,0,27,9.53
3440,의학,3,6,케이블,16,78.2,1,평일저녁,0,29,11.61
3441,의학,3,3,케이블,8,26.4,2,평일저녁,0,49,7.56
3442,사극,5,12,지상파,16,90.6,1,평일저녁,1,31,8.81
3443,법정,3,20,OTT,20,79.6,1,평일심야,1,30,7.6
3444,코미디,5,14,케이블,8,67.2,4,평일심야,0,26,7.66
3445,사극,4,20,지상파,16,53.8,4,주말심야,0,21,10.5
3446,판타지,4,5,지상파,32,58.4,3,평일저녁,0,37,12.02
3447,법정,2,29,OTT,8,76.0,4,평일저녁,0,33,12.42
3448,법정,2,29,지상파,16,36.7,3,평일심야,0,23,7.99
3449,코미디,4,0,OTT,20,80.1,3,평일저녁,0,37,8.71
3450,사극,5,24,지상파,20,95.9,1,주말저녁,0,25,13.31
3451,판타지,3,14,지상파,8,65.8,1,평일심야,0,28,9.39
3452,의학,3,1,지상파,24,29.0,4,주말저녁,0,23,11.72
3453,스릴러,1,29,지상파,16,22.1,4,주말심야,0,47,12.97
3454,판타지,4,4,케이블,16,69.7,2,평일심야,0,21,8.17
3455,코미디,2,27,케이블,20,83.8,3,평일심야,0,23,7.05
3456,법정,4,15,케이블,24,9.4,1,평일저녁,0,20,7.58
3457,코미디,3,8,OTT,8,78.6,4,평일저녁,0,25,5.67
3458,스릴러,4,0,지상파,24,31.1,2,평일심야,0,42,7.11
3459,로맨스,1,6,OTT,20,68.3,2,평일심야,0,44,9.02
3460,사극,3,17,OTT,24,56.0,4,평일저녁,1,48,6.33
3461,판타지,3,2,케이블,16,84.5,4,주말심야,0,46,11.04
3462,로맨스,2,27,OTT,16,56.7,1,주말저녁,0,30,8.13
3463,판타지,4,12,케이블,20,9.6,2,평일저녁,0,42,7.72
3464,코미디,1,1,케이블,16,98.9,3,평일저녁,0,38,9.84
3465,로맨스,5,6,OTT,16,10.8,3,평일심야,0,35,3.42
3466,스릴러,3,11,지상파,8,17.0,1,평일심야,0,47,6.62
3467,로맨스,2,3,지상파,20,10.8,4,주말심야,0,46,9.84
3468,스릴러,3,27,지상파,12,16.9,1,주말저녁,1,35,10.37
3469,법정,4,0,케이블,12,45.2,4,주말저녁,0,33,8.03
3470,스릴러,5,0,OTT,16,96.3,3,주말저녁,0,27,9.48
3471,법정,4,20,지상파,16,83.9,2,주말저녁,0,35,11.94
3472,법정,4,3,OTT,8,28.8,4,주말저녁,1,34,6.44
3473,사극,3,9,지상파,8,15.3,1,평일저녁,0,46,10.8
3474,의학,4,4,케이블,16,82.0,3,주말저녁,0,41,9.96
3475,의학,1,0,지상파,16,8.7,4,평일저녁,0,47,15.04
3476,로맨스,2,24,지상파,24,69.1,1,주말심야,0,24,11.65
3477,판타지,1,19,OTT,24,13.3,2,평일심야,0,43,7.13
3478,의학,4,14,케이블,24,46.4,4,평일심야,1,28,10.53
3479,스릴러,3,5,케이블,24,44.0,3,평일저녁,0,28,7.77
3480,법정,3,12,OTT,12,57.1,3,주말저녁,0,23,8.96
3481,스릴러,4,15,케이블,20,17.6,3,평일저녁,0,40,8.28
3482,스릴러,2,1,지상파,12,73.7,3,주말저녁,0,42,11.36
3483,사극,2,5,지상파,12,16.0,3,주말심야,0,25,8.43
3484,사극,4,22,지상파,12,59.0,2,주말심야,0,32,9.81
3485,로맨스,3,6,케이블,20,70.9,2,평일저녁,0,26,7.74
3486,로맨스,5,26,OTT,24,77.9,4,주말저녁,0,42,9.2
3487,스릴러,2,24,지상파,16,73.6,1,주말심야,0,29,11.25
3488,스릴러,4,28,케이블,8,76.9,2,평일저녁,0,24,10.18
3489,사극,1,11,케이블,24,52.3,4,주말심야,1,30,7.59
3490,의학,4,18,지상파,8,16.4,1,평일저녁,1,35,10.86
3491,사극,4,22,케이블,16,83.4,4,평일저녁,0,23,10.15
3492,법정,2,2,지상파,16,32.8,1,평일심야,0,34,6.75
3493,의학,2,23,지상파,24,36.6,3,주말저녁,0,29,11.97
3494,사극,4,30,케이블,20,41.9,1,주말저녁,0,36,12.23
3495,스릴러,3,23,지상파,8,25.0,2,주말저녁,0,38,12.89
3496,판타지,3,23,지상파,16,58.3,1,평일심야,1,40,8.08
3497,의학,5,23,케이블,16,41.9,4,평일저녁,0,46,9.3
3498,사극,3,10,지상파,16,83.8,3,평일저녁,0,28,13.59
3499,판타지,4,29,케이블,24,97.0,1,평일저녁,0,36,8.96
3500,스릴러,3,13,지상파,20,55.3,3,평일저녁,0,38,9.6
3501,사극,3,10,OTT,16,56.9,2,평일저녁,0,48,8.8
3502,로맨스,4,0,케이블,20,51.8,3,평일저녁,0,33,7.87
3503,코미디,3,16,케이블,16,7.5,1,평일저녁,1,38,6.88
3504,코미디,2,13,OTT,12,33.3,1,평일저녁,1,49,9.25
3505,스릴러,4,8,지상파,16,29.8,2,평일저녁,0,25,13.23
3506,로맨스,4,18,OTT,16,9.3,1,평일저녁,0,33,9.8
3507,법정,2,4,OTT,20,82.9,4,평일심야,0,39,6.36
3508,판타지,2,16,OTT,8,22.6,4,평일저녁,0,34,8.82
3509,의학,4,28,케이블,24,9.8,4,주말심야,0,43,7.17
3510,판타지,1,14,OTT,16,44.6,4,주말저녁,0,20,11.45
3511,판타지,2,28,케이블,8,86.6,2,평일저녁,1,36,8.12
3512,스릴러,5,23,지상파,8,33.3,4,주말저녁,0,49,11.55
3513,의학,1,13,OTT,16,60.3,2,평일저녁,0,32,14.24
3514,의학,5,28,OTT,16,56.5,4,주말심야,0,37,7.4
3515,의학,5,19,지상파,8,38.2,4,평일심야,0,39,5.91
3516,판타지,2,22,OTT,12,46.1,2,평일저녁,1,43,9.24
3517,의학,2,4,지상파,16,92.2,1,주말저녁,0,28,11.72
3518,판타지,5,7,케이블,16,97.9,4,평일저녁,0,22,7.91
3519,판타지,1,16,케이블,20,49.5,3,평일저녁,0,45,11.73
3520,로맨스,3,23,케이블,16,63.7,2,주말저녁,0,27,9.57
3521,로맨스,3,5,케이블,8,42.6,3,주말저녁,0,36,6.5
3522,코미디,5,13,지상파,20,11.6,4,주말저녁,0,38,10.57
3523,스릴러,1,3,케이블,20,19.2,2,평일저녁,0,45,10.81
3524,스릴러,1,14,지상파,16,96.3,1,주말저녁,0,36,10.84
3525,코미디,5,20,지상파,16,82.6,4,주말저녁,0,30,11.97
3526,의학,5,1,지상파,16,56.4,1,평일심야,0,48,5.06
3527,코미디,2,3,OTT,12,49.6,1,주말저녁,0,23,9.78
3528,법정,3,5,지상파,16,73.0,2,주말심야,0,50,10.68
3529,로맨스,2,20,지상파,12,26.0,1,주말저녁,0,30,11.41
3530,의학,5,7,OTT,16,90.4,3,주말저녁,1,44,11.47
3531,의학,4,11,케이블,20,24.0,4,주말저녁,0,42,7.41
3532,코미디,2,29,지상파,16,94.3,4,평일저녁,0,33,12.07
3533,법정,4,10,지상파,24,10.4,3,평일저녁,0,49,9.22
3534,코미디,3,5,OTT,16,69.9,3,주말저녁,0,43,9.39
3535,사극,3,21,지상파,12,40.5,2,평일저녁,0,31,12.96
3536,코미디,3,6,케이블,8,43.0,1,평일저녁,0,38,8.51
3537,사극,2,30,케이블,16,59.8,1,주말저녁,0,34,12.38
3538,코미디,5,2,케이블,12,47.3,2,평일저녁,0,37,8.65
3539,로맨스,4,29,OTT,16,18.2,4,주말저녁,0,40,9.86
3540,로맨스,1,16,지상파,16,22.2,4,주말저녁,0,24,14.63
3541,스릴러,2,28,지상파,16,18.4,3,평일저녁,0,23,11.06
3542,로맨스,5,11,OTT,16,24.9,4,평일저녁,1,25,7.74
3543,코미디,1,12,OTT,12,54.8,2,평일저녁,0,20,8.96
3544,로맨스,1,13,지상파,20,81.4,1,평일심야,1,32,10.27
3545,법정,2,17,OTT,12,41.6,3,주말저녁,0,20,8.71
3546,의학,2,10,OTT,20,92.8,3,평일심야,0,27,9.64
3547,판타지,5,13,케이블,24,46.0,1,평일저녁,0,36,5.9
3548,사극,3,18,지상파,8,99.1,3,평일심야,0,22,10.02
3549,의학,3,8,지상파,24,88.9,4,평일저녁,0,45,10.33
3550,사극,2,11,케이블,16,14.7,4,주말저녁,0,44,10.43
3551,법정,5,25,케이블,16,29.0,3,평일심야,0,36,8.71
3552,사극,5,7,케이블,16,50.2,4,주말저녁,0,32,6.93
3553,의학,1,10,OTT,16,24.4,4,주말심야,0,35,9.72
3554,사극,4,21,케이블,20,41.8,1,평일저녁,0,28,6.6
3555,판타지,5,0,케이블,24,84.2,1,평일저녁,0,43,6.39
3556,코미디,3,7,지상파,24,99.5,2,평일심야,0,43,8.71
3557,스릴러,2,20,케이블,16,50.3,2,평일저녁,1,36,9.13
3558,판타지,3,27,지상파,16,57.5,3,평일저녁,0,46,10.0
3559,로맨스,3,26,지상파,20,43.6,2,평일저녁,0,20,10.31
3560,판타지,4,6,케이블,8,57.4,4,평일심야,0,44,5.86
3561,판타지,3,17,지상파,32,94.1,1,평일저녁,1,32,8.18
3562,판타지,2,20,OTT,16,86.7,1,평일저녁,1,26,8.98
3563,의학,3,1,OTT,24,17.0,3,평일저녁,0,31,6.37
3564,로맨스,2,26,케이블,16,86.9,3,평일심야,0,45,12.04
3565,의학,4,0,OTT,16,29.4,2,주말심야,0,24,8.35
3566,의학,5,3,케이블,8,42.7,1,평일저녁,0,20,5.77
3567,의학,1,7,OTT,24,66.4,2,주말저녁,0,45,11.1
3568,스릴러,4,25,케이블,16,92.5,2,평일저녁,0,44,9.74
3569,법정,4,6,지상파,24,90.8,4,주말심야,0,35,9.47
3570,법정,5,16,지상파,16,50.6,2,평일저녁,0,49,9.86
3571,스릴러,4,22,케이블,12,80.3,4,평일저녁,0,39,7.95
3572,판타지,3,4,지상파,8,6.8,2,평일저녁,0,31,9.83
3573,의학,4,10,지상파,12,85.1,4,주말심야,0,38,8.72
3574,로맨스,5,18,OTT,16,14.7,4,평일저녁,0,36,8.6
3575,스릴러,4,10,지상파,16,69.8,2,평일저녁,0,47,9.06
3576,의학,2,27,케이블,16,76.3,4,평일심야,0,41,7.26
3577,코미디,2,18,지상파,24,64.4,3,평일심야,0,50,11.57
3578,법정,3,18,OTT,16,16.4,1,평일심야,0,45,6.59
3579,의학,4,21,지상파,20,36.4,1,평일저녁,0,24,6.96
3580,코미디,3,19,케이블,12,62.3,2,평일저녁,1,45,7.99
3581,코미디,5,19,지상파,12,74.3,4,주말저녁,0,20,8.67
3582,법정,3,26,케이블,24,41.6,3,평일심야,0,33,7.42
3583,로맨스,1,8,지상파,24,23.1,1,평일저녁,0,41,10.94
3584,판타지,5,13,지상파,8,38.1,2,주말심야,0,48,8.27
3585,법정,5,7,지상파,20,26.5,1,평일저녁,0,33,7.73
3586,로맨스,1,12,케이블,16,25.2,4,주말심야,0,36,7.88
3587,로맨스,2,19,지상파,24,89.1,2,주말저녁,0,39,12.85
3588,의학,5,29,케이블,16,80.7,3,주말저녁,0,41,8.12
3589,의학,3,22,지상파,20,23.3,3,주말심야,0,35,8.71
3590,사극,1,18,OTT,24,46.2,1,평일저녁,0,42,7.66
3591,코미디,1,28,OTT,16,29.8,4,주말저녁,0,45,9.86
3592,의학,5,17,케이블,16,81.1,1,주말심야,1,33,7.7
3593,법정,5,16,지상파,12,67.9,3,평일저녁,1,26,9.24
3594,사극,2,11,지상파,16,21.4,2,주말저녁,0,38,11.41
3595,스릴러,4,22,지상파,16,94.1,3,평일저녁,0,31,11.11
3596,로맨스,5,28,케이블,16,41.8,4,평일심야,0,20,7.88
3597,스릴러,1,18,OTT,20,38.0,2,평일심야,0,35,7.59
3598,법정,5,1,케이블,16,33.2,4,평일저녁,0,30,2.85
3599,사극,3,27,OTT,20,11.1,4,평일저녁,0,31,8.07
3600,사극,5,16,지상파,20,50.8,3,평일저녁,0,39,8.88
3601,스릴러,3,8,OTT,16,23.7,2,평일심야,0,36,7.37
3602,사극,4,28,지상파,16,33.5,3,평일저녁,0,33,11.39
3603,사극,5,16,케이블,16,94.6,3,주말저녁,1,49,9.45
3604,법정,3,17,OTT,20,49.9,3,주말저녁,0,33,12.78
3605,판타지,1,13,케이블,12,95.3,1,평일심야,0,32,7.92
3606,판타지,4,26,지상파,20,58.0,4,주말저녁,0,34,8.98
3607,판타지,5,26,OTT,8,70.9,3,평일저녁,0,43,10.05
3608,사극,2,4,지상파,24,43.5,4,주말저녁,1,22,8.96
3609,사극,4,10,케이블,32,51.6,2,평일저녁,0,37,9.93
3610,판타지,1,2,OTT,16,73.0,3,주말심야,0,35,4.94
3611,스릴러,2,14,케이블,12,23.1,3,평일저녁,0,31,10.69
3612,법정,5,29,OTT,16,20.0,3,평일저녁,0,26,6.4
3613,의학,3,27,케이블,16,14.8,3,평일심야,0,20,8.52
3614,사극,2,18,지상파,16,73.2,1,평일저녁,0,44,12.61
3615,법정,1,23,OTT,12,92.2,1,주말저녁,0,26,10.33
3616,법정,3,7,지상파,24,54.9,2,평일저녁,0,45,9.9
3617,로맨스,1,20,OTT,16,18.7,2,주말저녁,0,27,13.19
3618,로맨스,3,0,지상파,20,21.6,4,주말저녁,0,29,11.63
3619,판타지,4,25,지상파,16,36.7,3,주말심야,0,39,12.0
3620,사극,5,2,지상파,8,56.5,1,주말저녁,0,43,11.0
3621,사극,1,21,지상파,16,56.1,2,평일심야,0,33,11.41
3622,사극,4,24,케이블,24,44.0,2,평일저녁,1,26,7.98
3623,코미디,3,30,케이블,16,34.3,1,주말저녁,0,49,12.02
3624,의학,2,20,케이블,24,37.4,1,주말저녁,0,41,11.13
3625,법정,5,1,지상파,20,42.0,4,주말저녁,0,33,10.63
3626,코미디,1,10,OTT,24,29.9,3,평일저녁,0,46,7.13
3627,코미디,5,1,OTT,16,81.0,4,주말심야,0,39,5.59
3628,판타지,3,0,지상파,24,31.1,3,평일저녁,0,27,8.58
3629,스릴러,4,24,케이블,24,88.0,2,평일저녁,1,35,9.68
3630,스릴러,5,14,케이블,24,25.1,1,주말심야,0,43,5.58
3631,로맨스,5,14,지상파,16,55.1,3,주말심야,0,26,10.94
3632,로맨스,2,11,지상파,24,94.7,3,주말저녁,0,25,12.18
3633,스릴러,1,12,지상파,16,17.7,2,주말심야,0,41,9.77
3634,코미디,5,10,지상파,16,64.9,4,평일심야,0,32,9.13
3635,코미디,5,29,지상파,24,43.9,3,평일심야,1,43,6.74
3636,코미디,2,15,지상파,20,61.1,2,평일저녁,1,45,12.73
3637,판타지,3,22,케이블,12,5.5,1,평일저녁,0,31,10.48
3638,코미디,1,23,케이블,16,58.4,2,주말저녁,0,27,12.42
3639,사극,3,18,OTT,24,17.4,3,평일심야,0,22,8.18
3640,스릴러,3,3,케이블,16,45.3,2,평일심야,0,49,5.87
3641,로맨스,1,14,OTT,8,71.4,2,주말저녁,0,20,10.71
3642,의학,5,11,OTT,24,38.8,3,평일저녁,0,47,8.28
3643,판타지,4,28,지상파,16,71.0,4,주말저녁,0,25,10.06
3644,사극,2,6,지상파,32,80.9,3,평일심야,0,43,8.92
3645,코미디,1,15,지상파,16,89.6,2,주말저녁,1,28,13.87
3646,법정,1,13,지상파,16,42.8,4,주말저녁,0,45,15.14
3647,사극,3,10,지상파,8,49.2,2,평일심야,0,28,7.29
3648,의학,4,28,OTT,12,29.5,1,평일저녁,0,21,7.51
3649,사극,3,15,OTT,12,87.7,4,주말저녁,0,22,6.71
3650,사극,4,14,케이블,16,40.5,4,평일심야,0,48,7.7
3651,사극,5,11,지상파,24,9.1,3,주말저녁,0,36,8.29
3652,로맨스,1,9,케이블,20,43.0,3,주말저녁,0,48,8.65
3653,법정,5,12,지상파,16,22.8,3,주말심야,0,42,5.72
3654,법정,1,15,OTT,12,31.0,2,주말저녁,1,36,9.84
3655,코미디,3,18,지상파,16,78.8,4,주말심야,0,37,9.04
3656,코미디,3,2,지상파,16,90.8,2,평일심야,0,29,8.45
3657,코미디,4,26,지상파,12,91.8,1,주말저녁,1,35,11.3
3658,의학,4,9,케이블,24,75.2,3,평일심야,0,29,7.23
3659,스릴러,1,18,지상파,8,85.5,4,주말저녁,0,24,11.29
3660,코미디,1,6,케이블,16,7.0,4,주말저녁,1,21,10.82
3661,로맨스,3,16,OTT,20,35.0,4,평일저녁,1,39,7.55
3662,판타지,5,5,케이블,8,98.2,4,평일심야,0,48,6.99
3663,스릴러,2,16,OTT,8,43.8,4,평일심야,1,23,8.08
3664,의학,2,23,케이블,32,69.1,1,주말저녁,0,28,12.45
3665,판타지,5,11,지상파,16,23.1,1,평일저녁,1,21,12.04
3666,코미디,5,4,케이블,20,90.8,4,주말저녁,1,32,9.95
3667,로맨스,5,20,지상파,16,57.7,2,평일저녁,1,48,10.41
3668,코미디,5,12,케이블,12,54.6,3,주말저녁,0,45,12.3
3669,스릴러,5,9,케이블,24,57.3,3,평일저녁,0,21,6.7
3670,로맨스,5,12,지상파,16,74.9,4,주말저녁,0,23,14.16
3671,로맨스,2,27,케이블,16,94.4,1,주말저녁,0,35,10.29
3672,코미디,4,13,OTT,16,5.7,4,주말저녁,1,43,7.91
3673,법정,5,2,지상파,16,41.7,2,평일심야,1,34,8.08
3674,사극,2,17,지상파,32,89.1,3,평일저녁,0,30,15.14
3675,로맨스,3,23,지상파,16,86.2,1,평일저녁,0,42,12.66
3676,법정,3,5,OTT,8,35.1,3,평일저녁,0,20,7.8
3677,스릴러,2,1,지상파,20,74.9,4,주말저녁,0,39,12.24
3678,판타지,2,25,OTT,16,40.6,2,주말저녁,0,29,10.18
3679,법정,5,9,OTT,8,14.6,1,주말심야,0,28,6.14
3680,사극,3,17,지상파,8,96.9,1,주말심야,0,43,10.13
3681,법정,1,2,OTT,16,20.6,2,주말심야,0,20,6.1
3682,의학,4,30,케이블,24,40.9,3,주말저녁,0,32,12.59
3683,코미디,5,24,OTT,16,14.9,3,주말저녁,0,41,6.43
3684,스릴러,5,12,지상파,16,80.7,4,평일심야,1,34,6.34
3685,코미디,2,12,OTT,16,13.5,2,평일저녁,0,32,9.21
3686,사극,3,0,지상파,16,93.3,1,주말심야,0,32,7.4
3687,로맨스,3,16,지상파,20,35.9,3,주말저녁,0,21,10.03
3688,로맨스,2,23,지상파,8,96.0,4,주말저녁,0,31,11.86
3689,의학,1,4,케이블,16,41.7,4,평일저녁,0,25,9.7
3690,사극,1,25,지상파,20,97.4,3,주말심야,0,44,13.09
3691,스릴러,5,21,OTT,12,96.1,2,주말심야,0,22,9.47
3692,로맨스,1,2,OTT,20,33.9,2,주말저녁,0,32,11.49
3693,사극,5,12,케이블,12,8.4,2,평일저녁,0,46,7.96
3694,코미디,3,21,케이블,16,11.0,4,평일저녁,1,33,6.81
3695,스릴러,1,11,지상파,24,17.2,4,평일저녁,0,21,12.21
3696,코미디,4,28,케이블,12,49.8,3,주말저녁,0,45,11.3
3697,스릴러,2,8,지상파,24,53.7,3,주말저녁,0,41,9.93
3698,판타지,5,14,케이블,16,81.0,2,평일저녁,1,39,10.44
3699,사극,1,17,케이블,24,22.2,2,주말심야,0,49,10.28
3700,사극,3,2,케이블,24,12.5,3,평일저녁,0,24,7.93
3701,의학,4,1,케이블,16,66.4,2,평일저녁,1,25,6.58
3702,법정,2,15,케이블,16,93.5,1,평일저녁,0,48,10.56
3703,판타지,5,9,OTT,12,63.5,2,평일심야,0,39,5.19
3704,코미디,5,3,지상파,20,97.4,4,평일저녁,0,41,7.65
3705,판타지,2,7,OTT,16,19.7,2,주말저녁,0,22,5.38
3706,법정,5,11,OTT,24,95.2,4,평일저녁,0,49,6.85
3707,판타지,1,23,케이블,16,29.3,1,평일저녁,0,41,11.71
3708,판타지,2,6,OTT,16,17.6,2,주말저녁,0,35,10.46
3709,스릴러,3,16,케이블,20,92.0,4,평일심야,0,38,6.96
3710,사극,4,10,케이블,20,21.3,4,주말저녁,0,24,7.43
3711,코미디,3,30,케이블,24,15.1,1,주말심야,0,43,11.2
3712,스릴러,1,2,지상파,12,71.5,4,평일저녁,0,41,9.32
3713,스릴러,4,30,OTT,20,59.1,1,주말심야,0,21,6.85
3714,의학,5,7,지상파,12,19.4,3,평일심야,0,41,5.31
3715,판타지,1,16,케이블,12,45.2,3,주말저녁,1,49,10.22
3716,스릴러,3,2,OTT,32,14.1,4,주말저녁,0,45,10.6
3717,로맨스,1,15,OTT,12,58.7,4,평일심야,0,32,7.57
3718,사극,3,16,지상파,16,60.8,2,평일저녁,1,38,13.41
3719,코미디,5,19,케이블,20,55.4,2,주말저녁,0,31,6.27
3720,법정,4,2,케이블,16,79.8,3,평일심야,0,25,8.19
3721,의학,4,29,케이블,24,92.3,4,평일저녁,1,48,11.13
3722,판타지,4,2,케이블,16,15.2,3,주말저녁,0,24,8.83
3723,판타지,3,14,케이블,24,86.5,1,주말저녁,0,42,9.49
3724,사극,5,9,OTT,16,13.7,1,평일저녁,0,35,7.08
3725,스릴러,5,29,OTT,16,60.5,2,평일저녁,1,36,6.85
3726,의학,5,6,OTT,20,86.7,2,평일저녁,1,40,7.14
3727,사극,3,9,지상파,20,17.8,3,평일저녁,1,39,8.7
3728,사극,4,12,케이블,16,99.5,3,평일저녁,0,24,10.11
3729,법정,1,7,지상파,8,19.7,3,평일심야,0,36,9.2
3730,판타지,4,12,OTT,20,62.0,4,주말저녁,0,39,10.05
3731,사극,3,18,지상파,12,86.9,2,주말심야,0,38,15.07
3732,의학,1,19,지상파,24,45.9,2,주말저녁,0,45,15.15
3733,로맨스,4,14,지상파,16,60.6,4,평일저녁,0,29,9.82
3734,의학,2,1,OTT,20,78.4,4,주말심야,0,34,6.5
3735,판타지,2,8,OTT,16,52.3,3,주말저녁,0,33,9.69
3736,판타지,1,21,OTT,24,31.8,1,평일심야,0,27,7.31
3737,법정,4,17,OTT,24,32.6,2,평일심야,0,22,4.92
3738,법정,5,13,지상파,24,90.9,2,평일심야,0,23,8.82
3739,사극,2,7,케이블,16,66.6,4,평일심야,1,21,7.29
3740,스릴러,2,4,지상파,16,71.1,3,평일저녁,0,42,9.19
3741,스릴러,4,4,OTT,12,40.1,4,평일심야,0,45,5.11
3742,사극,1,29,OTT,12,50.3,4,평일심야,0,43,11.57
3743,의학,2,11,OTT,24,35.2,3,평일저녁,0,25,7.42
3744,로맨스,3,25,케이블,12,49.8,4,주말심야,0,46,8.34
3745,법정,5,23,지상파,24,63.9,4,평일심야,0,20,7.13
3746,법정,4,23,지상파,20,14.4,1,주말심야,0,42,10.39
3747,의학,4,11,케이블,20,33.2,4,평일저녁,1,22,8.29
3748,사극,5,21,지상파,8,18.3,4,주말저녁,0,28,14.17
3749,법정,5,18,케이블,16,35.1,4,평일심야,0,35,4.83
3750,의학,4,15,OTT,16,93.2,3,평일심야,0,44,8.96
3751,법정,3,9,케이블,12,55.6,2,주말저녁,0,23,12.1
3752,법정,5,23,OTT,8,35.8,1,평일저녁,0,47,6.4
3753,사극,4,8,지상파,20,78.8,4,평일저녁,0,49,10.33
3754,법정,5,16,케이블,12,49.1,3,평일심야,0,48,9.18
3755,의학,5,15,케이블,16,82.8,4,평일저녁,0,49,9.56
3756,로맨스,2,18,OTT,20,41.3,1,주말저녁,1,32,10.8
3757,사극,1,21,케이블,24,70.8,4,주말심야,0,21,13.47
3758,사극,4,23,지상파,16,28.2,3,주말심야,0,44,10.18
3759,판타지,1,9,케이블,32,13.6,3,주말심야,0,40,6.35
3760,의학,2,19,지상파,24,24.9,1,평일저녁,0,35,10.93
3761,의학,4,28,지상파,16,39.8,1,평일저녁,0,23,10.54
3762,로맨스,2,29,케이블,12,83.9,2,주말저녁,0,46,11.76
3763,의학,1,12,지상파,24,61.2,2,평일심야,0,30,10.05
3764,법정,2,3,OTT,16,73.0,3,평일저녁,0,21,9.52
3765,스릴러,2,19,케이블,16,16.6,1,평일심야,0,36,6.21
3766,판타지,4,26,OTT,8,92.6,3,주말심야,0,49,11.11
3767,로맨스,4,9,지상파,20,64.9,1,평일저녁,0,46,11.78
3768,판타지,2,11,지상파,8,45.1,2,평일저녁,0,50,8.32
3769,판타지,1,23,OTT,24,15.6,2,주말저녁,0,37,8.05
3770,로맨스,1,11,지상파,16,35.7,1,평일저녁,0,39,9.88
3771,의학,4,17,OTT,16,21.0,1,주말저녁,0,49,9.59
3772,코미디,2,20,지상파,8,54.4,4,평일저녁,1,31,10.4
3773,판타지,3,22,OTT,16,63.0,2,주말저녁,0,27,7.49
3774,판타지,3,6,케이블,12,11.5,4,평일저녁,1,28,8.69
3775,의학,4,18,지상파,24,48.1,4,주말심야,1,36,7.04
3776,스릴러,2,29,OTT,16,92.1,1,평일저녁,0,20,12.9
3777,판타지,5,12,케이블,24,61.0,4,주말저녁,0,41,5.65
3778,법정,1,15,케이블,16,37.7,2,평일심야,1,34,6.81
3779,법정,1,25,지상파,16,30.3,3,평일심야,0,35,9.78
3780,의학,5,17,지상파,16,89.1,4,평일저녁,0,29,9.88
3781,법정,3,21,지상파,20,62.1,4,주말저녁,0,20,12.29
3782,판타지,1,9,OTT,16,66.7,4,주말저녁,0,50,8.2
3783,로맨스,1,5,지상파,16,21.1,2,주말저녁,1,25,12.8
3784,사극,2,16,지상파,16,71.7,4,주말심야,0,23,9.63
3785,스릴러,3,6,지상파,16,64.1,4,주말저녁,0,39,10.95
3786,판타지,4,19,케이블,24,38.7,2,평일저녁,0,31,6.81
3787,사극,5,3,지상파,12,24.2,1,주말저녁,1,44,12.01
3788,코미디,2,26,지상파,8,73.0,1,평일심야,0,50,9.41
3789,판타지,5,3,지상파,24,45.3,1,평일저녁,1,32,6.34
3790,법정,3,8,케이블,24,18.9,1,주말저녁,1,38,8.44
3791,의학,2,18,지상파,24,67.0,2,주말저녁,0,46,10.85
3792,법정,1,26,케이블,20,34.8,1,평일저녁,0,44,11.25
3793,로맨스,4,22,케이블,16,58.5,2,평일저녁,0,30,9.08
3794,판타지,1,29,지상파,20,13.0,1,주말저녁,0,33,13.31
3795,판타지,1,10,케이블,12,21.5,4,평일저녁,1,45,9.75
3796,로맨스,3,18,케이블,16,42.9,2,주말저녁,0,50,9.43
3797,코미디,5,10,케이블,12,74.4,1,주말저녁,0,40,9.28
3798,판타지,4,4,지상파,24,88.5,3,주말저녁,1,40,7.25
3799,코미디,3,14,케이블,20,14.9,4,주말저녁,0,25,9.29
3800,코미디,4,29,지상파,12,43.3,4,평일저녁,1,22,9.81
3801,스릴러,1,18,지상파,16,69.4,2,주말저녁,0,34,14.98
3802,법정,5,13,지상파,16,58.5,3,평일저녁,0,49,6.67
3803,판타지,3,11,OTT,16,9.6,4,평일저녁,0,40,9.87
3804,스릴러,3,27,케이블,16,96.8,4,주말심야,0,24,9.75
3805,판타지,5,10,지상파,16,87.3,3,주말심야,0,24,8.65
3806,코미디,2,18,지상파,16,13.0,2,주말심야,0,31,10.89
3807,코미디,4,22,지상파,24,27.2,4,평일저녁,0,43,5.47
3808,사극,4,9,OTT,16,26.7,3,주말저녁,0,46,8.51
3809,사극,1,18,지상파,16,53.4,3,평일저녁,0,43,14.13
3810,의학,1,11,케이블,16,51.3,4,평일저녁,0,20,10.52
3811,판타지,5,6,지상파,16,13.7,1,평일저녁,0,28,7.7
3812,판타지,1,15,지상파,12,72.3,2,평일저녁,0,44,13.81
3813,의학,3,5,지상파,32,98.4,2,주말저녁,0,48,9.84
3814,스릴러,2,2,케이블,16,82.8,4,평일저녁,0,40,10.76
3815,법정,5,24,지상파,24,6.2,3,평일저녁,0,49,7.5
3816,로맨스,2,25,지상파,20,44.0,4,주말저녁,0,30,13.45
3817,법정,4,1,케이블,16,41.2,2,평일저녁,1,49,9.28
3818,의학,4,18,지상파,16,83.0,1,평일심야,0,50,7.99
3819,로맨스,5,23,OTT,8,6.5,1,주말저녁,0,39,8.15
3820,코미디,2,5,지상파,16,72.9,4,주말심야,1,35,9.43
3821,의학,1,12,케이블,12,74.4,2,평일심야,0,33,11.64
3822,로맨스,3,1,케이블,20,9.3,1,평일심야,0,21,3.7
3823,코미디,4,11,케이블,20,6.5,3,평일저녁,0,49,8.3
3824,의학,4,24,지상파,24,40.4,2,평일저녁,0,49,10.09
3825,사극,3,2,지상파,16,69.7,1,평일심야,0,48,10.38
3826,로맨스,1,20,지상파,12,56.1,1,주말저녁,0,32,15.12
3827,사극,5,6,지상파,12,71.2,1,평일저녁,1,38,8.15
3828,사극,5,26,케이블,20,61.0,4,평일심야,0,38,6.26
3829,법정,2,16,케이블,16,54.1,3,주말저녁,0,27,12.29
3830,의학,2,6,케이블,24,35.6,4,평일저녁,0,44,8.34
3831,코미디,2,16,지상파,24,6.8,2,평일저녁,1,46,10.07
3832,스릴러,1,12,지상파,20,89.5,2,주말심야,0,20,15.32
3833,사극,4,2,케이블,20,25.1,2,평일저녁,0,37,7.15
3834,코미디,5,26,지상파,16,72.9,3,평일심야,0,47,8.5
3835,판타지,2,27,케이블,8,88.2,1,평일저녁,0,20,12.82
3836,의학,4,29,OTT,12,54.0,3,평일심야,1,21,4.34
3837,스릴러,1,7,지상파,12,21.2,4,평일심야,1,50,7.05
3838,사극,4,7,지상파,24,41.1,4,평일심야,1,40,5.86
3839,판타지,1,22,OTT,12,95.5,3,평일저녁,0,31,10.71
3840,판타지,1,4,케이블,24,9.9,4,주말저녁,1,42,6.65
3841,의학,3,11,케이블,20,81.1,4,주말저녁,0,40,8.77
3842,사극,2,28,지상파,20,96.0,3,주말심야,1,24,11.7
3843,판타지,2,7,지상파,16,20.2,3,평일심야,0,30,9.27
3844,판타지,4,30,지상파,12,65.8,3,주말심야,0,24,9.12
3845,판타지,5,6,케이블,16,73.2,2,평일저녁,0,26,5.24
3846,코미디,4,14,지상파,16,86.0,3,평일저녁,0,47,8.93
3847,법정,5,14,지상파,16,49.6,3,평일저녁,0,48,8.42
3848,법정,5,29,OTT,24,99.2,2,평일심야,1,32,4.5
3849,의학,5,9,케이블,12,49.4,2,주말저녁,0,32,8.7
3850,사극,3,6,케이블,16,89.3,3,주말심야,0,20,10.65
3851,판타지,4,24,케이블,20,44.9,4,평일저녁,0,47,8.35
3852,코미디,1,26,지상파,24,44.4,3,평일저녁,1,21,11.35
3853,판타지,5,17,OTT,24,41.4,4,평일저녁,0,33,4.02
3854,로맨스,5,6,지상파,16,74.2,1,주말저녁,0,37,9.65
3855,판타지,2,27,지상파,16,92.8,3,평일저녁,0,30,15.15
3856,코미디,5,12,지상파,16,9.9,2,평일저녁,1,32,6.01
3857,로맨스,1,3,지상파,20,57.6,2,주말저녁,0,40,11.71
3858,법정,3,19,지상파,12,60.8,3,평일저녁,0,30,9.57
3859,코미디,3,3,지상파,8,63.9,1,평일심야,1,41,8.42
3860,법정,1,2,케이블,8,32.8,1,평일심야,0,31,8.88
3861,의학,2,15,지상파,12,94.2,1,주말심야,1,32,12.37
3862,의학,4,12,OTT,12,56.7,1,주말저녁,0,29,8.19
3863,사극,1,7,케이블,16,96.1,4,주말저녁,0,25,11.16
3864,스릴러,2,27,지상파,16,95.6,4,주말저녁,0,44,13.64
3865,법정,5,21,지상파,16,14.5,1,주말저녁,0,27,9.68
3866,스릴러,4,5,지상파,16,66.8,4,평일저녁,0,43,9.12
3867,판타지,5,24,지상파,16,12.3,4,평일저녁,0,29,10.67
3868,사극,5,23,지상파,20,57.5,2,평일저녁,0,34,11.01
3869,판타지,1,21,지상파,8,31.9,1,평일저녁,0,28,12.6
3870,코미디,1,22,지상파,16,99.9,3,평일심야,0,24,9.9
3871,법정,4,5,OTT,16,52.2,2,평일심야,0,42,2.58
3872,코미디,3,5,지상파,16,38.2,4,주말저녁,0,36,12.77
3873,의학,2,14,지상파,16,76.5,4,주말심야,0,36,10.45
3874,의학,1,13,케이블,24,37.4,3,평일저녁,0,44,7.47
3875,로맨스,4,30,케이블,16,63.3,1,평일저녁,0,20,10.04
3876,의학,2,28,OTT,24,50.7,4,주말심야,0,20,9.56
3877,법정,5,20,OTT,24,92.2,2,평일심야,0,21,3.24
3878,의학,1,0,OTT,24,58.8,1,평일심야,0,28,9.54
3879,의학,4,3,지상파,20,53.2,2,평일저녁,0,41,10.78
3880,판타지,2,6,지상파,24,22.3,1,평일심야,1,50,6.56
3881,사극,5,11,지상파,12,49.9,2,평일저녁,0,43,8.64
3882,스릴러,3,18,지상파,20,25.8,4,평일심야,0,26,8.21
3883,판타지,3,30,지상파,24,68.7,1,평일심야,0,40,10.45
3884,코미디,4,8,지상파,12,24.6,1,평일저녁,0,45,6.59
3885,법정,1,27,지상파,20,51.1,4,평일저녁,1,22,11.19
3886,판타지,5,3,OTT,24,64.1,3,주말저녁,1,38,5.82
3887,코미디,1,17,케이블,16,94.5,3,평일저녁,0,39,12.08
3888,사극,4,2,지상파,8,71.6,2,평일저녁,1,26,11.03
3889,판타지,2,3,OTT,8,83.9,2,평일심야,0,26,6.46
3890,로맨스,2,25,지상파,16,77.6,3,평일저녁,0,35,11.59
3891,의학,2,27,지상파,24,50.9,2,주말저녁,0,47,14.24
3892,사극,3,25,케이블,16,33.8,3,주말심야,1,44,10.14
3893,로맨스,4,14,지상파,16,37.6,3,주말저녁,0,24,11.21
3894,사극,4,30,지상파,12,69.7,2,평일심야,0,25,9.99
3895,스릴러,1,22,지상파,20,96.9,3,주말저녁,0,20,13.39
3896,사극,2,17,지상파,8,54.3,3,평일저녁,0,41,13.52
3897,판타지,2,25,케이블,24,99.3,3,주말저녁,0,20,12.01
3898,판타지,2,26,케이블,20,61.8,2,평일저녁,0,46,11.2
3899,코미디,3,20,지상파,12,17.9,3,주말저녁,0,37,9.04
3900,스릴러,5,20,케이블,24,10.3,1,평일저녁,0,41,4.8
3901,법정,5,27,케이블,16,17.6,2,주말저녁,0,30,10.77
3902,코미디,1,0,지상파,16,24.7,2,평일저녁,0,25,7.27
3903,의학,5,0,케이블,16,82.5,2,평일저녁,0,39,6.83
3904,법정,4,9,지상파,20,27.6,3,주말저녁,0,35,9.14
3905,로맨스,4,14,케이블,12,38.6,4,평일저녁,0,41,7.28
3906,법정,2,28,지상파,16,12.9,4,평일심야,0,21,8.9
3907,사극,2,3,지상파,16,74.0,3,주말심야,0,47,10.15
3908,로맨스,2,19,OTT,12,94.1,3,평일심야,1,34,6.26
3909,법정,4,23,케이블,20,42.0,1,평일저녁,0,34,6.67
3910,코미디,4,7,지상파,16,13.0,4,평일심야,1,28,7.58
3911,로맨스,2,24,지상파,16,94.5,4,평일저녁,0,41,12.12
3912,코미디,3,6,OTT,16,77.7,1,평일심야,0,41,7.26
3913,로맨스,3,6,케이블,16,69.0,4,평일저녁,0,32,7.24
3914,코미디,3,17,케이블,16,41.0,4,평일저녁,0,30,12.04
3915,로맨스,3,16,OTT,16,58.4,4,주말저녁,0,22,10.4
3916,로맨스,2,26,지상파,20,81.7,2,주말저녁,0,30,13.18
3917,로맨스,3,30,케이블,12,91.3,3,평일저녁,0,23,11.69
3918,로맨스,4,9,케이블,16,35.4,4,주말저녁,0,36,9.23
3919,의학,5,13,지상파,16,63.3,3,평일저녁,1,37,13.86
3920,로맨스,5,9,OTT,16,83.5,4,평일저녁,1,50,7.59
3921,사극,5,9,지상파,20,9.3,2,주말심야,0,41,7.88
3922,판타지,1,0,케이블,20,16.2,4,평일심야,0,42,4.89
3923,스릴러,3,11,지상파,24,67.8,2,주말저녁,0,38,12.55
3924,법정,5,10,케이블,16,38.5,1,평일저녁,0,43,7.86
3925,로맨스,5,18,지상파,20,92.1,3,평일저녁,0,31,13.15
3926,사극,2,19,OTT,16,6.6,3,평일저녁,0,45,8.32
3927,의학,3,1,지상파,16,45.7,2,주말저녁,0,44,11.34
3928,법정,5,23,지상파,20,47.5,1,주말심야,0,44,9.18
3929,판타지,2,26,케이블,20,92.6,2,주말저녁,0,30,12.03
3930,법정,3,23,OTT,12,29.4,2,평일저녁,0,28,9.28
3931,스릴러,4,1,케이블,32,92.3,1,주말저녁,0,32,8.23
3932,코미디,3,24,지상파,16,19.4,4,주말심야,0,29,12.02
3933,판타지,2,18,케이블,16,36.3,2,주말저녁,0,42,12.59
3934,사극,5,5,OTT,20,81.9,1,평일저녁,0,26,8.28
3935,판타지,2,19,지상파,12,62.0,2,평일심야,0,47,8.42
3936,스릴러,5,19,OTT,12,95.7,2,평일심야,0,24,12.65
3937,법정,2,25,지상파,12,26.2,1,평일저녁,1,23,11.37
3938,판타지,2,6,지상파,24,9.6,2,주말저녁,0,21,9.13
3939,코미디,4,11,OTT,24,26.0,1,평일저녁,0,36,4.19
3940,코미디,4,29,지상파,16,61.0,4,평일심야,0,25,8.06
3941,스릴러,2,28,케이블,32,11.3,4,주말저녁,1,36,9.94
3942,스릴러,2,20,지상파,16,21.9,1,주말저녁,0,33,12.2
3943,스릴러,3,8,OTT,20,11.0,2,평일저녁,0,44,6.15
3944,사극,4,18,지상파,20,86.8,2,평일저녁,0,26,12.22
3945,코미디,5,15,지상파,16,31.0,1,평일저녁,0,29,9.59
3946,스릴러,5,12,케이블,16,33.2,2,주말심야,0,34,8.46
3947,법정,2,16,케이블,16,64.3,2,주말저녁,0,45,8.28
3948,로맨스,1,24,OTT,12,90.2,1,주말저녁,0,27,11.93
3949,사극,5,23,지상파,16,46.8,3,주말저녁,0,20,11.06
3950,코미디,5,30,OTT,12,5.9,3,주말심야,0,30,6.92
3951,스릴러,1,10,지상파,12,94.1,3,평일저녁,0,27,11.32
3952,로맨스,3,2,케이블,32,22.4,2,평일심야,0,47,4.59
3953,코미디,1,28,지상파,16,53.9,2,평일심야,0,43,9.04
3954,코미디,4,24,OTT,20,30.2,4,평일심야,0,40,4.95
3955,법정,5,9,지상파,8,11.3,1,평일심야,0,32,5.69
3956,사극,1,17,OTT,12,18.8,2,평일심야,1,20,10.15
3957,의학,2,3,지상파,16,49.6,4,평일저녁,0,28,11.22
3958,사극,2,29,케이블,24,15.8,1,평일저녁,1,50,10.72
3959,법정,4,17,지상파,24,16.4,1,주말저녁,0,27,8.29
3960,스릴러,4,20,케이블,16,17.4,2,평일저녁,0,32,9.76
3961,법정,1,20,지상파,12,94.8,2,평일저녁,0,45,13.62
3962,로맨스,3,22,케이블,12,89.2,3,주말저녁,0,36,11.31
3963,코미디,4,10,지상파,24,33.0,2,평일저녁,1,25,6.74
3964,스릴러,3,29,케이블,8,76.8,4,평일저녁,0,20,9.08
3965,코미디,1,9,OTT,12,28.3,2,평일심야,0,46,9.41
3966,의학,1,27,지상파,12,89.3,2,주말심야,0,22,11.6
3967,로맨스,5,5,케이블,8,92.2,3,주말저녁,0,49,9.35
3968,법정,1,29,지상파,16,12.8,3,주말저녁,0,21,16.15
3969,사극,3,29,지상파,24,31.6,4,평일저녁,0,22,11.8
3970,의학,4,2,케이블,16,73.8,3,주말저녁,0,30,12.77
3971,사극,1,21,OTT,16,91.2,4,평일심야,0,40,8.62
3972,판타지,3,1,지상파,8,44.2,4,주말저녁,0,41,12.63
3973,사극,2,19,지상파,12,54.2,4,주말저녁,0,38,14.67
3974,스릴러,3,9,지상파,16,40.8,2,주말저녁,0,37,11.1
3975,판타지,1,21,OTT,16,68.5,2,평일심야,0,36,10.35
3976,의학,3,11,지상파,8,41.1,3,주말저녁,0,35,11.45
3977,코미디,2,22,지상파,16,69.1,3,평일저녁,0,39,12.21
3978,사극,5,9,지상파,16,40.7,1,주말저녁,0,22,10.94
3979,스릴러,2,30,케이블,20,55.4,3,주말저녁,0,48,14.17
3980,스릴러,2,29,케이블,16,85.7,2,주말저녁,0,22,12.93
3981,스릴러,4,25,케이블,8,30.0,4,주말저녁,0,28,11.43
3982,의학,5,5,OTT,20,87.7,1,평일저녁,0,45,7.4
3983,로맨스,5,7,OTT,16,65.0,3,주말저녁,0,34,6.57
3984,코미디,4,19,지상파,8,27.0,2,주말저녁,0,40,7.92
3985,판타지,4,15,지상파,8,56.0,1,평일저녁,0,39,5.51
3986,판타지,5,28,케이블,16,9.2,3,주말저녁,0,45,6.45
3987,스릴러,4,0,지상파,24,22.0,3,주말저녁,1,42,8.49
3988,사극,3,17,OTT,16,37.8,1,주말저녁,0,20,10.54
3989,사극,5,12,지상파,12,42.3,2,평일저녁,0,30,9.58
3990,법정,1,3,지상파,16,66.6,3,주말저녁,0,46,13.93
3991,의학,2,23,OTT,16,68.1,2,평일저녁,0,45,12.18
3992,코미디,1,6,케이블,8,20.3,2,평일저녁,0,47,6.67
3993,코미디,3,26,지상파,16,13.9,4,평일저녁,0,48,8.65
3994,스릴러,3,23,케이블,16,41.0,2,평일저녁,0,36,9.86
3995,의학,2,30,케이블,16,83.0,2,평일심야,1,37,10.98
3996,의학,1,8,OTT,16,93.5,4,평일저녁,0,33,10.76
3997,사극,2,10,지상파,16,67.5,4,평일저녁,0,46,9.71
3998,사극,3,0,지상파,32,43.1,1,평일심야,0,21,8.98
3999,사극,1,13,OTT,20,91.0,1,평일저녁,1,45,13.12
4000,스릴러,1,14,지상파,24,48.1,1,평일심야,0,39,8.42
4001,로맨스,1,29,케이블,16,13.5,4,주말심야,1,32,9.76
4002,의학,3,15,케이블,20,76.2,2,주말저녁,0,47,9.95
4003,의학,5,10,지상파,24,36.3,4,주말저녁,0,33,7.58
4004,법정,1,26,OTT,16,66.6,1,평일심야,1,38,8.09
4005,사극,3,7,지상파,8,70.9,1,평일심야,0,37,11.75
4006,의학,3,28,지상파,16,18.4,2,평일저녁,0,43,11.43
4007,판타지,3,29,지상파,16,61.5,1,평일저녁,0,43,10.46
4008,스릴러,2,28,지상파,16,91.8,3,주말저녁,1,32,14.15
4009,로맨스,2,28,지상파,12,18.7,2,주말저녁,0,28,13.56
4010,법정,5,11,OTT,16,84.0,1,평일저녁,0,32,4.51
4011,의학,1,28,케이블,16,74.3,3,평일심야,0,20,7.72
4012,로맨스,5,24,케이블,24,23.4,4,평일저녁,0,20,7.68
4013,의학,3,16,케이블,16,98.4,1,평일저녁,0,28,8.33
4014,법정,5,2,케이블,16,36.7,2,평일심야,0,46,5.82
4015,로맨스,1,17,케이블,12,8.0,4,평일저녁,1,28,10.69
4016,판타지,2,17,지상파,12,65.3,4,평일저녁,0,20,10.5
4017,스릴러,4,6,OTT,12,24.5,1,평일심야,0,29,7.71
4018,의학,4,6,케이블,24,72.0,2,평일저녁,0,34,6.29
4019,의학,5,13,케이블,16,55.2,1,주말저녁,1,50,9.22
4020,법정,1,8,지상파,16,88.2,2,주말심야,0,43,13.4
4021,법정,5,16,케이블,20,88.6,1,평일저녁,0,23,8.06
4022,로맨스,3,18,OTT,16,93.6,3,평일저녁,0,33,8.2
4023,로맨스,2,22,케이블,8,8.0,2,주말저녁,0,50,12.17
4024,스릴러,1,24,케이블,16,91.0,4,주말심야,0,37,10.95
4025,로맨스,1,16,지상파,12,28.4,3,평일심야,0,33,9.83
4026,법정,2,27,지상파,12,66.1,1,주말저녁,0,50,12.68
4027,의학,5,8,케이블,16,96.7,1,평일저녁,1,22,9.42
4028,법정,1,18,케이블,20,59.1,2,평일저녁,1,27,7.93
4029,법정,4,16,OTT,20,22.6,2,평일심야,0,23,5.69
4030,코미디,3,28,케이블,32,89.4,2,평일심야,0,26,8.67
4031,사극,4,15,지상파,16,61.7,1,주말저녁,0,24,12.01
4032,법정,2,4,지상파,24,32.3,1,평일심야,0,21,9.37
4033,판타지,2,20,케이블,20,17.9,2,주말심야,1,42,5.93
4034,법정,3,17,케이블,20,91.0,2,주말심야,0,26,10.86
4035,법정,2,21,지상파,16,30.6,1,평일저녁,0,38,10.64
4036,로맨스,3,9,OTT,16,67.1,4,평일심야,0,24,7.44
4037,로맨스,2,27,OTT,16,84.8,4,주말저녁,0,48,9.14
4038,스릴러,3,18,지상파,12,17.7,4,주말저녁,0,50,12.74
4039,로맨스,2,5,케이블,16,68.5,3,평일저녁,0,24,9.25
4040,의학,5,1,케이블,24,24.0,3,평일저녁,0,47,6.8
4041,코미디,1,3,지상파,16,84.2,4,주말저녁,0,38,12.9
4042,스릴러,5,22,지상파,8,84.9,2,주말저녁,0,39,11.91
4043,사극,4,13,케이블,20,27.0,1,평일저녁,0,47,8.84
4044,법정,1,3,지상파,12,40.3,1,주말심야,0,38,8.04
4045,스릴러,1,7,지상파,12,96.2,2,평일저녁,1,25,12.02
4046,스릴러,5,18,지상파,8,15.7,2,평일심야,0,40,11.38
4047,코미디,2,22,케이블,12,41.5,1,평일저녁,0,43,9.51
4048,로맨스,4,12,지상파,16,26.8,1,평일심야,0,43,7.87
4049,법정,2,0,케이블,12,82.9,2,주말저녁,0,44,8.34
4050,사극,4,3,OTT,20,35.6,2,평일심야,0,35,3.18
4051,판타지,5,22,지상파,20,23.4,2,주말저녁,0,22,8.49
4052,스릴러,3,6,OTT,24,7.7,3,주말저녁,1,34,8.51
4053,법정,4,2,지상파,24,48.9,2,주말저녁,0,21,6.83
4054,로맨스,1,0,지상파,20,49.6,3,평일저녁,0,21,11.74
4055,사극,2,2,OTT,20,90.1,3,주말저녁,0,47,10.33
4056,스릴러,2,10,지상파,16,48.6,3,평일저녁,0,45,10.58
4057,법정,5,22,지상파,24,36.3,2,평일심야,0,30,8.48
4058,법정,4,8,지상파,24,17.8,4,주말저녁,0,43,10.89
4059,법정,1,18,OTT,16,73.4,3,주말저녁,0,37,10.95
4060,코미디,2,25,케이블,24,20.8,4,주말심야,1,48,8.72
4061,판타지,1,26,OTT,12,24.0,1,평일저녁,0,44,8.91
4062,로맨스,3,14,지상파,16,94.6,4,주말저녁,1,47,7.92
4063,코미디,4,10,지상파,8,94.9,4,평일저녁,0,47,11.34
4064,스릴러,4,1,케이블,24,69.9,4,주말저녁,0,32,9.85
4065,코미디,5,0,지상파,12,34.1,1,평일저녁,0,22,7.74
4066,코미디,5,22,케이블,24,44.8,3,평일심야,0,47,4.92
4067,로맨스,2,14,케이블,16,58.9,4,평일저녁,0,24,12.89
4068,법정,3,13,지상파,12,92.1,1,평일저녁,0,48,13.03
4069,판타지,1,26,지상파,20,15.2,1,평일저녁,0,24,15.6
4070,법정,3,27,OTT,16,92.2,1,평일심야,0,42,8.87
4071,로맨스,3,18,지상파,32,46.4,1,평일저녁,0,38,9.98
4072,의학,5,0,케이블,12,61.5,2,평일저녁,0,24,8.65
4073,코미디,2,11,지상파,32,19.7,1,평일심야,0,24,5.37
4074,스릴러,5,13,지상파,24,34.0,3,평일심야,0,50,4.88
4075,법정,5,27,케이블,16,42.3,2,평일심야,0,45,7.02
4076,사극,4,20,케이블,12,27.9,3,주말저녁,0,25,8.87
4077,로맨스,5,25,케이블,16,35.0,3,주말저녁,1,37,6.55
4078,판타지,3,6,지상파,12,29.7,4,주말저녁,0,25,10.19
4079,의학,4,21,지상파,12,89.9,4,주말저녁,0,24,11.82
4080,사극,1,7,지상파,32,51.2,2,평일저녁,1,24,10.0
4081,판타지,1,16,지상파,16,10.8,2,주말저녁,1,36,9.28
4082,스릴러,5,27,지상파,16,61.0,2,주말심야,0,22,5.22
4083,로맨스,3,26,지상파,12,24.4,2,평일저녁,0,23,10.96
4084,법정,4,4,케이블,32,63.4,4,평일심야,0,23,9.38
4085,사극,3,17,OTT,16,51.9,4,평일저녁,0,34,7.57
4086,코미디,4,20,지상파,16,12.3,3,주말저녁,0,39,8.19
4087,스릴러,2,28,케이블,16,36.7,3,주말심야,1,41,9.03
4088,코미디,5,18,지상파,16,88.8,2,평일저녁,0,33,12.03
4089,판타지,4,2,OTT,16,85.8,2,평일저녁,0,26,8.72
4090,로맨스,1,30,지상파,12,70.9,2,평일저녁,0,38,11.78
4091,스릴러,3,6,케이블,16,64.3,1,주말저녁,1,23,8.84
4092,스릴러,1,14,OTT,12,41.5,2,평일저녁,1,47,7.97
4093,로맨스,2,19,OTT,16,63.5,3,주말심야,0,50,8.34
4094,법정,5,29,지상파,16,83.4,3,주말저녁,0,21,13.26
4095,사극,1,24,케이블,20,24.2,3,평일저녁,0,35,9.23
4096,판타지,5,7,OTT,16,14.7,2,평일심야,0,43,3.69
4097,판타지,5,1,지상파,16,54.2,3,주말저녁,0,27,6.44
4098,사극,1,18,지상파,24,75.6,1,평일저녁,0,39,12.62
4099,판타지,2,29,OTT,20,44.3,4,평일저녁,0,35,9.3
4100,코미디,5,6,지상파,24,7.6,4,주말저녁,1,50,8.31
4101,스릴러,4,23,지상파,8,52.1,1,주말저녁,0,41,11.47
4102,의학,4,29,지상파,20,10.0,4,평일심야,0,20,7.69
4103,코미디,1,13,지상파,20,63.0,3,평일저녁,0,43,9.41
4104,의학,5,8,지상파,32,56.8,2,주말저녁,0,26,10.62
4105,로맨스,3,8,케이블,20,63.4,1,평일저녁,0,43,7.95
4106,법정,4,20,케이블,16,59.2,1,평일심야,0,39,6.99
4107,스릴러,4,9,케이블,16,35.7,3,평일저녁,0,44,7.7
4108,의학,1,17,케이블,16,55.9,3,평일저녁,0,42,12.45
4109,스릴러,1,17,지상파,16,68.6,3,주말저녁,0,22,13.16
4110,코미디,4,25,케이블,32,81.8,4,주말저녁,0,48,8.49
4111,법정,3,27,OTT,20,33.5,2,주말저녁,0,23,9.13
4112,로맨스,4,7,지상파,8,46.8,2,평일저녁,0,21,10.88
4113,판타지,5,5,케이블,12,92.7,3,평일저녁,0,24,6.37
4114,법정,5,29,지상파,12,23.3,1,주말심야,0,24,8.62
4115,스릴러,1,16,케이블,24,98.4,1,주말저녁,0,27,11.43
4116,스릴러,4,30,지상파,20,40.7,2,주말저녁,0,23,12.87
4117,의학,4,8,지상파,12,34.8,4,평일저녁,0,50,9.54
4118,스릴러,5,5,지상파,8,43.3,3,평일저녁,0,30,7.72
4119,판타지,2,24,지상파,16,68.5,2,평일저녁,1,31,12.41
4120,로맨스,4,25,케이블,16,14.0,2,주말저녁,0,36,10.76
4121,법정,4,25,케이블,16,36.7,1,평일저녁,0,32,10.65
4122,코미디,2,6,케이블,20,77.4,1,주말심야,1,36,7.66
4123,판타지,5,13,OTT,32,60.0,1,주말심야,0,46,6.59
4124,스릴러,4,5,지상파,16,49.9,1,평일심야,0,44,4.74
4125,사극,4,13,지상파,16,71.0,1,주말저녁,0,47,9.87
4126,로맨스,1,17,케이블,16,89.4,2,평일저녁,0,37,13.16
4127,법정,2,1,지상파,16,61.9,2,주말심야,0,29,8.82
4128,판타지,1,14,지상파,16,75.1,4,평일저녁,0,41,9.02
4129,로맨스,3,10,지상파,12,91.0,2,평일저녁,0,50,11.36
4130,사극,2,24,케이블,16,28.1,2,평일심야,0,29,9.13
4131,의학,4,14,지상파,24,82.4,3,평일저녁,0,49,9.26
4132,스릴러,3,22,케이블,16,30.2,2,주말저녁,0,29,11.39
4133,판타지,3,24,지상파,16,86.5,4,주말심야,0,28,10.28
4134,스릴러,1,16,케이블,16,82.2,4,주말저녁,0,23,12.35
4135,의학,3,1,지상파,24,10.0,3,주말저녁,0,21,10.28
4136,로맨스,3,2,지상파,20,26.8,3,주말저녁,0,30,12.42
4137,법정,2,25,케이블,12,6.9,1,평일저녁,0,34,9.84
4138,사극,5,26,케이블,16,85.9,2,주말저녁,0,25,9.17
4139,로맨스,4,5,케이블,24,9.5,3,주말심야,0,39,4.92
4140,스릴러,5,20,지상파,24,82.7,2,평일저녁,1,26,13.21
4141,코미디,2,22,케이블,16,94.0,4,평일저녁,0,21,12.41
4142,의학,1,1,케이블,12,53.3,3,평일저녁,0,32,8.4
4143,의학,3,25,지상파,24,7.1,1,평일저녁,0,28,9.25
4144,사극,1,4,케이블,20,46.9,2,평일저녁,0,27,8.63
4145,법정,4,24,OTT,20,16.2,2,평일저녁,0,21,6.5
4146,스릴러,3,19,OTT,12,37.6,4,평일저녁,0,28,7.22
4147,판타지,2,18,케이블,20,7.9,3,주말저녁,0,23,9.85
4148,판타지,5,21,지상파,16,93.8,1,평일저녁,0,27,11.58
4149,사극,4,19,케이블,32,93.2,1,주말저녁,0,34,11.26
4150,코미디,2,21,지상파,12,70.9,1,주말심야,0,39,7.75
4151,법정,5,24,지상파,20,64.3,4,평일저녁,0,50,10.59
4152,판타지,1,18,케이블,16,92.9,4,주말심야,0,39,7.27
4153,판타지,2,13,지상파,32,90.7,1,평일저녁,1,32,11.02
4154,코미디,2,19,OTT,16,32.8,3,주말저녁,0,35,9.94
4155,로맨스,2,6,케이블,16,10.8,1,주말심야,0,36,8.57
4156,판타지,3,0,지상파,16,35.3,4,평일저녁,0,28,9.83
4157,스릴러,1,20,지상파,16,8.7,1,주말심야,0,28,11.73
4158,스릴러,1,2,OTT,20,97.6,1,주말심야,0,32,9.45
4159,사극,4,23,지상파,12,22.0,4,주말저녁,0,25,13.68
4160,사극,4,13,OTT,20,83.2,1,평일저녁,0,28,10.32
4161,코미디,1,23,케이블,24,45.9,4,평일심야,0,41,9.2
4162,로맨스,2,11,지상파,32,60.8,1,평일심야,0,45,8.17
4163,사극,2,29,OTT,16,16.1,3,주말저녁,0,29,9.53
4164,의학,3,13,지상파,16,83.0,2,주말저녁,0,23,12.0
4165,법정,2,3,케이블,20,7.9,1,주말저녁,0,24,11.8
4166,스릴러,1,23,OTT,16,30.2,3,주말심야,0,49,11.79
4167,코미디,5,28,케이블,8,62.1,3,평일저녁,0,50,8.09
4168,법정,3,0,케이블,16,46.0,3,주말저녁,0,35,11.85
4169,코미디,2,19,케이블,16,76.9,2,주말심야,0,25,7.6
4170,코미디,5,25,OTT,32,40.7,1,주말저녁,0,20,7.88
4171,판타지,3,12,지상파,16,9.8,1,주말저녁,0,49,10.9
4172,스릴러,5,30,케이블,24,49.0,1,평일저녁,0,41,9.61
4173,법정,1,23,지상파,20,67.6,2,평일심야,1,34,13.15
4174,판타지,3,14,지상파,16,46.7,4,평일저녁,0,38,12.16
4175,스릴러,5,20,케이블,12,10.1,3,주말저녁,0,48,9.32
4176,코미디,4,15,지상파,16,29.9,1,주말저녁,0,26,8.14
4177,판타지,1,4,케이블,16,78.7,1,주말저녁,0,50,11.48
4178,사극,3,19,지상파,16,33.4,3,평일심야,0,30,12.1
4179,사극,1,7,지상파,24,16.4,2,주말저녁,0,46,10.63
4180,법정,3,1,OTT,16,57.4,3,평일심야,0,24,6.02
4181,스릴러,5,18,케이블,8,42.9,2,평일저녁,0,41,7.4
4182,의학,3,1,지상파,16,15.9,2,주말저녁,1,24,8.0
4183,법정,1,1,지상파,16,92.6,4,평일심야,1,45,10.22
4184,스릴러,3,2,지상파,16,75.0,3,평일심야,0,44,10.33
4185,코미디,1,13,지상파,12,38.3,2,주말심야,1,32,12.04
4186,스릴러,5,17,지상파,16,36.9,2,평일저녁,0,20,7.35
4187,코미디,5,24,지상파,16,14.7,3,평일저녁,1,49,7.2
4188,사극,5,13,케이블,16,69.0,1,평일심야,0,47,7.14
4189,의학,4,0,케이블,20,38.8,2,주말저녁,0,37,10.89
4190,사극,1,0,지상파,16,62.1,2,주말저녁,0,29,12.89
4191,법정,4,25,지상파,8,93.4,1,주말저녁,0,43,11.44
4192,로맨스,1,2,지상파,16,15.7,4,평일저녁,1,20,13.03
4193,스릴러,4,7,케이블,16,13.6,1,주말저녁,0,42,5.33
4194,의학,5,17,지상파,16,70.8,3,평일심야,0,27,8.86
4195,스릴러,5,30,OTT,16,98.6,1,평일심야,0,29,6.74
4196,스릴러,1,27,지상파,24,26.8,4,평일심야,0,30,9.58
4197,판타지,3,22,지상파,20,64.5,2,평일심야,0,30,9.11
4198,판타지,5,2,케이블,24,53.9,2,주말저녁,0,28,7.81
4199,판타지,5,21,케이블,16,17.1,3,주말저녁,0,31,6.05
4200,판타지,1,26,케이블,12,82.5,1,평일저녁,0,27,11.72
4201,의학,2,10,지상파,16,70.7,4,평일저녁,0,29,10.2
4202,로맨스,4,16,케이블,12,88.1,4,주말저녁,0,31,8.96
4203,의학,5,29,케이블,16,32.2,4,주말저녁,0,20,11.54
4204,법정,1,10,지상파,8,66.0,2,평일저녁,0,23,9.91
4205,스릴러,1,3,OTT,32,24.2,2,주말저녁,0,23,8.17
4206,법정,1,12,지상파,16,96.9,1,주말저녁,0,45,12.31
4207,스릴러,2,22,지상파,24,60.8,4,평일저녁,0,46,9.37
4208,의학,1,26,지상파,24,38.4,2,평일저녁,0,45,10.81
4209,로맨스,5,23,지상파,20,82.8,1,주말저녁,0,31,10.15
4210,판타지,1,22,OTT,12,74.5,3,평일저녁,1,37,13.31
4211,법정,1,28,OTT,16,24.9,1,평일저녁,1,20,11.57
4212,사극,3,15,케이블,16,48.3,3,주말저녁,0,21,11.64
4213,로맨스,4,15,지상파,20,84.5,1,주말심야,0,25,9.14
4214,사극,1,1,OTT,16,7.1,1,평일심야,0,30,8.89
4215,의학,2,8,OTT,16,25.1,1,평일저녁,0,50,11.34
4216,법정,3,10,케이블,20,46.8,4,평일저녁,0,30,11.12
4217,판타지,4,28,케이블,16,77.2,1,평일심야,0,46,9.85
4218,코미디,3,6,지상파,12,47.4,4,평일심야,0,50,7.01
4219,코미디,2,20,지상파,24,54.4,4,평일저녁,0,47,11.64
4220,판타지,5,9,지상파,24,39.3,2,주말저녁,0,32,7.63
4221,스릴러,5,30,지상파,12,90.8,4,평일저녁,0,22,8.37
4222,코미디,3,23,지상파,12,19.1,3,평일저녁,1,24,9.36
4223,로맨스,2,12,케이블,20,89.4,4,평일심야,0,49,10.34
4224,로맨스,2,16,케이블,24,80.5,3,주말저녁,0,45,9.73
4225,법정,4,17,케이블,8,67.1,2,평일저녁,0,36,9.46
4226,코미디,3,29,케이블,16,93.8,2,주말저녁,0,49,14.1
4227,의학,2,7,지상파,20,39.5,4,평일심야,1,38,9.1
4228,판타지,5,4,케이블,16,21.8,2,평일심야,0,22,4.46
4229,코미디,1,6,OTT,16,20.8,4,주말저녁,0,20,11.22
4230,코미디,1,25,OTT,16,69.4,2,주말저녁,0,34,12.63
4231,판타지,2,23,케이블,24,24.9,1,평일저녁,0,20,7.52
4232,의학,4,3,OTT,12,48.3,2,주말심야,0,21,8.42
4233,코미디,3,28,지상파,24,22.2,1,주말저녁,1,32,10.12
4234,로맨스,4,17,케이블,16,21.6,2,평일심야,1,23,5.84
4235,코미디,3,25,케이블,20,48.8,2,평일저녁,0,35,10.96
4236,판타지,1,20,케이블,32,12.8,3,평일저녁,0,25,10.72
4237,판타지,1,16,케이블,16,76.3,2,평일저녁,0,20,10.36
4238,로맨스,5,7,케이블,16,53.9,1,평일저녁,0,44,7.97
4239,법정,1,0,지상파,16,24.5,3,주말저녁,0,35,12.61
4240,코미디,4,18,케이블,24,10.9,1,평일저녁,0,26,6.71
4241,판타지,3,16,OTT,8,87.0,2,평일저녁,0,44,8.31
4242,로맨스,2,30,케이블,20,10.1,3,주말심야,0,31,9.05
4243,의학,1,17,지상파,24,88.7,4,주말저녁,0,37,10.76
4244,의학,2,16,OTT,16,5.7,2,주말심야,0,27,8.3
4245,스릴러,2,29,지상파,20,5.6,1,주말심야,1,40,10.52
4246,스릴러,5,5,케이블,16,21.0,2,주말저녁,0,31,10.22
4247,법정,5,5,지상파,16,66.5,2,주말심야,1,21,5.57
4248,스릴러,4,17,OTT,16,46.8,2,평일심야,0,20,5.75
4249,의학,1,11,지상파,24,41.5,1,평일저녁,0,43,12.43
4250,로맨스,2,27,지상파,16,96.7,2,평일저녁,0,32,14.24
4251,의학,5,9,지상파,16,52.0,1,주말심야,0,30,7.99
4252,의학,2,24,지상파,16,28.6,4,평일심야,0,42,12.97
4253,법정,5,4,OTT,16,33.0,2,평일저녁,0,28,6.19
4254,로맨스,2,28,지상파,32,34.9,1,평일저녁,0,42,12.32
4255,코미디,4,7,지상파,32,85.4,4,평일심야,0,48,6.72
4256,판타지,5,23,지상파,16,27.4,1,평일저녁,0,43,9.04
4257,스릴러,2,21,지상파,12,78.8,1,평일심야,0,22,10.37
4258,스릴러,1,14,지상파,16,5.4,2,평일저녁,0,25,9.54
4259,로맨스,3,15,OTT,16,46.7,2,주말심야,0,20,7.77
4260,판타지,4,21,OTT,20,75.5,3,평일심야,0,36,4.18
4261,법정,3,23,지상파,16,33.2,1,평일심야,1,28,11.62
4262,판타지,5,7,지상파,16,23.6,2,주말저녁,0,29,7.67
4263,의학,3,21,OTT,32,51.4,2,평일저녁,0,22,10.86
4264,스릴러,2,27,지상파,24,12.5,2,주말저녁,1,45,9.69
4265,법정,2,22,지상파,8,52.0,2,평일저녁,1,49,11.25
4266,사극,5,22,케이블,16,83.2,2,평일저녁,0,46,10.48
4267,사극,1,5,OTT,16,42.2,1,주말심야,0,39,8.38
4268,판타지,5,10,지상파,24,61.2,3,평일심야,0,41,8.57
4269,의학,5,29,케이블,16,5.6,4,평일저녁,0,28,5.97
4270,로맨스,2,9,지상파,16,6.4,4,주말저녁,0,28,11.34
4271,스릴러,1,27,지상파,24,92.6,4,주말저녁,1,40,12.37
4272,사극,2,1,케이블,16,52.5,3,주말저녁,0,44,10.26
4273,법정,5,25,지상파,20,39.2,3,주말심야,1,41,9.27
4274,의학,1,6,OTT,12,74.3,3,주말저녁,0,49,9.34
4275,판타지,3,14,케이블,16,91.2,3,평일저녁,0,26,11.32
4276,법정,1,22,지상파,20,64.2,1,주말저녁,0,44,11.2
4277,판타지,1,22,지상파,12,35.9,4,주말저녁,1,40,12.49
4278,의학,5,18,지상파,16,89.9,3,평일저녁,0,31,9.81
4279,로맨스,1,1,OTT,12,77.7,2,평일저녁,0,42,9.79
4280,사극,1,26,지상파,20,72.2,1,주말저녁,1,44,15.83
4281,로맨스,1,6,케이블,16,6.6,4,주말저녁,0,45,7.74
4282,사극,5,21,지상파,16,93.9,3,평일저녁,0,39,11.86
4283,의학,3,14,지상파,20,82.7,4,주말저녁,0,44,12.81
4284,코미디,2,11,케이블,8,41.0,3,주말심야,0,50,9.44
4285,스릴러,4,22,지상파,16,79.9,3,주말심야,1,32,10.82
4286,로맨스,4,10,지상파,16,75.4,1,주말저녁,0,38,12.24
4287,스릴러,2,15,OTT,32,36.8,1,평일저녁,0,35,8.62
4288,코미디,1,16,케이블,16,50.3,3,평일저녁,1,42,10.28
4289,의학,3,17,OTT,12,12.4,3,평일저녁,0,23,8.99
4290,스릴러,2,26,케이블,32,92.9,4,평일저녁,1,27,9.62
4291,의학,1,21,지상파,12,23.0,1,주말저녁,0,33,10.8
4292,판타지,1,10,지상파,32,20.0,4,평일심야,0,24,6.98
4293,스릴러,3,27,케이블,16,33.8,3,평일저녁,0,34,7.21
4294,코미디,4,15,지상파,20,5.6,4,평일저녁,0,27,9.52
4295,법정,5,2,케이블,16,8.8,1,주말심야,0,20,4.55
4296,사극,3,28,지상파,12,11.0,4,주말저녁,0,23,13.3
4297,로맨스,5,11,케이블,16,20.5,3,주말저녁,0,42,8.59
4298,로맨스,3,27,OTT,16,64.5,3,주말심야,0,22,8.75
4299,사극,2,13,지상파,24,63.4,3,평일저녁,1,49,10.06
4300,의학,3,13,케이블,8,89.5,3,평일저녁,1,38,8.7
4301,판타지,3,15,지상파,8,69.8,3,평일저녁,0,30,10.38
4302,판타지,3,0,지상파,20,55.3,2,주말저녁,0,35,9.47
4303,사극,3,5,지상파,20,85.8,4,주말저녁,1,21,13.69
4304,코미디,5,19,케이블,16,84.6,4,평일심야,0,22,8.24
4305,스릴러,1,12,케이블,16,53.5,4,주말심야,1,28,6.33
4306,법정,4,2,지상파,24,44.0,4,평일심야,0,21,7.17
4307,스릴러,1,19,케이블,24,67.7,1,평일저녁,0,38,11.03
4308,판타지,5,16,케이블,16,36.3,2,평일저녁,0,23,9.11
4309,스릴러,2,1,케이블,8,37.0,4,주말저녁,0,35,9.4
4310,의학,5,16,케이블,8,76.2,2,주말저녁,1,39,10.89
4311,판타지,5,21,지상파,16,89.2,4,평일심야,0,31,7.38
4312,판타지,1,10,지상파,16,88.7,3,주말저녁,0,40,15.25
4313,사극,4,0,케이블,8,34.6,1,평일저녁,0,40,7.6
4314,로맨스,4,19,케이블,8,86.6,1,평일저녁,0,41,11.75
4315,스릴러,3,23,지상파,16,81.5,1,평일저녁,0,48,10.28
4316,로맨스,5,7,지상파,8,89.0,2,평일저녁,1,23,8.51
4317,로맨스,5,5,케이블,16,76.4,3,평일저녁,1,36,8.07
4318,로맨스,2,9,지상파,8,16.7,4,주말심야,0,44,10.52
4319,로맨스,2,9,OTT,12,38.7,3,평일저녁,0,33,8.16
4320,코미디,4,16,지상파,16,41.3,3,주말심야,0,22,6.06
4321,로맨스,3,9,지상파,16,63.4,1,평일저녁,0,40,11.3
4322,판타지,2,12,지상파,20,78.9,4,주말저녁,0,45,11.07
4323,스릴러,1,15,지상파,16,63.2,4,주말심야,0,20,10.83
4324,로맨스,3,13,지상파,16,71.4,4,주말저녁,0,25,12.19
4325,코미디,5,22,지상파,12,40.8,3,주말저녁,0,37,7.9
4326,로맨스,5,18,OTT,16,43.6,4,평일저녁,0,22,9.6
4327,판타지,2,25,지상파,20,6.3,1,주말저녁,0,29,12.93
4328,사극,5,28,OTT,16,81.0,4,평일저녁,0,34,12.59
4329,스릴러,3,10,지상파,20,83.1,1,평일저녁,0,27,12.01
4330,로맨스,4,18,케이블,16,94.8,3,평일저녁,0,34,7.58
4331,판타지,1,17,케이블,16,81.7,3,주말심야,0,29,7.79
4332,법정,5,26,지상파,16,85.8,3,평일심야,0,46,6.7
4333,로맨스,2,15,케이블,24,9.8,4,평일저녁,0,50,8.3
4334,사극,4,3,지상파,16,79.0,4,주말심야,0,28,9.07
4335,스릴러,2,12,지상파,8,61.8,3,평일저녁,0,35,12.49
4336,코미디,2,21,지상파,16,84.3,4,평일저녁,0,31,8.89
4337,의학,4,24,케이블,24,40.5,3,평일저녁,0,41,8.03
4338,의학,2,11,지상파,16,58.2,3,평일심야,1,31,9.83
4339,판타지,2,24,OTT,20,26.0,4,평일심야,0,29,4.43
4340,사극,4,8,케이블,16,22.2,3,평일저녁,1,35,8.82
4341,사극,2,30,케이블,16,52.3,3,평일저녁,1,50,9.94
4342,코미디,1,15,지상파,32,28.5,4,평일저녁,1,21,12.06
4343,스릴러,4,19,지상파,12,26.7,3,평일저녁,0,35,10.47
4344,법정,1,3,케이블,12,7.8,1,평일저녁,0,45,7.05
4345,법정,3,25,지상파,8,29.4,3,주말심야,0,32,8.9
4346,스릴러,1,16,케이블,12,73.8,4,평일저녁,0,43,10.01
4347,사극,3,30,케이블,20,72.8,2,평일저녁,0,34,10.48
4348,사극,2,4,케이블,32,91.4,2,주말저녁,0,42,10.21
4349,스릴러,2,24,지상파,16,48.6,3,주말저녁,0,45,13.29
4350,사극,3,21,지상파,8,10.7,3,평일심야,0,36,7.06
4351,로맨스,4,15,케이블,16,9.0,4,평일저녁,0,39,8.29
4352,스릴러,2,5,케이블,12,88.0,4,평일심야,0,25,5.54
4353,스릴러,4,20,지상파,16,31.9,2,주말저녁,1,48,11.47
4354,로맨스,4,1,지상파,16,18.8,1,주말심야,0,25,9.36
4355,판타지,2,6,지상파,16,87.8,4,평일심야,1,43,5.67
4356,법정,4,25,OTT,32,94.3,1,주말저녁,0,34,8.49
4357,법정,5,29,지상파,20,7.0,4,주말저녁,0,39,9.91
4358,코미디,5,17,케이블,16,51.3,4,평일저녁,0,31,6.88
4359,판타지,2,1,지상파,20,62.9,1,주말저녁,1,29,12.31
4360,사극,2,26,지상파,16,58.9,1,평일저녁,0,44,11.03
4361,코미디,1,6,OTT,8,8.1,4,평일저녁,0,41,10.54
4362,사극,1,23,OTT,20,75.7,3,평일심야,0,48,10.19
4363,코미디,4,28,OTT,8,84.3,3,평일심야,0,42,6.89
4364,판타지,1,17,케이블,16,37.5,3,평일저녁,0,35,9.55
4365,의학,5,6,OTT,8,28.3,3,주말저녁,0,46,9.93
4366,법정,2,25,지상파,16,92.9,2,주말저녁,1,35,15.14
4367,법정,3,3,지상파,16,83.5,3,주말저녁,0,24,11.14
4368,로맨스,1,4,OTT,16,75.8,2,평일저녁,0,44,8.77
4369,판타지,1,28,OTT,12,64.3,3,주말저녁,0,43,11.33
4370,법정,1,22,케이블,16,63.5,2,주말심야,0,27,9.51
4371,스릴러,2,16,지상파,12,60.6,3,주말저녁,0,25,14.7
4372,스릴러,2,21,지상파,16,74.4,4,주말저녁,0,36,13.18
4373,판타지,4,5,지상파,16,80.9,4,평일저녁,0,37,9.83
4374,법정,3,19,지상파,16,12.4,3,주말저녁,0,40,11.33
4375,사극,4,17,지상파,24,31.8,3,평일저녁,0,20,9.44
4376,로맨스,4,29,OTT,16,92.8,1,평일저녁,0,46,9.27
4377,코미디,3,14,케이블,16,49.8,4,평일저녁,0,31,6.27
4378,의학,4,12,케이블,16,55.0,4,주말저녁,0,23,8.72
4379,법정,3,4,OTT,12,58.2,1,평일저녁,0,29,7.64
4380,의학,1,16,케이블,24,38.4,2,평일저녁,0,46,9.61
4381,코미디,2,23,OTT,20,89.8,3,평일심야,0,26,9.0
4382,판타지,4,4,지상파,24,95.6,3,평일심야,0,32,5.43
4383,의학,4,19,지상파,16,15.6,2,평일저녁,0,37,11.44
4384,판타지,3,21,지상파,12,43.1,4,평일저녁,0,42,12.3
4385,판타지,1,14,지상파,16,95.3,4,주말심야,0,41,10.99
4386,코미디,2,8,지상파,12,77.6,3,주말심야,0,30,9.99
4387,스릴러,1,24,OTT,20,76.1,4,평일저녁,0,46,10.28
4388,로맨스,4,1,지상파,12,31.0,3,평일심야,0,36,7.74
4389,사극,1,24,케이블,12,60.2,1,평일저녁,0,45,12.41
4390,스릴러,4,21,케이블,16,17.6,4,평일저녁,0,50,8.3
4391,코미디,4,25,지상파,12,72.3,3,평일저녁,0,32,10.31
4392,로맨스,5,7,OTT,16,71.7,3,주말저녁,1,27,9.77
4393,로맨스,3,23,지상파,16,74.4,3,주말저녁,0,48,11.58
4394,로맨스,1,30,지상파,24,47.5,1,평일저녁,0,32,15.68
4395,로맨스,3,16,OTT,20,13.0,2,주말저녁,0,46,9.78
4396,의학,3,0,케이블,24,62.2,1,주말저녁,0,25,9.1
4397,코미디,1,26,케이블,16,85.0,4,주말저녁,0,21,10.42
4398,코미디,4,4,지상파,16,44.5,1,평일심야,0,35,5.73
4399,코미디,4,9,지상파,8,55.0,1,주말저녁,1,24,9.43
4400,코미디,1,10,지상파,16,87.2,4,평일저녁,0,49,13.99
4401,법정,3,25,지상파,12,99.9,3,평일심야,0,40,7.77
4402,법정,3,29,지상파,16,85.5,3,평일저녁,0,29,10.05
4403,법정,1,30,지상파,16,35.9,2,평일심야,0,21,10.07
4404,스릴러,3,16,지상파,8,64.3,2,주말저녁,0,27,10.6
4405,판타지,3,13,지상파,24,88.3,4,평일심야,0,38,9.78
4406,로맨스,1,16,케이블,16,22.6,1,주말저녁,0,20,12.48
4407,스릴러,4,17,지상파,16,46.4,2,평일저녁,0,40,10.62
4408,코미디,2,2,케이블,20,58.4,3,주말저녁,0,42,9.29
4409,코미디,1,15,지상파,8,19.8,3,주말저녁,0,48,10.78
4410,판타지,3,24,지상파,16,31.9,2,평일저녁,0,21,9.73
4411,사극,1,10,케이블,16,72.7,1,평일저녁,0,47,9.32
4412,의학,4,4,케이블,16,96.1,4,평일저녁,0,38,10.76
4413,법정,4,4,지상파,16,25.4,4,주말심야,1,38,5.04
4414,의학,3,0,지상파,16,96.3,3,평일심야,0,47,7.76
4415,의학,5,12,OTT,24,99.3,4,평일저녁,0,38,8.79
4416,판타지,2,17,OTT,12,49.3,1,평일저녁,0,33,9.47
4417,판타지,5,18,케이블,16,35.2,1,평일저녁,1,41,6.61
4418,법정,3,4,케이블,32,75.0,2,주말심야,0,43,4.37
4419,의학,4,20,케이블,32,62.1,3,평일심야,1,33,6.2
4420,판타지,3,3,지상파,16,97.8,2,평일저녁,1,33,8.85
4421,의학,4,23,지상파,24,44.8,1,주말심야,0,49,8.05
4422,사극,5,5,지상파,12,77.5,3,평일저녁,0,42,11.19
4423,사극,4,2,OTT,12,15.7,4,평일심야,0,26,4.29
4424,스릴러,5,27,지상파,24,89.2,3,주말저녁,0,34,13.82
4425,사극,1,27,지상파,16,47.2,1,주말저녁,1,34,12.91
4426,로맨스,3,25,케이블,12,9.0,3,평일심야,1,27,6.48
4427,법정,1,28,지상파,20,92.0,4,주말저녁,0,46,16.97
4428,스릴러,2,7,케이블,8,7.5,3,평일심야,0,44,6.12
4429,법정,2,28,지상파,16,27.9,1,평일저녁,0,37,12.72
4430,판타지,2,19,케이블,8,11.8,4,평일저녁,0,29,9.59
4431,코미디,4,10,지상파,8,18.0,3,평일저녁,0,40,9.24
4432,판타지,4,2,케이블,16,65.3,3,평일저녁,0,20,8.76
4433,스릴러,1,1,OTT,24,38.4,2,주말저녁,0,20,10.51
4434,로맨스,5,0,지상파,12,18.2,1,주말저녁,0,47,9.12
4435,코미디,4,15,케이블,8,83.6,3,평일저녁,0,28,10.19
4436,법정,3,19,지상파,16,87.6,4,평일심야,0,38,8.3
4437,의학,5,2,지상파,12,30.9,4,주말저녁,0,38,7.73
4438,의학,4,22,지상파,20,36.3,4,평일저녁,0,36,10.04
4439,스릴러,1,23,OTT,12,21.2,1,평일저녁,0,29,9.99
4440,로맨스,2,26,지상파,12,9.4,4,주말저녁,0,33,13.28
4441,사극,3,25,지상파,16,47.3,2,평일저녁,1,24,10.01
4442,스릴러,4,6,케이블,32,59.8,4,평일저녁,0,46,7.16
4443,법정,2,17,지상파,20,93.3,1,주말심야,0,20,10.69
4444,스릴러,1,28,지상파,24,80.4,2,주말저녁,0,24,15.27
4445,법정,3,11,지상파,8,87.4,4,평일심야,0,28,9.07
4446,사극,5,9,케이블,20,10.3,4,평일저녁,0,43,9.01
4447,로맨스,3,9,지상파,20,9.6,2,주말저녁,0,30,9.93
4448,법정,5,13,케이블,16,9.3,2,평일심야,0,44,3.52
4449,로맨스,3,30,OTT,8,51.5,3,평일저녁,0,21,9.96
4450,스릴러,1,5,지상파,20,85.5,1,주말저녁,0,44,12.07
4451,법정,1,19,지상파,16,67.5,1,평일저녁,0,22,12.25
4452,스릴러,1,21,케이블,12,19.1,3,평일심야,0,37,8.75
4453,법정,4,2,지상파,12,47.0,3,평일저녁,0,48,10.2
4454,로맨스,1,17,OTT,12,60.3,4,평일심야,0,33,5.26
4455,법정,2,22,지상파,20,68.9,1,주말저녁,1,45,15.77
4456,코미디,3,28,케이블,16,91.5,1,주말저녁,0,26,8.86
4457,사극,4,11,지상파,24,9.2,1,평일심야,0,25,7.85
4458,법정,4,10,케이블,20,31.3,4,주말저녁,0,48,7.22
4459,판타지,1,17,케이블,16,69.0,1,주말저녁,1,50,10.38
4460,판타지,5,20,OTT,20,33.8,2,평일심야,0,37,7.87
4461,코미디,5,4,지상파,12,82.8,1,평일저녁,0,44,7.98
4462,법정,2,21,지상파,16,44.6,4,주말저녁,0,27,13.68
4463,의학,4,9,지상파,16,26.0,1,주말저녁,0,24,8.76
4464,코미디,5,29,케이블,12,45.2,2,주말저녁,0,33,10.72
4465,스릴러,5,15,케이블,16,42.6,4,주말저녁,0,41,8.51
4466,스릴러,4,17,지상파,24,48.0,3,평일심야,0,28,7.31
4467,법정,3,26,OTT,8,37.8,2,평일저녁,1,26,10.11
4468,코미디,5,7,지상파,16,70.8,3,평일저녁,1,30,8.88
4469,판타지,1,7,케이블,20,18.3,4,주말저녁,0,40,8.86
4470,스릴러,2,1,케이블,12,23.5,3,주말저녁,1,43,10.95
4471,의학,3,20,지상파,20,66.9,2,주말심야,0,34,11.18
4472,의학,2,22,케이블,16,41.1,2,주말저녁,0,40,12.66
4473,로맨스,4,26,케이블,20,80.7,2,평일저녁,0,37,7.9
4474,사극,5,29,케이블,12,35.8,3,평일심야,0,22,4.63
4475,의학,2,3,케이블,16,58.1,1,평일심야,0,33,5.58
4476,판타지,1,8,케이블,24,56.0,1,주말저녁,0,49,10.01
4477,의학,5,9,케이블,24,90.4,1,주말저녁,0,37,6.11
4478,법정,1,12,지상파,24,11.2,4,평일저녁,0,35,11.29
4479,법정,5,7,케이블,16,34.3,1,평일저녁,0,44,8.24
4480,법정,2,6,지상파,16,9.6,2,주말저녁,0,38,10.13
4481,로맨스,2,2,OTT,16,94.7,4,평일심야,0,45,4.95
4482,코미디,1,12,지상파,12,17.6,2,평일저녁,1,45,7.25
4483,스릴러,5,7,지상파,16,74.2,3,주말심야,0,31,7.88
4484,법정,4,25,지상파,16,40.8,1,주말심야,0,21,9.29
4485,스릴러,4,7,케이블,8,17.9,4,평일심야,0,25,5.54
4486,의학,1,10,지상파,16,78.0,4,평일저녁,0,22,12.04
4487,의학,4,20,케이블,24,51.4,3,평일저녁,0,48,7.54
4488,로맨스,4,4,지상파,8,36.2,1,평일저녁,0,26,8.54
4489,스릴러,3,16,케이블,16,40.5,4,평일심야,0,37,8.23
4490,스릴러,1,3,지상파,16,27.3,3,평일심야,0,24,10.43
4491,코미디,5,24,지상파,12,88.2,3,평일저녁,0,42,10.43
4492,의학,5,27,지상파,20,22.8,1,평일저녁,1,48,6.79
4493,판타지,1,24,OTT,16,45.2,4,주말저녁,0,34,10.34
4494,법정,2,12,OTT,20,97.0,2,평일저녁,0,28,9.73
4495,의학,3,10,지상파,16,98.9,4,평일심야,0,33,10.18
4496,사극,1,4,지상파,32,37.9,1,주말저녁,0,38,11.04
4497,판타지,2,9,지상파,12,58.0,3,평일저녁,0,33,11.47
4498,의학,1,30,케이블,20,41.3,1,평일저녁,0,34,12.8
4499,판타지,2,25,케이블,16,68.0,2,주말저녁,0,50,11.02
4500,스릴러,2,18,지상파,16,85.9,1,평일저녁,0,45,12.49
4501,사극,3,13,OTT,16,10.7,1,평일심야,0,22,5.81
4502,의학,5,14,OTT,12,66.4,4,평일심야,1,37,4.8
4503,로맨스,5,11,지상파,20,51.5,1,주말저녁,0,43,10.24
4504,법정,1,19,지상파,20,41.5,4,평일저녁,0,50,15.18
4505,사극,1,13,지상파,12,51.6,1,평일심야,0,50,12.84
4506,코미디,3,6,지상파,16,57.0,4,주말심야,0,32,8.66
4507,판타지,4,30,케이블,12,16.9,3,평일저녁,0,37,8.75
4508,로맨스,5,14,케이블,8,85.1,4,평일저녁,0,41,6.14
4509,판타지,1,1,케이블,20,80.3,3,평일심야,0,35,6.0
4510,스릴러,3,6,지상파,16,82.5,1,주말저녁,1,44,10.17
4511,코미디,3,24,지상파,24,37.8,3,주말저녁,0,45,8.32
4512,판타지,2,30,케이블,16,62.0,3,평일저녁,0,25,11.87
4513,의학,2,2,케이블,24,49.5,1,주말저녁,0,23,11.04
4514,법정,4,20,지상파,12,45.1,1,평일심야,1,28,5.98
4515,코미디,4,2,케이블,16,99.8,1,평일심야,0,29,8.53
4516,판타지,1,24,케이블,16,31.7,3,평일저녁,0,44,10.3
4517,법정,3,29,케이블,16,25.7,1,평일심야,0,44,5.94
4518,스릴러,4,14,지상파,20,38.7,1,주말심야,0,39,7.38
4519,법정,2,11,OTT,12,18.4,2,평일저녁,0,43,10.13
4520,사극,5,6,OTT,8,73.3,3,평일저녁,0,29,7.29
4521,법정,5,9,케이블,16,22.3,1,평일저녁,0,25,5.82
4522,법정,4,25,케이블,32,5.2,3,평일저녁,0,30,5.9
4523,사극,4,7,케이블,20,96.7,3,주말저녁,1,46,8.32
4524,사극,1,20,케이블,24,43.5,2,평일심야,0,32,8.32
4525,코미디,5,29,케이블,24,44.2,2,주말저녁,0,47,7.16
4526,스릴러,2,27,OTT,20,52.1,1,평일심야,0,42,5.13
4527,법정,2,0,지상파,8,11.6,1,평일심야,0,50,10.09
4528,로맨스,3,3,OTT,16,85.8,1,주말저녁,0,46,11.37
4529,의학,2,5,케이블,20,58.6,4,평일저녁,0,49,11.42
4530,법정,5,20,지상파,24,12.2,2,평일저녁,0,25,5.22
4531,사극,4,19,지상파,20,36.7,1,평일심야,1,32,10.22
4532,코미디,5,18,지상파,24,95.7,2,주말저녁,0,29,5.87
4533,스릴러,5,9,지상파,24,69.3,3,주말저녁,0,42,9.19
4534,법정,4,14,지상파,16,42.9,4,주말저녁,1,30,10.2
4535,사극,4,22,지상파,16,47.6,1,평일심야,0,48,11.71
4536,의학,3,24,OTT,16,93.0,4,평일저녁,0,41,9.02
4537,로맨스,3,23,지상파,32,65.4,3,평일심야,0,29,11.55
4538,로맨스,4,10,OTT,24,11.4,3,주말저녁,0,32,9.73
4539,사극,5,21,지상파,32,22.9,3,평일저녁,0,39,10.25
4540,스릴러,3,18,케이블,16,80.3,3,평일저녁,0,22,6.7
4541,로맨스,5,27,지상파,24,49.7,3,주말저녁,0,24,12.45
4542,코미디,3,15,지상파,12,68.5,3,평일저녁,0,21,14.45
4543,스릴러,2,2,케이블,20,50.0,3,평일저녁,0,39,10.68
4544,스릴러,1,12,케이블,16,19.7,3,평일저녁,0,40,9.46
4545,스릴러,5,15,지상파,16,67.4,4,평일저녁,1,27,5.88
4546,의학,4,27,케이블,24,5.9,3,평일심야,0,36,8.8
4547,코미디,5,8,케이블,16,84.1,4,주말심야,0,27,6.23
4548,코미디,1,5,지상파,12,96.9,1,평일심야,0,37,10.71
4549,사극,1,14,지상파,8,62.4,2,주말저녁,0,33,12.89
4550,판타지,3,13,지상파,8,21.1,1,평일심야,0,29,4.86
4551,코미디,3,0,지상파,16,16.9,3,평일심야,1,27,6.65
4552,사극,2,12,지상파,24,28.0,1,평일심야,0,25,10.17
4553,판타지,1,23,지상파,8,51.5,1,평일저녁,0,29,11.02
4554,사극,4,13,지상파,8,20.9,4,주말심야,0,48,10.0
4555,의학,5,16,지상파,24,41.9,4,주말저녁,0,28,10.87
4556,법정,1,30,케이블,20,6.1,2,평일심야,0,40,7.59
4557,법정,5,13,케이블,32,8.5,1,평일저녁,0,40,4.61
4558,의학,4,5,지상파,16,95.4,3,평일저녁,1,49,9.84
4559,사극,3,21,지상파,24,6.8,2,평일저녁,0,47,10.85
4560,스릴러,1,25,OTT,16,84.0,4,평일저녁,0,27,9.09
4561,코미디,4,3,케이블,20,17.3,3,평일저녁,0,24,3.04
4562,코미디,3,26,지상파,20,22.6,4,주말저녁,0,21,10.26
4563,코미디,4,29,지상파,20,48.7,4,평일저녁,1,45,9.2
4564,로맨스,5,7,케이블,16,85.4,4,평일저녁,0,24,7.36
4565,판타지,1,16,케이블,20,77.7,4,평일심야,0,44,8.77
4566,코미디,5,17,OTT,12,54.3,1,평일저녁,0,45,5.96
4567,스릴러,5,14,OTT,24,75.6,3,주말저녁,0,32,11.01
4568,코미디,3,1,지상파,32,86.8,2,평일저녁,0,25,9.46
4569,판타지,4,17,케이블,12,26.4,3,주말저녁,0,38,8.55
4570,의학,1,4,지상파,8,31.5,3,주말저녁,1,43,11.16
4571,로맨스,3,23,케이블,16,27.5,2,평일심야,0,49,9.46
4572,법정,3,20,케이블,32,71.2,1,평일저녁,0,29,7.09
4573,로맨스,5,23,지상파,16,39.7,4,평일저녁,0,45,9.8
4574,의학,3,0,OTT,24,87.1,1,평일저녁,0,21,10.57
4575,스릴러,4,4,지상파,12,49.6,2,평일저녁,1,28,10.35
4576,스릴러,3,2,지상파,16,81.1,1,평일저녁,0,35,9.9
4577,스릴러,1,11,지상파,20,84.7,4,평일저녁,0,24,12.75
4578,판타지,2,24,지상파,20,51.4,3,주말저녁,0,32,15.28
4579,법정,2,10,케이블,24,42.1,1,주말저녁,0,35,9.46
4580,스릴러,1,24,OTT,12,31.4,3,평일저녁,0,43,12.29
4581,판타지,5,12,OTT,20,62.3,3,평일저녁,0,30,6.1
4582,로맨스,1,7,케이블,8,38.6,4,주말저녁,0,25,13.35
4583,로맨스,5,12,케이블,12,51.8,1,평일저녁,0,33,9.2
4584,스릴러,2,2,OTT,16,26.5,1,평일저녁,0,34,6.35
4585,코미디,4,24,케이블,24,45.9,2,평일저녁,0,41,9.83
4586,판타지,5,2,케이블,20,12.8,4,주말저녁,0,34,6.97
4587,사극,4,19,지상파,8,79.9,1,평일저녁,0,47,10.2
4588,스릴러,4,24,케이블,20,34.6,3,평일저녁,0,47,10.36
4589,사극,1,21,지상파,32,64.8,2,평일저녁,0,38,12.83
4590,판타지,4,8,케이블,16,5.4,4,평일심야,0,42,5.48
4591,의학,2,6,케이블,8,55.3,4,주말저녁,0,38,13.15
4592,로맨스,1,0,지상파,16,40.5,4,평일저녁,0,46,11.24
4593,의학,5,27,지상파,20,46.5,3,평일저녁,0,42,10.58
4594,법정,2,27,OTT,20,53.8,2,주말저녁,0,49,10.45
4595,스릴러,5,9,지상파,16,23.2,2,평일저녁,0,33,8.01
4596,로맨스,2,7,OTT,20,26.6,1,주말심야,0,27,6.37
4597,스릴러,5,20,케이블,32,51.7,4,평일심야,0,22,4.49
4598,법정,1,24,OTT,16,26.8,1,주말저녁,0,40,10.21
4599,사극,5,12,OTT,16,87.2,4,평일심야,1,45,6.04
4600,스릴러,2,25,지상파,20,44.2,1,평일심야,0,20,10.58
4601,스릴러,3,2,케이블,16,99.9,4,주말심야,1,30,5.75
4602,사극,5,6,케이블,20,23.9,4,평일심야,0,32,9.1
4603,판타지,2,16,케이블,16,66.4,4,평일저녁,0,41,9.03
4604,판타지,4,23,지상파,20,26.7,2,평일심야,1,46,9.83
4605,스릴러,1,24,지상파,16,35.7,4,주말저녁,1,41,14.38
4606,코미디,5,1,OTT,16,76.5,3,평일저녁,0,22,4.49
4607,판타지,3,12,케이블,24,8.7,2,주말저녁,0,29,5.92
4608,스릴러,4,23,케이블,12,49.4,2,주말저녁,0,42,8.67
4609,판타지,1,15,케이블,16,37.9,1,주말저녁,1,23,7.93
4610,의학,1,26,케이블,16,13.9,2,평일저녁,0,36,11.52
4611,의학,3,9,OTT,16,92.4,1,평일저녁,0,45,10.57
4612,스릴러,3,30,OTT,20,84.9,4,주말저녁,0,25,10.58
4613,의학,5,20,케이블,32,30.9,4,주말저녁,0,40,8.8
4614,법정,3,13,케이블,16,88.7,3,평일저녁,0,20,7.95
4615,사극,3,1,케이블,24,78.2,2,평일저녁,1,43,8.55
4616,코미디,2,28,OTT,32,51.1,3,평일저녁,0,30,10.39
4617,스릴러,3,17,지상파,8,42.1,3,주말저녁,0,47,10.01
4618,법정,2,8,지상파,20,12.3,4,주말저녁,1,20,8.07
4619,사극,4,11,OTT,32,39.2,3,평일심야,0,44,7.74
4620,의학,1,3,지상파,24,14.5,1,평일심야,0,40,8.95
4621,법정,5,17,케이블,16,30.0,4,평일저녁,0,33,8.49
4622,법정,2,0,케이블,12,6.2,4,주말저녁,0,30,8.71
4623,로맨스,1,2,OTT,16,52.4,4,주말심야,1,48,5.46
4624,스릴러,1,7,케이블,16,94.5,3,주말저녁,0,48,12.47
4625,사극,1,26,케이블,16,90.3,1,주말저녁,0,33,13.31
4626,로맨스,4,30,케이블,32,75.3,3,평일심야,0,20,10.27
4627,코미디,4,21,지상파,16,23.8,1,주말심야,0,49,7.54
4628,로맨스,5,20,OTT,20,71.8,3,평일심야,1,34,7.39
4629,코미디,5,17,지상파,16,92.7,3,평일저녁,0,24,7.51
4630,사극,3,18,OTT,20,62.5,2,평일저녁,0,21,11.7
4631,법정,5,19,케이블,16,59.2,4,평일저녁,0,27,8.73
4632,법정,1,2,지상파,20,61.9,3,평일저녁,1,29,13.57
4633,사극,4,28,지상파,8,93.9,2,평일저녁,0,48,12.51
4634,판타지,4,15,지상파,8,45.7,1,주말저녁,0,27,8.71
4635,의학,2,3,지상파,16,83.0,4,평일저녁,0,47,6.09
4636,로맨스,3,3,케이블,8,10.2,3,평일심야,1,30,8.45
4637,의학,1,28,지상파,32,73.9,1,주말심야,1,36,10.71
4638,사극,3,4,OTT,16,41.3,4,주말저녁,0,48,8.94
4639,사극,2,27,케이블,16,16.2,1,주말저녁,0,29,12.38
4640,로맨스,3,13,지상파,16,31.5,4,평일심야,0,39,7.97
4641,의학,4,24,지상파,24,66.9,4,평일심야,0,23,12.34
4642,법정,5,9,케이블,16,52.2,1,주말심야,0,25,4.15
4643,판타지,5,9,지상파,12,67.0,3,주말저녁,0,43,8.52
4644,로맨스,3,7,케이블,16,13.0,1,평일저녁,0,36,8.98
4645,의학,2,1,OTT,16,32.6,2,주말저녁,0,41,8.85
4646,사극,3,21,케이블,12,45.6,4,평일심야,0,48,10.05
4647,스릴러,2,1,지상파,12,82.6,3,평일저녁,0,46,15.84
4648,코미디,3,17,OTT,20,77.0,4,평일저녁,1,24,7.11
4649,로맨스,2,12,지상파,16,18.2,1,평일저녁,1,28,7.82
4650,코미디,1,2,지상파,16,60.3,3,평일심야,1,48,10.3
4651,판타지,4,22,지상파,20,35.1,3,평일저녁,0,23,10.54
4652,의학,4,21,케이블,20,87.0,1,주말저녁,0,26,10.01
4653,로맨스,4,7,지상파,20,14.9,3,평일저녁,0,22,8.41
4654,의학,3,23,OTT,24,28.2,4,평일심야,0,33,4.84
4655,법정,3,16,지상파,16,49.1,3,평일저녁,0,40,12.73
4656,코미디,5,27,케이블,20,21.2,3,평일저녁,0,39,6.09
4657,코미디,3,20,지상파,16,68.8,3,평일저녁,1,37,11.54
4658,의학,4,10,케이블,32,93.9,3,주말저녁,1,32,9.11
4659,사극,2,2,지상파,24,17.3,3,평일심야,0,21,7.98
4660,로맨스,3,28,케이블,24,13.3,2,평일심야,0,28,8.47
4661,판타지,2,0,케이블,24,65.8,3,주말저녁,0,33,9.53
4662,코미디,2,8,OTT,12,67.9,2,주말저녁,0,27,11.97
4663,사극,3,10,케이블,16,40.9,2,평일저녁,1,50,10.9
4664,사극,5,10,OTT,20,30.9,2,평일저녁,0,31,7.87
4665,스릴러,3,5,OTT,16,20.5,4,주말저녁,0,40,9.13
4666,사극,3,29,지상파,16,84.9,2,평일저녁,0,20,12.67
4667,로맨스,2,26,지상파,16,74.2,2,평일심야,0,34,10.37
4668,판타지,2,22,OTT,24,16.8,3,주말저녁,0,27,10.01
4669,판타지,2,16,OTT,20,65.4,1,평일심야,0,37,10.84
4670,법정,4,1,지상파,32,85.0,1,평일저녁,0,28,8.23
4671,의학,2,17,케이블,24,87.2,2,평일저녁,0,24,10.19
4672,코미디,2,3,OTT,20,92.7,1,평일저녁,0,43,6.83
4673,로맨스,1,23,지상파,24,69.4,2,주말저녁,0,32,12.82
4674,로맨스,3,9,지상파,16,53.8,1,평일심야,0,31,5.24
4675,판타지,4,19,OTT,12,71.0,3,주말저녁,0,34,10.21
4676,의학,3,12,OTT,16,50.1,4,평일저녁,0,29,9.73
4677,로맨스,5,25,지상파,24,45.5,4,평일저녁,0,32,8.97
4678,의학,2,29,케이블,16,91.8,1,주말심야,0,35,10.96
4679,의학,2,8,케이블,16,34.6,4,주말저녁,0,46,10.88
4680,스릴러,2,6,지상파,20,20.0,2,평일저녁,0,22,11.14
4681,스릴러,2,23,OTT,12,74.5,4,평일저녁,0,40,8.48
4682,판타지,3,21,케이블,16,72.7,2,평일저녁,0,48,8.81
4683,법정,3,14,케이블,24,12.1,2,평일저녁,0,47,6.28
4684,스릴러,1,11,지상파,12,87.6,3,평일저녁,0,27,12.7
4685,코미디,5,12,지상파,20,25.6,2,평일저녁,0,50,7.13
4686,사극,2,21,케이블,20,90.0,3,주말저녁,0,21,11.84
4687,로맨스,4,27,케이블,16,95.8,4,평일심야,0,37,7.08
4688,판타지,1,16,지상파,20,51.7,4,주말저녁,0,33,13.38
4689,로맨스,4,15,지상파,32,15.0,3,평일저녁,0,44,9.41
4690,법정,2,18,케이블,24,38.3,1,주말저녁,0,41,10.28
4691,판타지,4,21,지상파,24,73.6,2,주말저녁,0,37,13.25
4692,법정,3,24,케이블,12,69.1,1,주말저녁,1,35,11.22
4693,스릴러,4,29,케이블,16,13.7,3,평일저녁,0,25,9.92
4694,코미디,2,8,케이블,12,88.1,1,주말저녁,0,24,10.33
4695,로맨스,4,12,OTT,16,25.7,2,평일저녁,1,31,6.44
4696,판타지,4,13,OTT,16,10.8,4,평일저녁,0,35,8.66
4697,코미디,1,20,지상파,16,52.7,4,평일저녁,0,29,10.35
4698,사극,4,8,케이블,24,65.4,3,주말심야,0,49,10.74
4699,사극,3,12,OTT,16,25.8,2,주말저녁,0,21,9.09
4700,로맨스,5,3,지상파,8,21.7,2,평일심야,0,38,7.98
4701,사극,2,13,케이블,16,49.9,3,주말심야,0,43,8.54
4702,의학,3,5,OTT,12,28.4,1,주말저녁,0,39,8.2
4703,로맨스,3,1,지상파,16,83.2,2,주말저녁,0,22,11.32
4704,판타지,1,3,케이블,16,68.8,3,주말저녁,0,49,11.28
4705,사극,4,8,케이블,16,14.2,1,평일저녁,0,44,6.05
4706,로맨스,3,2,지상파,16,70.3,2,평일저녁,0,49,9.76
4707,의학,3,24,지상파,20,63.5,3,평일저녁,0,38,12.47
4708,스릴러,1,8,지상파,8,10.5,2,평일심야,1,46,5.07
4709,사극,5,5,지상파,16,38.2,1,주말심야,0,23,8.19
4710,스릴러,1,13,OTT,12,69.3,4,주말저녁,0,45,12.67
4711,법정,2,27,지상파,16,32.4,2,주말저녁,0,29,12.0
4712,판타지,3,7,케이블,20,97.7,4,평일저녁,1,28,9.05
4713,판타지,3,22,케이블,16,23.1,3,주말저녁,1,36,11.52
4714,로맨스,4,6,OTT,12,31.8,2,주말저녁,0,39,1.54
4715,사극,2,19,지상파,16,85.8,3,평일저녁,0,42,11.62
4716,사극,2,28,지상파,24,8.7,1,주말저녁,1,44,10.6
4717,법정,2,26,OTT,32,40.0,2,주말저녁,0,32,10.58
4718,법정,1,17,케이블,12,31.0,3,주말저녁,0,30,11.67
4719,법정,5,23,지상파,12,69.9,4,주말심야,1,42,7.0
4720,판타지,5,10,지상파,20,61.6,4,평일심야,0,28,6.35
4721,판타지,1,20,케이블,16,68.1,1,평일저녁,0,25,8.22
4722,로맨스,5,1,지상파,16,36.3,3,주말저녁,0,33,11.8
4723,판타지,4,2,케이블,20,11.0,4,평일심야,0,20,7.94
4724,로맨스,4,24,케이블,32,66.1,1,주말저녁,0,49,11.28
4725,로맨스,1,6,지상파,16,78.0,4,주말심야,0,36,8.6
4726,스릴러,4,0,지상파,24,55.1,1,평일저녁,0,47,8.76
4727,사극,3,18,OTT,20,56.9,1,평일심야,1,22,5.95
4728,판타지,2,15,케이블,8,71.7,1,주말저녁,0,29,11.09
4729,로맨스,3,12,OTT,16,44.7,1,주말심야,0,35,7.03
4730,스릴러,1,4,지상파,16,34.4,4,평일저녁,0,49,14.75
4731,법정,1,7,지상파,16,5.9,4,주말심야,1,47,8.56
4732,법정,4,18,지상파,12,58.0,3,평일심야,1,24,6.52
4733,법정,2,16,지상파,12,47.6,4,평일저녁,0,25,11.02
4734,사극,5,0,케이블,16,16.5,2,평일심야,0,35,3.32
4735,스릴러,3,23,지상파,16,71.9,2,주말저녁,0,43,12.5
4736,법정,2,6,지상파,20,24.7,3,주말저녁,0,46,13.08
4737,코미디,2,1,OTT,16,23.1,1,주말심야,0,36,4.89
4738,코미디,4,22,지상파,24,10.9,3,평일저녁,0,39,8.89
4739,판타지,4,29,지상파,20,92.4,1,평일저녁,0,44,8.97
4740,법정,3,13,케이블,12,98.9,1,평일심야,0,21,7.69
4741,코미디,2,7,지상파,16,26.8,2,평일심야,0,25,10.2
4742,판타지,1,21,OTT,20,86.0,2,평일저녁,0,49,8.57
4743,법정,5,0,지상파,24,99.2,2,평일저녁,0,39,10.15
4744,로맨스,1,25,케이블,12,22.0,2,주말저녁,0,20,12.54
4745,법정,5,10,케이블,24,91.6,3,평일저녁,0,21,10.23
4746,코미디,1,20,케이블,20,97.0,1,주말저녁,0,36,14.94
4747,스릴러,4,14,케이블,16,78.2,4,주말저녁,0,23,11.88
4748,법정,3,23,케이블,20,32.4,2,평일저녁,0,32,8.24
4749,로맨스,1,13,지상파,16,9.5,2,평일저녁,0,27,12.57
4750,로맨스,4,25,지상파,32,79.6,2,주말저녁,0,32,11.56
4751,의학,2,8,OTT,12,69.2,3,평일저녁,0,34,8.83
4752,스릴러,5,25,지상파,12,63.5,2,평일심야,0,42,7.37
4753,로맨스,4,10,지상파,20,43.3,2,주말심야,0,20,9.64
4754,로맨스,2,27,케이블,16,5.7,1,주말심야,1,42,11.27
4755,판타지,2,6,케이블,12,38.6,2,주말저녁,0,26,10.03
4756,의학,5,9,OTT,20,42.8,4,평일저녁,0,46,6.21
4757,판타지,2,19,지상파,8,37.2,4,평일심야,0,37,6.97
4758,의학,1,17,지상파,12,52.3,4,평일저녁,0,45,11.95
4759,판타지,2,11,지상파,16,65.8,3,주말저녁,0,39,12.01
4760,사극,5,20,지상파,8,53.7,2,주말저녁,0,43,12.33
4761,코미디,3,16,지상파,32,39.1,1,주말저녁,0,50,10.73
4762,법정,5,8,케이블,20,79.2,1,주말저녁,0,49,7.35
4763,판타지,2,18,지상파,16,46.6,1,주말저녁,0,43,11.84
4764,코미디,3,13,지상파,32,49.9,1,평일저녁,0,48,7.21
4765,법정,2,9,지상파,24,54.3,2,주말저녁,0,50,9.81
4766,의학,4,16,OTT,12,45.2,4,평일심야,0,29,7.95
4767,의학,5,2,지상파,20,59.8,4,평일저녁,0,34,7.44
4768,의학,3,17,OTT,16,45.1,3,평일저녁,0,30,7.58
4769,로맨스,2,4,지상파,20,88.1,4,평일저녁,0,38,8.54
4770,사극,1,11,OTT,12,35.8,2,주말저녁,1,38,8.78
4771,의학,3,24,지상파,12,45.2,4,평일심야,0,46,8.69
4772,사극,4,2,지상파,24,57.7,2,평일심야,0,24,6.85
4773,스릴러,3,14,OTT,12,52.0,4,평일심야,0,29,6.55
4774,스릴러,2,15,케이블,32,33.1,4,평일저녁,0,28,8.56
4775,로맨스,3,27,지상파,16,91.5,1,평일저녁,0,23,15.9
4776,사극,2,22,OTT,12,89.3,2,평일심야,0,47,9.56
4777,로맨스,3,18,OTT,16,71.9,2,평일심야,0,48,5.44
4778,로맨스,4,6,케이블,16,55.3,4,평일저녁,0,32,6.09
4779,코미디,5,9,지상파,24,73.9,4,주말저녁,0,28,8.56
4780,로맨스,3,24,지상파,12,62.3,1,주말저녁,0,26,11.15
4781,판타지,2,27,케이블,16,30.3,4,평일심야,0,26,7.16
4782,의학,3,8,OTT,16,85.7,3,평일심야,0,22,6.85
4783,로맨스,3,5,OTT,12,20.2,1,평일심야,0,39,6.63
4784,스릴러,3,14,지상파,16,11.6,3,주말저녁,0,29,8.88
4785,스릴러,3,24,지상파,16,48.1,4,평일저녁,0,49,10.49
4786,코미디,5,25,지상파,24,80.1,1,평일심야,0,48,8.04
4787,로맨스,2,9,지상파,12,86.1,4,평일저녁,0,24,14.1
4788,스릴러,4,5,케이블,16,72.0,1,평일저녁,0,21,9.03
4789,스릴러,3,5,지상파,20,65.3,2,평일심야,0,28,6.7
4790,로맨스,3,6,지상파,16,58.1,4,평일저녁,0,38,8.99
4791,로맨스,1,0,지상파,16,42.5,3,평일저녁,0,35,12.35
4792,사극,3,10,케이블,24,22.6,3,주말저녁,0,24,6.01
4793,의학,4,30,지상파,16,66.0,2,평일저녁,0,34,13.09
4794,사극,5,29,지상파,16,12.7,3,주말저녁,0,44,12.75
4795,스릴러,2,13,케이블,12,15.7,2,주말저녁,1,25,11.13
4796,의학,4,18,지상파,16,7.0,3,주말저녁,0,32,9.69
4797,판타지,3,16,케이블,16,57.5,4,주말심야,0,45,7.78
4798,법정,1,6,케이블,20,66.5,1,평일저녁,0,30,13.31
4799,판타지,4,19,케이블,16,6.8,4,평일심야,0,25,5.56
4800,의학,4,4,OTT,16,94.6,3,주말저녁,0,50,6.77
4801,판타지,2,22,OTT,16,25.1,1,주말심야,0,43,6.57
4802,판타지,1,21,케이블,12,44.4,4,평일심야,1,38,8.36
4803,의학,2,27,지상파,24,65.3,4,평일저녁,0,27,8.41
4804,의학,2,19,지상파,16,17.8,3,평일저녁,0,31,11.43
4805,코미디,2,1,지상파,20,17.4,2,평일저녁,0,44,9.51
4806,사극,5,14,지상파,24,6.1,4,평일심야,0,29,5.11
4807,사극,1,19,지상파,16,76.7,2,주말저녁,0,37,14.83
4808,스릴러,5,8,케이블,8,80.6,4,주말심야,0,46,7.99
4809,법정,4,8,OTT,20,83.0,3,주말저녁,0,20,8.66
4810,로맨스,4,15,지상파,16,12.4,1,평일저녁,0,44,7.97
4811,코미디,5,27,케이블,24,55.4,3,평일저녁,0,29,8.94
4812,코미디,2,24,OTT,16,50.8,3,평일저녁,0,46,11.73
4813,판타지,4,1,지상파,8,34.0,3,평일저녁,1,25,5.74
4814,스릴러,3,15,지상파,24,79.4,4,평일저녁,0,38,10.37
4815,법정,1,8,케이블,16,91.3,3,주말저녁,0,47,11.82
4816,스릴러,1,20,OTT,16,31.3,3,주말심야,0,40,4.1
4817,로맨스,2,17,케이블,16,56.1,2,평일저녁,0,20,12.41
4818,스릴러,2,14,지상파,24,98.2,1,주말저녁,0,49,9.6
4819,사극,4,25,OTT,20,87.5,3,주말심야,0,23,9.96
4820,코미디,3,15,지상파,12,35.0,1,평일저녁,0,47,10.43
4821,사극,1,3,지상파,16,82.5,4,주말저녁,0,34,13.05
4822,의학,3,0,지상파,20,78.5,1,주말저녁,0,33,12.51
4823,판타지,3,27,지상파,16,98.3,2,평일저녁,0,43,8.09
4824,코미디,2,8,지상파,24,62.5,3,평일저녁,0,27,9.78
4825,로맨스,2,5,케이블,24,51.8,4,주말저녁,1,47,12.19
4826,사극,4,27,OTT,20,37.4,1,주말저녁,0,28,10.69
4827,판타지,2,0,지상파,12,23.1,2,평일저녁,0,31,10.57
4828,판타지,3,5,지상파,8,63.1,2,평일저녁,1,49,9.83
4829,법정,4,5,케이블,16,94.2,3,평일저녁,1,49,10.13
4830,판타지,3,14,케이블,16,72.6,4,주말저녁,0,25,12.27
4831,로맨스,5,18,OTT,16,18.0,3,평일저녁,0,43,8.96
4832,판타지,1,12,OTT,16,75.4,1,평일심야,0,30,8.07
4833,스릴러,1,15,케이블,16,55.8,1,주말심야,0,26,9.52
4834,법정,3,30,OTT,12,22.0,2,주말저녁,0,33,11.28
4835,사극,5,13,지상파,24,55.2,2,평일저녁,0,22,12.36
4836,스릴러,5,11,지상파,12,15.2,4,주말심야,0,36,7.77
4837,스릴러,3,19,케이블,16,7.5,4,주말저녁,0,50,7.51
4838,사극,5,22,지상파,24,43.0,1,평일심야,0,35,6.26
4839,사극,5,4,지상파,16,36.6,2,주말심야,0,22,5.42
4840,스릴러,4,9,지상파,16,89.8,1,평일저녁,1,25,9.41
4841,코미디,1,10,지상파,32,97.1,1,주말저녁,1,27,10.94
4842,의학,4,27,OTT,16,82.6,2,평일저녁,0,49,9.49
4843,로맨스,1,2,케이블,16,20.3,2,평일저녁,0,35,9.1
4844,스릴러,2,1,OTT,12,17.9,1,평일저녁,0,30,9.43
4845,코미디,3,26,지상파,16,69.9,1,평일심야,0,37,9.55
4846,스릴러,4,30,OTT,16,57.4,4,주말저녁,1,26,9.39
4847,코미디,4,14,지상파,16,92.8,1,주말저녁,0,29,9.66
4848,코미디,1,29,지상파,16,95.8,2,주말저녁,1,34,11.77
4849,의학,2,2,케이블,16,59.6,2,주말심야,0,23,8.83
4850,로맨스,2,25,케이블,12,31.5,4,주말저녁,1,29,11.5
4851,판타지,2,22,케이블,16,11.0,3,주말심야,0,46,9.33
4852,스릴러,1,23,케이블,24,21.7,1,주말저녁,0,20,8.28
4853,로맨스,3,27,OTT,16,22.8,3,평일저녁,1,47,8.45
4854,코미디,1,13,지상파,32,24.3,2,주말심야,1,46,7.38
4855,법정,5,23,OTT,16,52.5,3,평일저녁,0,47,9.89
4856,스릴러,3,24,케이블,20,57.3,1,평일심야,1,47,5.52
4857,코미디,5,11,케이블,16,70.8,1,주말저녁,0,45,8.66
4858,판타지,1,10,지상파,12,96.2,2,평일저녁,0,40,11.99
4859,판타지,3,27,지상파,16,26.0,4,평일저녁,0,36,10.75
4860,로맨스,2,26,OTT,8,24.4,4,평일저녁,0,32,9.51
4861,판타지,2,19,케이블,24,63.0,2,주말심야,0,24,8.28
4862,코미디,3,6,지상파,12,76.3,1,주말저녁,0,27,12.18
4863,법정,1,0,지상파,32,43.6,2,주말저녁,0,29,10.99
4864,로맨스,2,2,지상파,24,23.3,2,주말심야,0,34,9.13
4865,판타지,1,23,케이블,20,80.4,2,평일저녁,0,45,11.17
4866,스릴러,1,16,OTT,16,80.4,4,평일저녁,0,47,11.3
4867,코미디,4,14,지상파,8,83.1,4,평일심야,0,46,9.74
4868,코미디,5,29,OTT,16,31.9,3,평일저녁,0,36,8.73
4869,의학,4,5,지상파,8,32.8,1,주말심야,0,42,8.74
4870,스릴러,5,4,케이블,8,75.2,3,평일저녁,0,33,7.89
4871,스릴러,3,17,지상파,32,27.2,4,평일심야,0,50,5.57
4872,코미디,3,9,케이블,16,15.6,3,평일저녁,0,25,7.36
4873,스릴러,4,8,케이블,16,62.9,4,주말저녁,0,29,9.61
4874,의학,2,12,OTT,12,20.6,1,평일저녁,1,43,8.29
4875,스릴러,1,2,지상파,16,63.9,1,주말저녁,0,34,12.0
4876,판타지,3,3,케이블,16,87.1,2,주말저녁,0,33,11.04
4877,코미디,5,6,지상파,16,10.2,2,주말저녁,0,36,9.16
4878,로맨스,5,0,OTT,20,6.9,4,평일저녁,0,27,5.34
4879,로맨스,5,14,지상파,32,59.6,2,평일심야,0,28,7.93
4880,판타지,1,23,OTT,20,84.4,1,평일저녁,0,48,10.87
4881,법정,3,1,지상파,8,7.2,4,평일저녁,0,33,10.43
4882,사극,1,23,지상파,16,81.8,4,주말심야,0,44,11.41
4883,판타지,3,28,케이블,16,36.0,2,주말저녁,0,50,7.38
4884,사극,2,30,케이블,16,95.0,1,평일저녁,0,29,12.53
4885,스릴러,5,14,케이블,16,90.4,1,평일심야,0,32,5.58
4886,코미디,2,7,케이블,16,93.7,1,평일저녁,0,27,11.34
4887,의학,5,29,케이블,12,78.6,3,평일저녁,0,37,6.72
4888,코미디,5,21,OTT,20,73.2,1,평일심야,0,30,6.27
4889,로맨스,5,10,지상파,12,52.1,2,평일저녁,0,20,10.02
4890,법정,2,2,지상파,24,11.1,3,평일저녁,0,49,8.83
4891,법정,3,29,케이블,16,62.4,3,주말저녁,0,36,13.09
4892,로맨스,3,27,케이블,16,93.4,1,평일심야,1,29,9.66
4893,코미디,4,25,OTT,20,99.3,3,평일저녁,0,49,6.06
4894,스릴러,4,29,지상파,12,82.2,3,주말저녁,0,32,12.96
4895,사극,4,7,OTT,20,13.9,4,평일저녁,0,36,7.83
4896,사극,4,18,OTT,16,92.8,2,평일저녁,0,33,10.79
4897,법정,3,8,OTT,16,42.4,2,평일저녁,0,33,5.56
4898,코미디,3,18,OTT,16,84.1,3,주말저녁,1,40,7.99
4899,코미디,1,15,케이블,16,58.1,3,평일심야,0,20,10.26
4900,판타지,2,5,케이블,12,50.7,3,평일저녁,0,27,8.76
4901,판타지,4,15,케이블,8,40.8,1,주말저녁,0,31,8.1
4902,법정,2,16,지상파,20,31.4,4,평일저녁,0,26,10.44
4903,법정,3,15,OTT,24,93.8,4,주말저녁,0,49,9.67
4904,의학,5,7,지상파,20,99.3,3,평일저녁,1,24,11.18
4905,의학,2,0,OTT,12,58.3,1,평일심야,0,48,7.03
4906,사극,5,12,케이블,16,10.5,2,주말저녁,0,35,9.53
4907,법정,1,26,지상파,12,70.3,4,평일저녁,0,23,13.94
4908,법정,5,15,지상파,20,9.0,3,주말저녁,0,36,10.67
4909,코미디,1,19,OTT,8,75.1,4,주말저녁,0,42,13.35
4910,사극,1,30,지상파,20,86.0,4,평일저녁,0,24,14.27
4911,법정,5,8,OTT,16,60.4,3,주말저녁,0,35,5.86
4912,법정,2,0,지상파,32,98.1,2,평일심야,0,35,6.86
4913,법정,4,25,OTT,12,10.7,2,주말저녁,0,48,10.05
4914,스릴러,1,24,OTT,12,52.0,2,주말저녁,0,20,10.48
4915,코미디,2,5,케이블,20,41.6,3,주말심야,0,50,5.59
4916,로맨스,1,1,지상파,8,55.1,2,주말저녁,1,50,10.82
4917,스릴러,4,5,지상파,12,64.1,4,주말저녁,0,21,10.13
4918,의학,3,10,OTT,16,74.4,3,주말저녁,0,41,11.67
4919,로맨스,5,1,지상파,16,21.4,2,주말저녁,0,29,10.12
4920,사극,2,17,케이블,8,6.6,1,주말저녁,0,27,10.06
4921,스릴러,1,10,OTT,20,58.5,1,주말저녁,1,46,13.05
4922,의학,3,27,지상파,32,39.4,1,평일저녁,0,32,11.63
4923,사극,3,2,OTT,8,32.9,2,평일심야,0,39,5.76
4924,법정,1,10,지상파,16,94.4,2,평일심야,0,32,11.64
4925,법정,5,12,케이블,16,11.6,1,주말심야,0,33,7.69
4926,사극,5,8,지상파,12,25.7,1,평일저녁,0,21,9.78
4927,사극,4,5,케이블,32,51.6,4,평일저녁,0,50,8.49
4928,법정,5,7,케이블,16,45.9,2,평일저녁,0,22,5.72
4929,로맨스,5,2,지상파,16,7.0,3,평일심야,1,22,6.5
4930,코미디,2,7,OTT,16,44.7,4,평일저녁,0,26,8.51
4931,의학,3,29,케이블,20,95.6,4,평일심야,1,36,9.53
4932,사극,2,15,지상파,16,49.0,4,평일심야,0,41,9.39
4933,로맨스,5,10,OTT,16,68.9,2,평일저녁,0,40,7.29
4934,로맨스,3,29,지상파,12,76.0,1,주말저녁,0,34,12.58
4935,사극,1,12,지상파,20,94.2,1,평일심야,0,23,13.67
4936,스릴러,4,6,OTT,12,81.1,1,주말저녁,0,47,8.59
4937,코미디,2,10,지상파,16,77.7,2,평일저녁,0,37,11.45
4938,로맨스,4,13,OTT,24,56.8,1,주말심야,0,22,8.55
4939,법정,3,16,OTT,16,69.8,2,평일저녁,0,26,8.36
4940,법정,5,3,OTT,16,21.8,3,평일저녁,0,30,5.76
4941,스릴러,2,8,케이블,16,87.4,3,주말저녁,1,43,13.05
4942,사극,2,17,케이블,8,34.4,1,평일심야,0,43,9.18
4943,로맨스,5,8,지상파,16,20.9,1,평일심야,0,47,6.04
4944,코미디,3,19,지상파,12,90.6,3,주말저녁,0,49,13.17
4945,판타지,2,16,지상파,24,63.8,3,평일저녁,0,36,9.16
4946,의학,5,15,지상파,8,36.2,1,평일심야,0,40,7.15
4947,사극,3,19,케이블,20,21.9,2,평일저녁,0,32,12.35
4948,로맨스,2,15,지상파,32,80.8,2,평일저녁,0,30,10.94
4949,법정,5,20,지상파,20,51.2,3,주말저녁,0,22,9.32
4950,판타지,3,6,케이블,8,51.5,4,평일저녁,0,32,5.86
4951,로맨스,3,14,지상파,16,87.7,2,주말저녁,0,40,10.66
4952,스릴러,1,13,케이블,12,26.2,4,평일저녁,0,25,9.12
4953,로맨스,5,0,지상파,20,16.2,4,평일저녁,0,27,6.99
4954,의학,3,29,OTT,20,85.5,2,평일심야,0,34,8.47
4955,판타지,3,23,OTT,20,47.2,2,주말심야,1,25,8.25
4956,의학,5,3,케이블,16,84.2,3,평일심야,0,25,5.29
4957,판타지,4,7,케이블,32,47.0,1,평일저녁,0,44,5.79
4958,사극,5,24,케이블,20,84.6,3,평일심야,0,48,11.52
4959,법정,1,30,지상파,20,67.8,4,주말저녁,0,48,12.88
4960,사극,4,30,케이블,12,87.7,4,주말저녁,0,49,14.26
4961,의학,4,22,OTT,16,58.4,2,평일저녁,0,38,8.22
4962,코미디,5,21,지상파,8,27.9,3,평일저녁,1,49,6.4
4963,스릴러,5,26,지상파,8,18.2,3,주말저녁,1,43,9.96
4964,의학,4,3,OTT,16,17.0,2,주말심야,1,44,6.65
4965,사극,2,21,OTT,16,30.8,3,평일저녁,0,25,12.61
4966,법정,3,17,지상파,16,10.6,2,평일저녁,0,29,10.25
4967,사극,2,16,지상파,24,9.8,2,주말저녁,0,40,11.0
4968,로맨스,1,5,케이블,16,48.7,1,주말저녁,0,32,10.77
4969,코미디,4,15,지상파,8,67.8,1,평일저녁,0,31,11.56
4970,의학,1,1,케이블,20,47.1,4,주말저녁,1,33,9.35
4971,로맨스,5,22,지상파,24,45.0,1,평일저녁,0,48,9.25
4972,법정,3,17,지상파,24,35.8,3,주말심야,0,30,8.95
4973,로맨스,5,29,케이블,32,99.7,2,평일저녁,0,35,11.09
4974,의학,5,7,케이블,20,31.8,4,주말저녁,1,50,7.18
4975,코미디,1,6,케이블,8,91.8,4,평일저녁,0,37,8.65
4976,사극,2,6,케이블,12,53.2,3,평일저녁,0,44,10.8
4977,사극,5,19,지상파,16,49.9,3,평일저녁,0,46,10.22
4978,법정,2,20,케이블,16,88.3,1,주말심야,0,24,10.65
4979,의학,2,23,케이블,24,28.2,2,평일저녁,0,21,13.04
4980,의학,1,12,OTT,16,61.6,3,평일심야,0,45,8.06
4981,스릴러,2,6,지상파,24,21.0,2,평일저녁,0,30,6.01
4982,판타지,5,25,지상파,16,21.3,4,평일저녁,0,40,10.39
4983,사극,4,24,지상파,20,28.8,4,평일저녁,0,24,7.93
4984,로맨스,1,18,지상파,12,51.1,1,평일저녁,0,37,10.49
4985,스릴러,4,13,지상파,24,12.1,4,평일심야,0,32,7.97
4986,코미디,3,5,지상파,12,85.7,3,평일저녁,0,24,10.47
4987,의학,1,11,케이블,20,98.2,3,평일심야,0,49,8.43
4988,코미디,2,3,케이블,16,19.6,1,평일저녁,0,49,8.54
4989,코미디,3,24,지상파,12,53.6,2,평일저녁,0,43,12.56
4990,사극,2,16,지상파,20,99.6,3,평일저녁,0,24,13.78
4991,로맨스,1,11,지상파,8,72.5,2,주말심야,0,31,11.6
4992,코미디,2,27,지상파,12,73.2,3,평일저녁,0,43,11.39
4993,의학,2,13,지상파,16,41.7,1,평일심야,0,24,10.75
4994,법정,4,6,지상파,24,10.2,4,평일심야,0,25,3.93
4995,로맨스,5,17,OTT,24,87.3,1,주말저녁,1,34,7.7
4996,스릴러,4,21,케이블,16,86.5,1,평일저녁,0,27,10.52
4997,로맨스,2,9,OTT,12,10.2,1,평일저녁,0,30,5.51
4998,스릴러,5,17,OTT,16,88.9,3,주말저녁,1,29,8.47
4999,판타지,2,16,지상파,12,54.6,1,주말저녁,0,48,11.99
5000,스릴러,2,15,케이블,20,38.3,1,평일저녁,0,46,8.99
5001,코미디,5,25,케이블,16,12.9,4,주말심야,0,27,6.85
5002,로맨스,3,13,지상파,12,50.9,4,평일저녁,0,30,9.32
5003,로맨스,3,14,케이블,16,73.2,1,평일저녁,0,47,10.54
5004,법정,1,9,지상파,12,45.4,2,주말심야,0,26,11.89
5005,스릴러,3,27,케이블,16,53.6,3,평일저녁,1,30,10.61
5006,사극,3,9,케이블,24,17.1,4,평일심야,1,35,4.17
5007,사극,1,28,케이블,16,22.2,3,주말심야,0,26,10.63
5008,사극,5,22,OTT,12,17.8,2,평일저녁,0,41,6.87
5009,판타지,1,23,OTT,24,16.4,1,평일심야,0,41,6.05
5010,로맨스,2,27,케이블,16,29.1,1,평일저녁,0,46,9.88
5011,법정,5,2,케이블,24,53.7,1,주말심야,1,39,5.77
5012,판타지,1,9,케이블,16,31.2,3,주말심야,0,22,8.03
5013,코미디,2,7,케이블,20,95.3,3,평일저녁,0,44,9.42
5014,로맨스,3,17,지상파,16,90.4,3,주말심야,1,36,8.39
5015,로맨스,4,25,케이블,16,63.6,1,평일심야,0,40,6.88
5016,의학,5,30,OTT,24,38.1,1,평일저녁,0,39,6.62
5017,로맨스,3,29,OTT,16,80.0,2,평일저녁,0,35,9.91
5018,법정,4,21,OTT,24,82.4,2,평일심야,0,36,8.12
5019,법정,4,18,OTT,24,60.6,4,평일저녁,0,42,5.74
5020,코미디,2,27,지상파,16,66.2,3,평일저녁,0,50,14.14
5021,의학,3,10,OTT,16,29.1,3,주말저녁,0,49,9.9
5022,의학,5,19,케이블,20,56.8,1,평일심야,1,25,6.21
5023,사극,3,7,OTT,24,44.8,1,주말저녁,0,50,8.44
5024,판타지,3,20,케이블,16,12.3,3,주말저녁,1,34,9.3
5025,스릴러,2,12,지상파,16,53.6,1,평일저녁,0,40,10.35
5026,의학,5,29,케이블,12,93.5,3,평일저녁,1,47,9.27
5027,로맨스,1,3,지상파,16,15.4,3,주말저녁,0,27,12.44
5028,법정,4,30,지상파,16,95.6,4,평일저녁,0,46,13.95
5029,사극,4,20,지상파,16,88.8,2,평일저녁,0,36,11.12
5030,스릴러,5,24,지상파,16,47.0,1,평일저녁,0,31,8.44
5031,법정,2,20,OTT,12,55.7,4,주말저녁,0,24,10.82
5032,코미디,5,20,지상파,12,62.7,2,평일저녁,1,33,9.08
5033,코미디,4,4,지상파,24,53.2,2,주말심야,0,38,6.93
5034,판타지,3,26,케이블,8,28.3,4,주말저녁,1,26,5.77
5035,의학,2,13,지상파,16,7.8,2,평일저녁,0,24,12.96
5036,코미디,4,23,케이블,12,94.2,1,평일저녁,0,29,11.0
5037,법정,5,25,케이블,24,78.7,4,주말심야,0,42,6.0
5038,판타지,2,12,케이블,16,67.0,3,평일저녁,0,25,11.0
5039,스릴러,2,18,지상파,24,75.0,3,주말저녁,0,33,13.09
5040,코미디,1,13,케이블,12,70.1,1,평일심야,0,25,10.42
5041,법정,3,23,케이블,8,55.1,1,평일저녁,1,41,9.95
5042,판타지,2,7,지상파,16,75.8,2,평일심야,0,45,9.71
5043,코미디,2,4,지상파,20,84.1,2,평일저녁,0,31,11.47
5044,판타지,3,4,케이블,24,54.0,4,평일심야,0,46,8.51
5045,사극,2,12,지상파,8,7.1,4,주말저녁,0,48,12.14
5046,사극,1,23,케이블,16,26.2,3,주말저녁,0,30,12.56
5047,로맨스,2,13,케이블,12,80.8,4,평일저녁,1,39,11.58
5048,사극,1,23,지상파,32,56.2,3,평일저녁,0,41,13.61
5049,판타지,2,12,케이블,16,91.5,1,평일저녁,0,27,13.06
5050,스릴러,1,10,지상파,8,32.2,4,평일심야,0,45,8.09
5051,의학,4,29,지상파,20,8.2,2,주말심야,0,34,11.42
5052,사극,2,9,지상파,8,97.8,2,주말심야,1,41,12.17
5053,법정,3,30,지상파,12,22.6,3,주말심야,0,25,9.47
5054,로맨스,3,6,OTT,16,65.9,1,평일저녁,0,39,6.67
5055,스릴러,3,13,케이블,8,79.5,4,평일저녁,0,26,8.77
5056,법정,2,0,지상파,16,36.2,1,평일심야,0,27,9.35
5057,사극,3,11,지상파,16,10.0,2,주말저녁,1,46,8.92
5058,코미디,3,22,케이블,16,5.9,3,주말저녁,0,49,8.78
5059,스릴러,2,1,케이블,16,13.2,4,평일저녁,0,47,7.02
5060,사극,1,8,지상파,12,51.4,4,평일저녁,1,50,13.07
5061,판타지,2,18,OTT,24,11.6,4,평일심야,0,43,8.55
5062,의학,5,21,지상파,16,15.9,4,평일저녁,0,32,8.97
5063,로맨스,1,10,케이블,16,63.9,4,주말저녁,1,40,10.66
5064,판타지,1,10,OTT,24,81.6,4,평일저녁,0,35,8.35
5065,스릴러,5,6,케이블,16,62.5,3,주말저녁,0,28,6.56
5066,법정,5,29,케이블,16,12.7,1,주말저녁,0,33,10.56
5067,판타지,3,2,OTT,24,50.6,4,주말저녁,0,22,7.02
5068,의학,1,30,지상파,32,83.7,2,평일저녁,0,33,13.46
5069,스릴러,2,18,케이블,16,94.1,1,평일저녁,0,41,12.31
5070,로맨스,2,10,지상파,20,68.1,2,주말저녁,1,32,12.01
5071,의학,3,9,OTT,16,11.0,3,주말심야,0,25,6.26
5072,스릴러,2,8,지상파,20,73.8,4,평일심야,0,29,9.93
5073,코미디,1,20,케이블,20,29.0,3,주말저녁,0,31,11.31
5074,판타지,1,20,OTT,16,26.7,3,평일저녁,0,48,10.28
5075,법정,4,2,지상파,32,66.8,3,평일심야,0,32,6.95
5076,판타지,4,20,지상파,12,45.5,3,주말심야,0,27,9.21
5077,판타지,1,7,케이블,12,77.5,4,평일저녁,0,25,11.77
5078,법정,1,3,OTT,24,41.8,3,평일심야,0,30,5.62
5079,코미디,1,19,지상파,16,46.5,3,평일저녁,0,31,10.95
5080,사극,3,7,지상파,16,19.9,3,주말저녁,0,26,10.23
5081,스릴러,3,26,케이블,16,16.9,2,평일저녁,0,31,8.39
5082,사극,3,20,케이블,8,38.0,4,주말심야,0,37,7.29
5083,코미디,3,28,지상파,16,49.0,2,평일저녁,0,45,10.3
5084,스릴러,4,3,케이블,16,54.4,4,평일저녁,0,26,6.18
5085,코미디,1,14,지상파,24,28.3,2,평일심야,0,44,7.48
5086,스릴러,2,14,OTT,12,7.8,2,평일심야,0,48,8.29
5087,스릴러,5,9,지상파,24,34.3,3,평일저녁,1,32,8.61
5088,로맨스,4,15,지상파,16,81.3,2,평일저녁,0,45,9.37
5089,사극,1,0,OTT,32,96.5,4,주말저녁,0,36,13.65
5090,사극,1,29,케이블,16,6.9,3,평일심야,0,40,6.68
5091,의학,2,11,지상파,20,95.8,3,평일심야,1,47,9.85
5092,코미디,2,10,지상파,16,18.3,1,평일저녁,1,26,11.36
5093,의학,4,20,케이블,8,39.7,2,평일심야,0,29,10.45
5094,의학,2,7,지상파,16,31.7,3,평일심야,0,37,5.85
5095,사극,3,9,지상파,24,16.4,1,평일저녁,0,26,9.78
5096,사극,5,30,케이블,16,61.3,1,평일저녁,0,37,11.37
5097,스릴러,3,2,지상파,24,16.5,2,평일저녁,0,50,8.81
5098,코미디,1,22,케이블,16,43.4,1,주말저녁,0,46,11.65
5099,법정,5,21,지상파,16,98.8,4,평일저녁,1,26,10.76
5100,법정,1,30,OTT,24,12.4,4,평일저녁,0,44,11.47
5101,스릴러,5,12,지상파,8,36.4,4,평일저녁,0,30,7.77
5102,로맨스,2,12,OTT,16,89.2,3,평일저녁,0,25,11.87
5103,법정,4,23,지상파,16,24.7,2,평일저녁,0,21,12.12
5104,판타지,3,2,지상파,16,44.9,3,주말저녁,0,39,10.53
5105,코미디,4,10,OTT,8,90.0,1,주말저녁,0,30,14.59
5106,스릴러,2,13,지상파,24,80.4,1,평일저녁,0,45,10.29
5107,판타지,3,8,지상파,20,45.6,4,주말저녁,0,25,10.08
5108,사극,5,16,케이블,16,48.5,3,평일심야,0,20,5.96
5109,스릴러,5,19,지상파,20,90.5,2,평일저녁,1,38,12.43
5110,의학,2,0,지상파,20,33.5,2,평일저녁,0,43,13.41
5111,사극,4,16,지상파,16,79.3,2,주말저녁,0,48,10.97
5112,로맨스,1,12,OTT,24,46.8,2,평일저녁,0,20,10.3
5113,사극,4,18,케이블,8,47.3,2,평일심야,1,49,7.41
5114,판타지,1,19,OTT,16,55.4,3,평일저녁,0,38,10.0
5115,코미디,3,4,케이블,16,25.2,4,주말저녁,0,42,8.26
5116,판타지,1,19,지상파,8,20.3,1,평일심야,0,22,10.3
5117,의학,2,15,지상파,24,24.5,3,평일심야,0,20,10.56
5118,의학,1,9,지상파,8,95.8,3,주말심야,0,39,14.66
5119,판타지,2,24,지상파,16,38.2,4,평일저녁,0,39,8.43
5120,코미디,2,13,OTT,16,5.7,4,평일저녁,0,27,11.27
5121,스릴러,4,10,지상파,16,92.8,2,평일심야,0,48,8.6
5122,스릴러,3,14,케이블,16,13.3,4,평일저녁,0,31,9.27
5123,법정,5,24,지상파,8,81.3,4,평일저녁,0,35,12.33
5124,스릴러,2,30,케이블,16,88.9,2,평일저녁,0,24,12.37
5125,코미디,5,23,지상파,8,55.0,3,평일저녁,0,28,8.79
5126,로맨스,4,10,케이블,12,63.9,1,평일심야,1,32,10.18
5127,판타지,3,27,케이블,16,44.6,1,평일저녁,0,24,9.01
5128,사극,4,16,OTT,24,62.7,4,주말심야,0,23,5.14
5129,사극,1,30,지상파,24,72.6,1,주말저녁,0,49,12.32
5130,로맨스,1,22,지상파,24,65.2,1,주말저녁,0,49,13.02
5131,법정,3,18,OTT,16,36.3,4,주말심야,0,41,9.11
5132,사극,5,6,지상파,16,20.2,3,평일심야,0,47,10.05
5133,스릴러,1,28,지상파,16,94.6,1,주말심야,0,45,11.06
5134,의학,4,9,지상파,20,14.9,3,주말저녁,0,38,12.04
5135,법정,1,10,지상파,8,22.9,1,평일저녁,0,35,15.24
5136,사극,1,29,OTT,24,67.8,4,평일저녁,0,37,12.93
5137,법정,4,17,OTT,24,61.0,3,평일심야,0,22,4.3
5138,코미디,3,16,지상파,16,26.7,4,주말저녁,0,47,11.05
5139,법정,3,16,케이블,12,86.4,1,주말저녁,0,23,11.14
5140,사극,5,22,OTT,12,41.4,1,주말저녁,1,50,9.21
5141,법정,2,5,지상파,16,53.9,4,평일저녁,0,41,10.58
5142,스릴러,3,25,지상파,16,30.3,3,평일저녁,1,22,11.85
5143,스릴러,2,10,케이블,16,71.7,1,주말심야,0,25,8.35
5144,판타지,1,24,지상파,16,91.0,4,평일저녁,0,40,14.79
5145,판타지,2,29,지상파,24,97.5,2,평일저녁,0,20,14.52
5146,의학,3,1,케이블,24,79.1,1,평일저녁,0,33,9.94
5147,법정,2,3,지상파,16,30.1,1,주말저녁,0,30,11.98
5148,법정,4,0,케이블,16,85.8,2,평일저녁,0,44,7.29
5149,의학,3,17,OTT,16,21.7,1,평일저녁,0,29,7.89
5150,판타지,2,5,케이블,20,91.2,4,평일저녁,0,27,9.39
5151,사극,4,16,케이블,16,44.5,4,평일저녁,1,41,9.47
5152,코미디,1,0,지상파,12,58.2,3,주말저녁,0,41,12.75
5153,로맨스,4,28,OTT,12,28.5,1,주말심야,0,46,10.3
5154,법정,5,16,지상파,32,75.7,1,평일저녁,0,42,6.48
5155,법정,1,6,지상파,20,22.4,3,평일저녁,0,36,9.6
5156,코미디,1,24,케이블,16,92.6,2,주말저녁,0,36,13.78
5157,로맨스,1,5,OTT,8,50.7,4,평일심야,0,45,8.2
5158,법정,3,25,지상파,16,45.9,1,평일심야,1,32,9.84
5159,법정,5,24,케이블,24,7.9,4,주말저녁,0,50,7.1
5160,스릴러,1,11,지상파,12,75.7,4,평일저녁,0,33,12.51
5161,스릴러,5,8,지상파,20,62.1,2,주말저녁,0,25,7.79
5162,의학,2,28,OTT,12,54.0,4,주말저녁,0,36,12.38
5163,로맨스,3,26,케이블,20,28.9,2,주말심야,1,38,5.72
5164,스릴러,1,20,지상파,16,42.2,2,평일저녁,0,38,13.36
5165,스릴러,2,3,케이블,16,36.8,1,평일저녁,1,25,9.14
5166,코미디,2,6,케이블,16,91.4,2,주말저녁,0,45,10.31
5167,로맨스,5,22,지상파,16,41.8,3,평일저녁,0,36,12.07
5168,판타지,5,0,지상파,20,40.6,2,평일저녁,0,32,9.9
5169,스릴러,5,26,케이블,16,59.9,2,주말저녁,1,40,7.42
5170,스릴러,1,18,케이블,16,9.9,2,평일저녁,0,21,9.19
5171,사극,5,4,OTT,24,58.6,2,평일저녁,1,37,5.96
5172,판타지,1,20,지상파,24,71.9,1,주말심야,0,21,10.49
5173,의학,2,8,OTT,16,46.9,2,평일저녁,0,27,11.85
5174,법정,2,2,케이블,8,80.0,2,주말심야,0,29,9.3
5175,법정,1,29,케이블,20,86.2,4,평일저녁,0,26,11.91
5176,코미디,1,19,지상파,20,19.1,4,주말저녁,0,45,14.46
5177,로맨스,3,10,지상파,12,63.0,1,주말저녁,0,41,11.71
5178,법정,4,23,OTT,24,71.6,3,평일저녁,0,32,9.72
5179,스릴러,4,16,지상파,8,81.9,2,평일저녁,0,32,9.73
5180,판타지,4,18,OTT,8,80.3,4,평일저녁,0,42,9.99
5181,법정,4,6,지상파,16,41.0,4,주말심야,0,28,3.67
5182,의학,5,1,지상파,8,67.2,1,평일저녁,0,35,6.81
5183,판타지,5,5,케이블,8,27.9,3,주말저녁,0,41,6.86
5184,법정,5,27,OTT,16,86.7,1,평일저녁,0,43,7.61
5185,코미디,2,5,케이블,16,74.0,1,주말저녁,0,26,8.57
5186,코미디,2,5,케이블,20,19.6,2,주말저녁,0,48,9.93
5187,법정,4,8,OTT,16,18.0,1,평일심야,0,20,6.16
5188,스릴러,4,26,지상파,12,47.9,4,평일심야,0,45,6.16
5189,스릴러,2,27,케이블,16,9.7,3,평일심야,0,40,7.74
5190,법정,5,16,OTT,8,87.1,2,주말심야,0,41,7.8
5191,법정,5,23,지상파,24,35.1,3,주말심야,1,31,8.03
5192,판타지,1,22,지상파,16,91.5,4,평일저녁,0,35,12.26
5193,스릴러,3,16,지상파,16,80.6,4,주말저녁,0,42,11.67
5194,코미디,1,5,지상파,24,29.7,1,주말저녁,0,50,12.58
5195,로맨스,3,7,케이블,16,26.1,2,평일심야,0,23,9.99
5196,법정,3,12,지상파,16,12.2,4,평일저녁,0,31,11.07
5197,판타지,5,15,지상파,16,91.1,4,주말저녁,0,22,12.07
5198,스릴러,4,14,케이블,20,71.1,4,평일저녁,0,29,9.5
5199,의학,1,0,지상파,16,54.0,3,평일저녁,0,29,12.19
5200,의학,2,18,지상파,16,77.2,2,평일저녁,0,43,11.58
5201,법정,2,18,케이블,12,39.3,4,평일저녁,0,23,10.01
5202,스릴러,3,25,OTT,20,74.0,4,주말저녁,0,37,12.37
5203,판타지,5,13,지상파,16,74.1,4,주말심야,0,20,10.61
5204,법정,2,18,지상파,12,24.9,4,평일저녁,0,38,7.5
5205,로맨스,5,29,OTT,20,13.4,1,평일저녁,0,29,10.42
5206,판타지,2,4,케이블,12,59.8,3,평일저녁,0,34,11.64
5207,코미디,2,0,지상파,8,22.2,4,평일심야,0,33,9.75
5208,코미디,2,27,OTT,8,70.6,3,평일저녁,0,38,9.59
5209,법정,2,13,케이블,16,71.4,4,주말저녁,1,34,9.39
5210,스릴러,1,21,지상파,24,34.3,2,주말저녁,0,45,9.42
5211,판타지,5,9,지상파,16,36.3,4,평일저녁,1,40,8.03
5212,판타지,2,21,케이블,16,58.1,1,평일저녁,0,40,9.78
5213,판타지,5,15,지상파,16,87.3,2,주말저녁,0,35,9.63
5214,스릴러,1,20,지상파,8,81.9,1,주말저녁,0,20,14.57
5215,판타지,3,15,지상파,20,50.9,3,평일저녁,0,23,7.18
5216,판타지,3,15,케이블,16,95.4,3,주말저녁,0,38,7.31
5217,의학,2,2,지상파,24,12.0,4,주말심야,0,45,6.85
5218,스릴러,5,25,지상파,12,19.3,2,주말저녁,0,30,7.93
5219,법정,3,19,OTT,16,79.0,3,주말저녁,0,22,9.02
5220,로맨스,1,16,OTT,20,88.0,1,주말저녁,0,49,11.4
5221,사극,4,1,지상파,24,31.9,3,주말심야,0,27,7.69
5222,코미디,5,28,OTT,20,74.6,3,평일심야,0,39,8.27
5223,의학,5,16,케이블,16,7.3,4,주말저녁,0,50,7.42
5224,판타지,5,19,케이블,24,45.4,1,주말저녁,0,26,7.3
5225,법정,5,10,지상파,16,34.2,3,평일심야,0,26,6.01
5226,법정,5,22,지상파,16,6.7,4,평일저녁,1,50,9.33
5227,사극,4,25,지상파,16,99.2,4,주말저녁,0,27,11.28
5228,로맨스,2,15,케이블,16,44.9,1,주말저녁,0,30,6.33
5229,의학,1,22,OTT,16,77.8,2,주말심야,0,45,8.7
5230,로맨스,3,21,지상파,20,79.3,1,주말저녁,0,48,11.95
5231,의학,1,23,케이블,20,5.4,4,주말심야,0,43,9.19
5232,로맨스,2,2,OTT,16,16.3,3,주말저녁,0,47,6.33
5233,의학,4,15,케이블,24,68.5,4,주말저녁,0,34,7.81
5234,스릴러,1,23,OTT,24,95.9,2,평일저녁,1,47,9.54
5235,스릴러,4,6,지상파,12,46.0,1,평일저녁,1,27,10.07
5236,법정,5,18,OTT,8,32.5,4,주말저녁,0,33,5.8
5237,법정,5,2,케이블,20,20.5,4,주말저녁,0,48,8.87
5238,판타지,3,3,지상파,16,44.1,4,평일심야,0,20,8.21
5239,사극,2,1,케이블,12,75.3,1,평일심야,0,21,7.98
5240,의학,3,15,지상파,8,29.6,3,평일저녁,0,36,10.65
5241,로맨스,1,5,케이블,20,24.3,3,평일심야,0,47,10.03
5242,로맨스,2,14,OTT,16,57.0,1,평일저녁,0,21,8.77
5243,판타지,5,5,지상파,24,57.8,2,평일저녁,1,20,7.51
5244,스릴러,5,19,OTT,16,68.9,4,평일심야,0,38,6.99
5245,의학,3,24,OTT,24,48.0,3,주말저녁,0,28,8.87
5246,사극,2,10,OTT,16,47.4,4,평일심야,0,41,7.4
5247,법정,2,24,지상파,20,60.5,2,평일저녁,1,24,10.72
5248,판타지,1,1,케이블,12,31.9,3,주말저녁,0,32,12.25
5249,법정,3,21,지상파,16,60.9,1,주말저녁,0,33,10.66
5250,코미디,3,17,케이블,16,43.8,2,평일저녁,0,46,10.56
5251,코미디,1,13,지상파,24,28.5,2,평일저녁,1,29,6.61
5252,스릴러,5,0,지상파,16,15.0,1,평일심야,0,24,6.08
5253,법정,4,29,지상파,16,51.1,2,평일저녁,0,28,10.58
5254,법정,5,9,OTT,8,66.6,3,평일심야,1,34,6.78
5255,스릴러,1,9,지상파,20,84.9,1,평일저녁,0,26,12.62
5256,사극,2,23,OTT,8,56.7,4,주말저녁,0,37,9.43
5257,판타지,2,5,OTT,16,87.9,4,평일심야,0,40,6.62
5258,의학,1,28,OTT,12,55.6,4,주말저녁,1,47,11.23
5259,의학,1,26,지상파,20,63.1,3,주말심야,0,21,13.31
5260,코미디,2,19,OTT,24,56.7,3,주말저녁,0,47,9.26
5261,의학,2,10,지상파,24,63.2,4,평일저녁,0,45,11.5
5262,로맨스,1,29,OTT,8,30.9,3,주말심야,0,34,8.53
5263,법정,2,29,지상파,20,71.1,4,주말저녁,0,26,11.69
5264,스릴러,4,13,케이블,12,48.8,4,평일심야,0,46,9.92
5265,사극,2,13,OTT,16,12.1,2,주말저녁,0,44,8.08
5266,로맨스,3,13,케이블,24,61.9,1,평일심야,0,31,6.52
5267,법정,3,18,OTT,16,54.1,1,평일저녁,0,44,8.63
5268,의학,3,12,케이블,12,92.7,1,평일저녁,0,41,10.01
5269,사극,2,29,OTT,20,80.0,2,주말심야,0,26,11.33
5270,코미디,2,16,케이블,12,72.5,3,주말심야,1,29,12.51
5271,판타지,5,0,지상파,16,16.2,3,평일심야,0,48,4.27
5272,로맨스,1,7,케이블,16,16.4,3,주말심야,0,28,8.61
5273,스릴러,3,21,케이블,16,12.7,2,평일심야,0,25,7.85
5274,사극,3,5,케이블,16,14.7,1,평일저녁,0,22,8.68
5275,법정,2,23,지상파,12,67.6,1,주말저녁,0,30,16.38
5276,의학,2,10,OTT,12,94.3,2,평일저녁,1,21,12.46
5277,판타지,5,8,지상파,20,97.7,2,주말심야,0,33,9.91
5278,로맨스,5,11,케이블,16,86.5,4,평일저녁,0,38,6.92
5279,판타지,5,8,케이블,16,90.7,1,주말저녁,0,33,10.18
5280,법정,2,22,지상파,16,85.1,4,주말저녁,0,27,14.36
5281,사극,4,27,케이블,16,31.5,4,평일저녁,0,49,9.5
5282,법정,2,17,지상파,12,36.7,1,주말저녁,0,24,13.87
5283,스릴러,1,26,지상파,12,11.5,2,평일저녁,0,28,10.96
5284,사극,1,8,OTT,16,53.2,4,주말저녁,1,22,9.75
5285,법정,5,3,지상파,16,92.8,4,주말저녁,0,26,10.87
5286,스릴러,4,20,케이블,12,17.0,1,평일심야,0,33,7.98
5287,스릴러,1,15,지상파,20,88.3,4,평일저녁,0,44,11.52
5288,스릴러,4,10,케이블,8,28.3,3,평일심야,1,37,5.19
5289,의학,2,11,케이블,16,59.9,1,평일저녁,1,33,13.11
5290,법정,1,22,지상파,16,80.2,1,평일심야,0,34,8.9
5291,코미디,2,28,지상파,20,24.3,1,평일저녁,0,30,11.17
5292,의학,3,1,케이블,8,96.8,2,평일심야,0,24,8.55
5293,사극,3,20,지상파,16,36.3,1,주말저녁,0,29,10.17
5294,사극,2,5,케이블,32,23.7,1,주말저녁,0,49,11.87
5295,판타지,1,1,케이블,16,11.8,2,평일저녁,0,44,6.82
5296,로맨스,4,29,지상파,16,61.0,3,주말저녁,0,21,10.79
5297,의학,5,26,지상파,16,78.4,2,평일저녁,0,43,11.84
5298,코미디,4,5,OTT,20,14.8,4,평일심야,0,42,4.55
5299,로맨스,2,19,지상파,16,88.6,4,평일심야,0,40,10.77
5300,사극,1,28,지상파,12,48.4,3,평일저녁,0,42,14.35
5301,코미디,4,15,케이블,24,33.0,3,평일저녁,0,31,8.91
5302,로맨스,1,28,OTT,8,33.1,1,주말저녁,0,30,14.23
5303,법정,4,22,OTT,12,8.5,3,주말심야,0,38,6.45
5304,법정,2,2,케이블,32,76.3,2,주말심야,0,32,8.15
5305,법정,1,14,OTT,12,90.6,1,평일저녁,0,29,11.97
5306,의학,5,25,케이블,16,22.0,1,주말저녁,1,50,9.33
5307,코미디,4,1,케이블,8,52.6,1,주말저녁,0,50,8.03
5308,의학,5,17,케이블,16,81.2,1,평일저녁,0,48,8.99
5309,판타지,5,21,케이블,12,98.5,2,평일저녁,0,20,8.24
5310,사극,1,2,지상파,16,89.2,1,평일저녁,0,47,15.89
5311,의학,1,13,케이블,20,84.9,1,평일저녁,1,25,10.53
5312,로맨스,4,4,지상파,16,45.2,3,주말저녁,1,48,9.8
5313,의학,3,20,지상파,12,92.3,2,평일저녁,0,48,13.54
5314,의학,1,11,지상파,24,55.6,3,평일저녁,0,33,10.41
5315,의학,5,1,케이블,16,13.4,1,평일저녁,0,20,6.71
5316,법정,4,3,지상파,16,27.6,2,평일심야,0,40,9.63
5317,법정,3,17,케이블,20,70.4,4,평일저녁,0,20,9.9
5318,사극,3,12,OTT,16,63.9,3,평일저녁,0,43,9.53
5319,판타지,2,12,케이블,20,74.8,1,평일저녁,0,37,10.93
5320,법정,4,19,지상파,16,64.6,2,주말심야,0,28,11.82
5321,법정,5,25,지상파,12,14.4,3,주말저녁,0,50,9.87
5322,의학,1,12,지상파,8,12.9,2,평일저녁,0,27,11.91
5323,법정,2,26,지상파,24,88.8,3,평일심야,1,33,9.19
5324,사극,2,3,케이블,20,83.0,1,주말저녁,0,20,12.27
5325,법정,4,1,지상파,16,6.0,4,평일저녁,0,20,9.04
5326,코미디,5,23,지상파,16,27.5,4,주말저녁,0,47,10.13
5327,스릴러,5,7,지상파,16,95.5,1,평일저녁,0,33,6.81
5328,법정,2,17,지상파,16,41.6,2,평일심야,0,35,9.91
5329,사극,5,0,지상파,20,54.6,1,주말심야,0,28,9.23
5330,의학,3,9,지상파,20,81.6,2,평일심야,0,29,10.22
5331,로맨스,4,11,케이블,8,18.0,4,평일저녁,0,29,7.69
5332,코미디,5,20,OTT,12,79.3,3,평일저녁,0,35,7.95
5333,스릴러,4,15,OTT,16,96.7,1,평일저녁,0,46,10.12
5334,사극,1,15,지상파,16,66.3,4,평일저녁,0,37,13.88
5335,로맨스,2,28,지상파,16,73.9,4,평일심야,1,31,11.14
5336,사극,1,27,지상파,16,59.2,4,평일저녁,0,34,15.28
5337,스릴러,4,2,케이블,16,8.4,4,평일저녁,0,37,4.31
5338,스릴러,2,6,지상파,12,98.2,1,평일저녁,0,47,11.49
5339,판타지,3,29,케이블,12,80.2,3,평일저녁,0,31,9.84
5340,의학,5,3,케이블,12,10.4,1,평일심야,1,27,3.73
5341,로맨스,5,17,케이블,16,61.9,1,주말저녁,1,37,9.92
5342,법정,2,24,케이블,24,36.3,2,평일심야,0,20,12.96
5343,사극,2,25,케이블,32,17.5,3,주말저녁,0,38,10.13
5344,스릴러,3,21,케이블,16,82.0,3,평일심야,0,46,10.59
5345,의학,5,16,OTT,12,98.8,1,평일저녁,0,32,9.73
5346,법정,4,20,지상파,8,98.3,3,평일심야,0,46,11.02
5347,의학,1,5,케이블,16,14.0,4,평일저녁,0,36,9.97
5348,사극,5,26,지상파,20,54.0,3,주말저녁,0,48,13.52
5349,판타지,2,4,지상파,20,73.9,2,평일저녁,0,44,11.11
5350,법정,1,16,케이블,16,9.5,3,주말저녁,0,50,12.54
5351,판타지,2,21,케이블,16,20.0,3,평일저녁,1,46,10.21
5352,판타지,1,6,지상파,16,67.4,2,평일저녁,1,27,10.56
5353,의학,4,18,케이블,24,63.0,4,평일심야,0,46,7.64
5354,판타지,2,1,지상파,32,60.0,2,평일심야,0,41,9.38
5355,의학,5,21,OTT,16,5.7,4,평일저녁,0,22,6.65
5356,의학,2,23,OTT,16,37.7,2,평일저녁,0,49,10.84
5357,코미디,3,25,지상파,16,94.5,3,주말저녁,0,26,13.05
5358,스릴러,5,12,케이블,16,73.4,2,평일저녁,0,48,9.06
5359,코미디,4,1,OTT,24,16.3,1,평일저녁,1,30,4.57
5360,스릴러,1,4,OTT,24,84.6,4,평일저녁,0,42,10.95
5361,의학,5,0,케이블,16,67.9,3,평일저녁,0,21,11.09
5362,의학,5,9,지상파,12,43.0,4,평일저녁,0,35,7.67
5363,의학,5,10,케이블,16,24.5,4,평일저녁,0,26,5.61
5364,의학,2,10,지상파,20,70.4,2,평일저녁,0,28,11.43
5365,판타지,2,28,지상파,16,94.3,2,평일저녁,0,40,11.6
5366,사극,2,7,OTT,24,57.1,1,평일저녁,0,36,10.59
5367,로맨스,2,24,케이블,24,75.0,2,평일저녁,0,23,11.3
5368,판타지,5,18,OTT,16,6.2,4,평일심야,0,39,2.5
5369,의학,5,16,케이블,16,67.4,1,평일심야,0,21,5.22
5370,로맨스,4,11,케이블,32,35.2,2,주말저녁,0,44,11.3
5371,법정,2,18,지상파,24,36.7,2,평일저녁,0,47,11.55
5372,스릴러,5,13,지상파,20,58.7,1,평일저녁,0,37,8.49
5373,사극,3,3,케이블,24,34.0,1,주말저녁,0,38,9.95
5374,법정,2,11,지상파,16,72.8,1,평일저녁,0,47,10.07
5375,코미디,5,14,케이블,16,39.1,2,주말저녁,0,38,6.59
5376,로맨스,3,23,지상파,12,50.3,4,평일저녁,0,41,9.62
5377,사극,3,10,지상파,32,28.0,1,평일저녁,0,38,9.83
5378,로맨스,4,21,OTT,16,10.7,4,평일저녁,0,33,6.35
5379,로맨스,3,1,지상파,16,20.3,1,주말저녁,0,38,11.19
5380,의학,4,15,지상파,16,43.6,4,주말저녁,0,31,8.98
5381,사극,2,3,지상파,24,60.4,2,평일저녁,0,46,9.71
5382,코미디,2,19,케이블,12,77.3,4,평일심야,0,36,4.96
5383,로맨스,2,28,지상파,16,43.5,2,주말저녁,0,50,14.35
5384,로맨스,3,11,OTT,32,77.5,2,주말저녁,0,39,6.96
5385,의학,4,9,케이블,16,39.0,4,주말저녁,0,32,10.63
5386,스릴러,3,8,OTT,16,94.8,3,평일저녁,0,35,9.01
5387,법정,2,1,지상파,12,94.8,2,주말저녁,0,37,11.7
5388,로맨스,1,3,OTT,8,16.2,4,주말저녁,0,29,10.98
5389,코미디,2,19,OTT,12,95.1,4,평일저녁,0,33,9.12
5390,판타지,2,20,OTT,16,79.6,3,평일저녁,0,31,8.74
5391,법정,1,15,케이블,24,78.0,4,평일저녁,0,43,11.56
5392,스릴러,1,11,케이블,8,10.3,1,주말저녁,0,43,11.0
5393,코미디,2,0,케이블,24,68.9,3,평일저녁,1,36,8.51
5394,스릴러,1,20,지상파,16,84.4,1,주말저녁,0,47,14.97
5395,사극,4,3,OTT,16,54.5,4,평일심야,0,43,8.63
5396,사극,4,28,지상파,12,90.5,3,평일저녁,0,44,13.19
5397,스릴러,2,6,케이블,24,88.9,3,주말저녁,0,40,10.99
5398,법정,4,7,지상파,16,39.7,2,주말심야,0,29,7.76
5399,의학,2,3,케이블,20,30.6,2,주말저녁,0,41,9.91
5400,코미디,1,25,OTT,8,30.2,1,주말심야,0,25,9.45
5401,로맨스,2,1,케이블,16,14.9,3,평일저녁,0,50,10.1
5402,법정,5,13,지상파,8,91.3,1,평일저녁,0,35,9.87
5403,의학,4,15,지상파,12,99.4,2,주말저녁,0,31,11.15
5404,의학,2,13,지상파,16,98.1,2,평일저녁,0,24,9.84
5405,사극,2,29,케이블,20,53.4,3,주말저녁,0,37,12.09
5406,스릴러,2,9,지상파,16,64.0,2,평일심야,0,22,8.31
5407,법정,4,13,지상파,8,96.0,3,주말저녁,0,49,13.03
5408,판타지,5,22,OTT,20,68.0,4,평일심야,0,41,5.9
5409,로맨스,1,9,케이블,32,50.7,2,주말심야,0,26,8.04
5410,사극,2,25,지상파,24,29.6,3,평일심야,0,33,10.49
5411,의학,4,10,지상파,16,15.8,3,평일심야,0,42,8.39
5412,의학,1,21,지상파,12,8.1,1,주말저녁,0,40,12.93
5413,법정,1,18,케이블,24,39.4,3,평일저녁,0,22,8.59
5414,로맨스,4,25,OTT,16,78.6,1,주말저녁,0,31,10.02
5415,로맨스,3,1,지상파,16,99.0,2,주말심야,0,22,8.6
5416,의학,4,14,OTT,8,59.4,1,평일저녁,1,23,8.72
5417,판타지,3,11,OTT,20,39.1,1,주말심야,0,33,8.32
5418,판타지,2,17,케이블,20,56.1,2,평일저녁,1,40,11.04
5419,법정,2,28,케이블,16,86.6,4,주말저녁,1,48,12.31
5420,의학,1,27,케이블,12,10.6,3,평일심야,0,35,9.25
5421,로맨스,1,29,케이블,20,51.6,2,평일심야,0,46,7.47
5422,판타지,4,0,지상파,24,22.5,4,평일심야,0,41,2.72
5423,의학,2,21,지상파,20,19.2,1,주말저녁,0,37,13.71
5424,스릴러,3,30,지상파,12,40.2,1,평일저녁,0,27,11.32
5425,의학,2,27,지상파,20,89.3,3,주말저녁,0,50,15.27
5426,판타지,4,19,OTT,20,28.1,3,주말저녁,1,30,10.51
5427,판타지,1,27,케이블,20,59.0,4,평일심야,0,33,9.04
5428,스릴러,5,10,OTT,24,22.4,1,평일심야,1,23,5.96
5429,코미디,4,25,케이블,16,48.8,1,평일심야,0,29,7.85
5430,법정,5,22,OTT,8,21.6,1,평일저녁,0,26,8.31
5431,스릴러,5,23,지상파,24,98.9,4,평일저녁,0,22,11.28
5432,스릴러,4,5,케이블,8,62.0,2,주말심야,1,33,7.4
5433,사극,1,24,케이블,16,72.7,4,주말저녁,0,49,11.12
5434,판타지,4,8,OTT,16,62.5,1,주말저녁,0,48,7.88
5435,로맨스,4,1,OTT,16,24.3,1,평일저녁,0,29,9.0
5436,코미디,3,10,지상파,24,74.4,1,평일저녁,0,35,11.15
5437,스릴러,3,11,케이블,16,83.8,4,주말저녁,0,47,12.38
5438,코미디,2,30,OTT,16,69.3,1,평일저녁,0,35,11.77
5439,코미디,4,21,지상파,16,60.4,2,평일저녁,0,21,11.38
5440,사극,3,12,지상파,16,14.0,3,주말심야,0,30,10.11
5441,스릴러,3,30,지상파,8,20.4,1,평일심야,1,31,6.51
5442,코미디,5,17,지상파,16,64.1,4,주말저녁,0,40,9.76
5443,의학,2,22,지상파,12,75.0,3,평일심야,0,47,13.25
5444,코미디,3,6,지상파,16,11.5,1,주말저녁,0,43,8.76
5445,로맨스,1,23,지상파,20,13.9,3,평일저녁,0,35,13.69
5446,판타지,1,22,지상파,20,84.2,2,주말저녁,0,35,13.85
5447,스릴러,3,27,지상파,16,97.9,4,평일심야,1,28,10.43
5448,로맨스,2,3,케이블,24,37.3,4,주말저녁,1,36,9.69
5449,로맨스,1,3,OTT,16,71.1,4,평일저녁,0,43,9.32
5450,로맨스,2,23,지상파,16,99.1,1,주말저녁,0,41,13.63
5451,코미디,4,22,지상파,20,29.1,2,주말저녁,0,37,10.86
5452,판타지,4,26,케이블,16,21.3,2,주말저녁,0,32,9.73
5453,판타지,3,14,케이블,20,65.3,1,주말저녁,0,45,8.98
5454,로맨스,2,7,지상파,16,55.0,3,평일저녁,0,26,10.36
5455,스릴러,4,16,지상파,24,60.8,4,주말저녁,0,20,12.38
5456,스릴러,2,4,지상파,32,9.7,1,주말저녁,1,26,11.21
5457,판타지,1,1,케이블,16,94.4,4,평일저녁,0,33,10.72
5458,코미디,5,26,OTT,32,50.4,3,평일저녁,0,21,6.85
5459,의학,2,14,지상파,24,23.9,2,주말저녁,0,21,10.15
5460,사극,2,25,지상파,24,91.8,2,주말심야,0,27,13.07
5461,판타지,2,26,OTT,16,93.5,4,주말저녁,0,27,9.74
5462,스릴러,1,12,케이블,16,30.6,1,주말저녁,0,48,8.71
5463,의학,1,25,OTT,8,74.6,4,주말저녁,1,50,9.25
5464,판타지,3,13,OTT,16,43.3,2,주말저녁,0,21,9.75
5465,판타지,2,27,OTT,16,91.2,1,평일심야,0,28,10.57
5466,판타지,4,20,지상파,12,9.7,2,평일저녁,1,20,8.22
5467,로맨스,5,22,케이블,16,72.5,3,평일심야,1,20,5.76
5468,의학,1,1,케이블,16,70.3,1,주말심야,0,27,12.36
5469,코미디,4,27,지상파,16,23.0,3,평일심야,1,25,6.35
5470,사극,5,9,케이블,24,10.4,4,주말저녁,0,43,6.61
5471,코미디,3,6,OTT,24,97.0,2,평일저녁,0,23,8.36
5472,코미디,3,27,지상파,20,31.6,4,주말저녁,0,49,12.13
5473,판타지,3,15,OTT,24,14.1,2,평일심야,0,48,5.16
5474,로맨스,4,11,OTT,12,31.7,3,주말저녁,1,37,8.43
5475,의학,5,5,케이블,16,72.3,3,주말심야,0,44,6.48
5476,코미디,4,2,지상파,20,40.0,3,주말심야,1,21,7.67
5477,스릴러,3,4,OTT,20,40.4,1,평일저녁,0,20,8.65
5478,판타지,3,14,지상파,16,47.1,1,평일심야,0,32,6.88
5479,판타지,2,12,지상파,32,76.1,4,주말저녁,0,44,12.14
5480,스릴러,1,30,지상파,24,56.5,4,평일심야,0,47,9.4
5481,사극,2,13,지상파,16,44.9,4,평일심야,0,49,8.75
5482,법정,1,0,OTT,16,46.2,4,평일심야,0,29,6.76
5483,법정,2,9,케이블,8,11.6,4,평일심야,0,30,4.76
5484,판타지,5,15,지상파,20,81.8,4,평일심야,0,22,7.48
5485,코미디,5,22,지상파,12,6.1,3,주말저녁,0,42,9.61
5486,사극,2,30,지상파,12,80.2,4,주말저녁,0,28,12.22
5487,법정,1,4,지상파,16,49.0,4,평일심야,0,42,8.93
5488,사극,2,26,지상파,16,54.3,2,주말저녁,0,32,14.19
5489,로맨스,1,6,케이블,12,61.9,4,평일저녁,0,45,9.9
5490,로맨스,4,21,지상파,20,85.8,1,평일심야,1,30,6.58
5491,로맨스,5,22,OTT,24,61.3,4,주말심야,1,28,7.42
5492,스릴러,3,7,케이블,16,69.4,3,평일저녁,0,38,10.9
5493,코미디,2,19,지상파,24,80.3,3,주말심야,0,27,9.49
5494,판타지,3,1,지상파,12,8.4,3,평일심야,0,36,8.51
5495,스릴러,3,14,OTT,16,12.1,3,주말심야,0,31,6.52
5496,사극,5,2,OTT,24,5.7,1,주말저녁,0,38,7.89
5497,스릴러,3,27,지상파,12,41.8,3,주말심야,0,34,8.72
5498,코미디,2,17,케이블,16,49.8,1,평일저녁,1,42,6.54
5499,사극,3,24,케이블,16,46.1,3,평일심야,0,26,8.48
5500,의학,5,2,케이블,16,8.2,3,평일심야,0,38,4.54
5501,의학,2,0,지상파,16,77.4,4,평일심야,1,37,9.95
5502,의학,4,3,지상파,16,93.6,3,주말저녁,1,27,7.91
5503,사극,3,2,지상파,12,55.7,3,평일심야,0,22,11.96
5504,의학,1,24,지상파,16,29.1,4,주말저녁,0,22,14.49
5505,판타지,5,1,케이블,16,44.5,4,주말저녁,1,49,9.66
5506,코미디,3,30,지상파,12,74.0,4,주말저녁,0,25,12.06
5507,법정,1,5,지상파,20,8.0,4,평일저녁,0,30,8.24
5508,로맨스,5,14,케이블,20,7.6,3,주말저녁,0,41,6.29
5509,의학,5,22,지상파,12,13.1,2,주말저녁,0,47,11.15
5510,코미디,3,10,케이블,24,43.2,1,평일저녁,0,29,9.92
5511,스릴러,5,28,지상파,16,17.8,1,평일심야,0,47,6.86
5512,사극,5,16,케이블,24,50.4,3,주말저녁,0,28,11.11
5513,의학,2,15,케이블,20,36.1,1,평일저녁,0,28,14.35
5514,코미디,2,13,OTT,8,68.2,2,평일저녁,1,37,7.72
5515,코미디,1,24,지상파,16,98.5,4,평일저녁,0,41,12.2
5516,로맨스,4,28,OTT,32,49.1,1,주말심야,0,28,9.14
5517,스릴러,1,7,지상파,8,77.3,2,주말저녁,0,38,15.33
5518,사극,3,7,케이블,24,81.2,2,주말심야,0,22,7.05
5519,의학,4,12,OTT,8,16.0,3,주말저녁,1,29,7.56
5520,코미디,3,12,OTT,16,73.8,4,주말저녁,0,24,7.89
5521,스릴러,1,18,케이블,16,56.0,3,주말저녁,0,23,9.18
5522,판타지,4,26,지상파,24,57.0,2,평일심야,0,38,5.69
5523,사극,3,5,케이블,16,78.7,2,평일저녁,0,20,8.58
5524,의학,5,24,케이블,32,68.9,4,평일심야,0,48,7.05
5525,스릴러,3,19,케이블,12,65.7,3,평일심야,0,35,7.52
5526,사극,3,27,OTT,8,96.9,1,평일저녁,0,34,6.78
5527,코미디,3,0,지상파,16,82.6,4,주말저녁,1,28,11.5
5528,사극,3,25,OTT,20,39.1,4,평일저녁,0,45,13.4
5529,의학,3,3,케이블,16,25.3,2,주말저녁,0,29,7.19
5530,의학,1,17,지상파,16,68.8,1,평일저녁,1,24,11.83
5531,코미디,4,4,OTT,20,61.2,3,평일저녁,0,43,6.1
5532,판타지,5,9,케이블,20,82.2,3,주말심야,0,36,6.36
5533,로맨스,5,5,지상파,24,53.8,3,주말저녁,0,43,8.63
5534,사극,4,15,지상파,8,34.5,2,주말심야,0,27,11.13
5535,로맨스,2,17,케이블,16,59.4,2,평일심야,0,26,11.3
5536,의학,3,8,OTT,24,84.0,3,평일저녁,1,25,9.17
5537,사극,5,24,OTT,16,63.6,2,주말심야,0,33,9.0
5538,법정,2,19,케이블,16,55.4,3,평일저녁,0,39,11.89
5539,사극,1,16,지상파,20,62.3,1,주말저녁,1,25,12.88
5540,코미디,2,0,지상파,24,54.7,3,주말저녁,0,26,12.36
5541,로맨스,4,21,케이블,12,44.3,1,평일심야,0,25,4.47
5542,스릴러,2,25,케이블,16,44.4,4,평일저녁,0,33,10.82
5543,의학,1,30,지상파,20,15.5,3,평일심야,0,27,9.13
5544,사극,4,5,케이블,24,93.0,1,평일저녁,0,23,7.05
5545,코미디,1,6,OTT,16,10.5,1,평일저녁,0,34,7.08
5546,판타지,4,19,케이블,20,75.5,3,평일저녁,0,44,9.72
5547,코미디,2,27,케이블,8,48.4,3,평일저녁,0,36,7.15
5548,로맨스,4,14,OTT,16,83.0,4,평일저녁,0,34,7.37
5549,사극,5,6,지상파,16,6.1,1,평일저녁,0,29,11.72
5550,법정,4,23,OTT,12,7.2,4,주말저녁,0,25,8.96
5551,의학,5,22,OTT,20,13.4,4,주말저녁,0,22,12.77
5552,스릴러,5,28,OTT,16,41.8,1,평일저녁,0,41,6.56
5553,판타지,1,14,케이블,8,20.4,2,주말저녁,1,22,9.26
5554,법정,5,18,케이블,12,9.0,2,주말심야,1,47,4.76
5555,로맨스,5,6,지상파,16,41.5,4,주말저녁,0,50,9.58
5556,판타지,3,22,케이블,12,17.3,3,주말저녁,0,38,7.77
5557,판타지,4,14,지상파,16,32.1,4,평일저녁,0,24,9.73
5558,사극,4,13,OTT,20,73.8,1,주말저녁,0,21,9.09
5559,법정,4,4,지상파,24,86.0,2,평일저녁,0,45,10.24
5560,법정,1,26,지상파,8,60.7,3,평일심야,0,38,11.85
5561,사극,3,19,OTT,20,17.7,1,평일심야,1,33,4.32
5562,의학,4,23,OTT,16,16.6,3,평일심야,0,38,8.25
5563,의학,3,6,OTT,24,61.1,1,평일심야,0,44,4.6
5564,로맨스,2,12,케이블,12,32.7,1,평일심야,0,47,8.11
5565,의학,3,30,지상파,16,46.8,1,평일저녁,0,29,11.37
5566,로맨스,4,27,케이블,16,82.0,4,평일저녁,0,38,10.03
5567,의학,4,25,지상파,24,17.3,1,주말심야,1,35,6.69
5568,스릴러,4,16,케이블,16,91.6,2,평일저녁,1,44,9.81
5569,로맨스,2,10,지상파,16,34.9,4,평일저녁,0,37,10.17
5570,로맨스,2,17,지상파,16,9.5,4,주말저녁,0,46,8.73
5571,로맨스,1,26,케이블,16,28.8,2,평일심야,0,48,7.53
5572,의학,1,15,지상파,20,90.0,4,평일심야,0,43,12.69
5573,판타지,2,13,지상파,20,71.5,3,평일저녁,1,47,7.6
5574,코미디,2,21,지상파,24,86.2,2,평일심야,0,24,8.67
5575,스릴러,1,17,케이블,20,90.9,3,주말저녁,0,42,14.18
5576,법정,4,23,OTT,16,48.3,1,주말저녁,0,21,10.54
5577,의학,2,14,지상파,16,61.0,4,주말저녁,1,47,13.35
5578,코미디,3,21,OTT,12,96.7,3,평일저녁,0,24,11.7
5579,사극,3,1,지상파,12,36.0,1,주말심야,0,31,8.95
5580,스릴러,4,21,케이블,16,67.0,2,평일저녁,0,36,9.06
5581,사극,5,3,케이블,16,55.2,3,주말저녁,1,34,6.27
5582,판타지,4,8,지상파,16,9.1,2,평일저녁,1,27,7.44
5583,판타지,4,12,OTT,24,59.2,1,평일저녁,1,49,4.63
5584,의학,1,2,케이블,8,67.6,2,평일저녁,0,48,11.83
5585,코미디,3,15,지상파,16,66.0,3,주말저녁,0,27,10.62
5586,사극,4,29,케이블,16,62.7,1,평일저녁,0,41,9.94
5587,스릴러,3,1,OTT,16,45.6,2,평일저녁,0,28,9.36
5588,법정,3,11,지상파,12,88.0,4,평일저녁,0,31,8.93
5589,판타지,3,22,지상파,16,46.9,1,평일저녁,0,42,11.08
5590,의학,1,7,OTT,16,76.9,2,평일심야,0,35,7.42
5591,로맨스,4,24,케이블,16,66.2,1,주말저녁,1,41,10.49
5592,스릴러,4,24,OTT,16,56.5,2,주말심야,0,44,6.02
5593,법정,1,21,케이블,16,52.1,3,주말저녁,0,36,11.32
5594,의학,3,2,케이블,16,62.6,4,주말심야,0,50,7.46
5595,판타지,1,14,지상파,24,12.5,4,평일저녁,0,21,9.22
5596,법정,1,2,OTT,16,40.1,1,평일심야,0,49,8.3
5597,코미디,3,25,지상파,12,31.5,1,평일저녁,0,34,12.72
5598,의학,3,16,지상파,20,28.8,4,주말저녁,0,45,12.63
5599,법정,2,1,지상파,16,55.4,4,평일저녁,0,34,10.58
5600,법정,3,6,지상파,8,48.4,2,평일심야,1,42,7.93
5601,의학,5,22,지상파,32,90.0,2,주말저녁,0,21,11.42
5602,의학,1,14,지상파,20,66.6,1,평일저녁,0,26,12.21
5603,판타지,4,14,OTT,12,41.4,3,평일저녁,1,44,7.27
5604,사극,2,30,OTT,32,34.1,4,주말저녁,0,46,8.99
5605,판타지,1,16,케이블,16,59.9,3,평일저녁,0,43,11.65
5606,로맨스,2,21,지상파,32,86.2,4,평일저녁,0,23,13.43
5607,사극,1,0,케이블,12,39.1,4,평일심야,0,47,7.73
5608,의학,2,13,지상파,8,93.2,2,평일저녁,0,47,9.28
5609,로맨스,3,16,지상파,16,17.9,2,평일저녁,0,29,9.64
5610,판타지,5,11,케이블,12,60.7,2,평일저녁,0,23,7.57
5611,로맨스,2,19,케이블,16,45.4,4,평일저녁,0,28,12.2
5612,사극,5,14,지상파,20,61.2,1,평일저녁,1,33,9.66
5613,코미디,4,9,지상파,16,51.3,1,평일저녁,0,38,8.53
5614,법정,4,2,OTT,24,35.2,2,평일저녁,0,46,8.03
5615,법정,2,5,OTT,16,51.1,4,평일심야,0,31,7.23
5616,판타지,3,25,케이블,8,98.7,3,주말저녁,0,21,10.2
5617,법정,2,0,지상파,20,5.5,1,주말저녁,0,28,11.46
5618,판타지,1,16,케이블,16,97.9,3,평일저녁,0,25,10.28
5619,로맨스,4,0,케이블,12,65.9,3,평일심야,0,39,5.03
5620,로맨스,1,19,케이블,16,95.7,2,평일저녁,0,40,9.77
5621,로맨스,4,13,지상파,16,11.4,3,주말저녁,0,46,8.71
5622,법정,3,30,지상파,12,46.2,2,평일저녁,1,34,10.87
5623,법정,5,20,지상파,24,93.9,4,평일저녁,0,46,8.9
5624,법정,2,9,지상파,24,10.3,3,주말저녁,0,43,12.05
5625,사극,2,22,케이블,16,60.6,4,주말심야,1,26,6.66
5626,스릴러,4,10,OTT,20,12.4,2,평일저녁,1,21,7.45
5627,로맨스,5,26,케이블,8,26.9,1,평일저녁,0,28,5.83
5628,법정,5,24,지상파,16,67.0,2,주말저녁,0,35,9.12
5629,판타지,1,29,케이블,8,17.9,4,주말심야,0,32,7.5
5630,판타지,3,4,지상파,8,21.2,1,평일심야,0,42,8.22
5631,법정,1,13,OTT,24,85.9,4,평일저녁,0,37,10.78
5632,판타지,3,10,지상파,16,93.4,3,평일저녁,0,25,9.71
5633,사극,5,9,케이블,12,61.3,3,평일저녁,0,30,11.56
5634,코미디,4,23,케이블,16,70.4,4,평일심야,0,29,8.83
5635,판타지,1,2,지상파,8,91.2,1,평일심야,0,24,6.63
5636,사극,5,27,지상파,8,21.6,2,평일심야,0,33,7.71
5637,로맨스,5,29,케이블,16,69.7,2,평일저녁,0,36,7.72
5638,사극,1,6,지상파,20,67.4,3,평일저녁,0,40,9.99
5639,판타지,4,10,OTT,16,72.8,2,평일심야,0,46,5.38
5640,코미디,1,11,OTT,16,66.3,2,평일심야,1,25,9.39
5641,스릴러,3,23,지상파,16,96.9,2,평일저녁,0,26,9.61
5642,로맨스,4,0,OTT,20,48.1,1,주말저녁,0,34,10.65
5643,코미디,4,19,케이블,24,60.6,2,주말심야,0,27,7.22
5644,스릴러,2,27,지상파,16,57.5,2,주말저녁,0,26,17.61
5645,법정,4,15,지상파,16,44.3,2,주말저녁,0,31,12.22
5646,판타지,1,1,지상파,12,13.7,4,주말저녁,0,50,10.85
5647,법정,1,30,지상파,16,97.2,2,평일저녁,1,40,14.16
5648,코미디,2,22,케이블,16,92.5,2,평일심야,0,21,8.89
5649,사극,4,7,지상파,20,70.1,3,평일저녁,0,32,9.18
5650,판타지,3,8,지상파,16,96.9,2,주말저녁,0,36,12.6
5651,스릴러,5,24,케이블,12,93.2,2,평일저녁,0,34,8.12
5652,법정,4,25,지상파,12,24.8,3,주말심야,0,50,9.4
5653,코미디,4,6,케이블,20,89.1,3,주말저녁,0,38,8.19
5654,판타지,4,21,지상파,32,27.6,1,주말심야,0,24,8.88
5655,의학,4,20,지상파,8,15.5,3,주말심야,0,22,8.82
5656,스릴러,2,24,케이블,16,64.7,1,주말저녁,0,40,11.57
5657,로맨스,4,28,케이블,16,12.6,1,주말저녁,0,33,7.73
5658,법정,1,1,지상파,20,25.4,3,주말저녁,0,23,7.34
5659,법정,1,9,케이블,16,83.0,2,주말저녁,0,49,11.4
5660,의학,3,0,OTT,16,89.7,3,주말저녁,0,40,9.94
5661,사극,5,10,OTT,16,33.9,2,평일심야,0,46,5.8
5662,코미디,2,14,지상파,8,65.8,1,주말저녁,0,39,12.95
5663,법정,2,18,케이블,16,76.8,4,주말심야,0,32,9.07
5664,스릴러,4,3,지상파,16,20.7,3,주말저녁,1,33,12.59
5665,스릴러,4,12,지상파,16,48.7,3,평일심야,0,37,8.49
5666,법정,1,12,OTT,8,16.6,4,평일저녁,0,33,8.47
5667,판타지,5,29,지상파,16,30.5,2,주말저녁,0,46,13.37
5668,로맨스,1,12,OTT,12,43.9,2,평일심야,0,30,8.24
5669,코미디,4,29,케이블,12,91.3,1,주말심야,0,48,11.96
5670,사극,5,5,OTT,24,69.6,2,평일저녁,0,28,7.26
5671,사극,5,13,OTT,12,77.8,1,평일저녁,0,46,9.49
5672,로맨스,1,10,케이블,12,61.5,2,평일심야,0,36,8.03
5673,판타지,4,29,케이블,12,12.7,1,평일저녁,0,21,9.95
5674,코미디,3,15,케이블,16,26.2,3,주말저녁,0,26,10.4
5675,판타지,1,23,지상파,12,57.5,2,주말저녁,0,48,14.8
5676,코미디,3,5,지상파,12,77.1,1,주말저녁,1,36,7.77
5677,로맨스,4,24,케이블,16,27.1,1,평일저녁,1,50,10.18
5678,법정,4,8,케이블,8,93.5,4,주말저녁,0,41,11.15
5679,로맨스,2,25,케이블,8,20.0,1,평일저녁,1,30,11.83
5680,의학,1,19,지상파,20,94.3,1,주말저녁,0,48,14.25
5681,로맨스,2,1,케이블,20,36.6,2,평일저녁,0,43,8.6
5682,사극,5,14,지상파,24,5.5,1,주말저녁,1,44,9.16
5683,법정,1,13,OTT,8,81.9,4,평일저녁,0,41,11.54
5684,판타지,5,1,지상파,8,65.5,1,평일심야,1,27,7.88
5685,스릴러,1,20,케이블,12,44.4,2,평일저녁,1,36,9.92
5686,스릴러,2,10,지상파,12,72.2,2,주말저녁,0,30,12.12
5687,사극,5,24,지상파,24,37.4,1,주말저녁,0,25,10.87
5688,의학,4,14,지상파,8,30.7,3,평일심야,0,49,9.27
5689,스릴러,3,11,지상파,16,21.2,3,평일심야,0,35,5.59
5690,로맨스,3,21,케이블,16,93.6,4,평일심야,0,29,9.75
5691,코미디,1,12,OTT,16,50.9,1,평일심야,0,41,7.53
5692,판타지,5,7,지상파,24,79.2,2,평일저녁,1,43,7.2
5693,코미디,5,9,OTT,32,19.6,4,평일저녁,0,21,5.08
5694,로맨스,2,23,OTT,20,31.6,1,주말저녁,0,33,10.66
5695,판타지,3,30,케이블,16,56.7,1,평일심야,0,29,8.33
5696,로맨스,2,13,OTT,8,82.4,1,평일심야,0,48,9.78
5697,스릴러,2,27,지상파,16,84.3,3,주말저녁,0,25,12.91
5698,사극,3,18,지상파,12,13.6,1,평일심야,0,50,9.41
5699,판타지,5,16,케이블,8,79.4,2,주말저녁,0,50,11.03
5700,로맨스,4,9,OTT,20,16.7,4,평일저녁,0,40,7.16
5701,스릴러,5,14,지상파,24,21.7,4,평일저녁,0,34,6.69
5702,스릴러,2,12,지상파,8,90.2,3,주말저녁,1,43,11.46
5703,스릴러,3,6,지상파,8,7.1,4,주말저녁,0,44,10.06
5704,의학,1,20,지상파,32,95.7,1,주말저녁,0,32,15.28
5705,법정,1,9,OTT,16,23.9,3,주말심야,0,34,9.6
5706,코미디,1,5,지상파,16,97.3,4,평일저녁,0,47,11.86
5707,스릴러,3,15,케이블,16,24.9,3,주말저녁,0,36,12.68
5708,사극,5,8,케이블,16,15.1,4,주말저녁,0,27,9.21
5709,법정,4,27,지상파,20,85.6,4,평일심야,0,29,9.72
5710,코미디,4,0,케이블,16,30.0,2,주말저녁,0,40,8.74
5711,사극,5,20,지상파,8,21.1,3,평일저녁,0,42,9.36
5712,의학,5,23,지상파,16,13.0,4,평일심야,1,46,7.61
5713,법정,2,7,지상파,16,31.1,3,평일심야,0,46,9.24
5714,코미디,3,29,케이블,20,24.7,1,주말저녁,0,37,12.41
5715,사극,3,16,지상파,16,65.2,4,평일심야,1,35,9.82
5716,의학,5,2,지상파,32,42.0,4,평일심야,0,46,6.83
5717,의학,2,12,지상파,16,25.6,1,주말저녁,0,21,12.31
5718,판타지,3,10,지상파,20,40.5,4,평일저녁,0,29,13.47
5719,법정,2,20,지상파,16,47.4,2,평일심야,1,33,9.74
5720,코미디,3,14,지상파,16,32.4,4,평일심야,0,23,8.66
5721,사극,1,11,지상파,16,20.9,3,평일저녁,0,49,13.32
5722,로맨스,5,17,OTT,16,78.7,4,주말저녁,0,49,10.22
5723,로맨스,3,0,지상파,16,28.3,3,주말저녁,0,26,13.07
5724,로맨스,5,22,케이블,16,53.6,3,평일저녁,0,44,8.61
5725,스릴러,3,8,OTT,24,6.2,4,평일심야,0,38,3.47
5726,스릴러,4,4,OTT,24,14.1,3,평일저녁,0,46,7.05
5727,사극,2,26,지상파,12,57.0,1,평일저녁,1,20,13.42
5728,법정,4,11,지상파,16,95.4,4,주말저녁,0,41,9.64
5729,코미디,5,2,케이블,16,37.1,1,주말저녁,0,47,8.59
5730,코미디,2,8,케이블,16,45.8,4,평일저녁,0,27,7.4
5731,코미디,3,4,케이블,8,12.2,4,주말심야,0,40,6.43
5732,스릴러,5,24,케이블,12,81.2,3,평일저녁,0,44,9.44
5733,코미디,4,5,지상파,24,53.3,3,평일저녁,0,27,11.07
5734,로맨스,2,27,OTT,20,63.3,3,평일저녁,0,23,11.39
5735,판타지,4,13,OTT,16,56.8,1,주말저녁,0,39,7.8
5736,사극,2,28,지상파,24,30.0,1,평일저녁,0,25,11.76
5737,코미디,1,11,지상파,8,91.9,1,주말저녁,1,37,14.08
5738,판타지,3,14,케이블,32,59.4,4,평일저녁,0,28,6.9
5739,스릴러,3,18,OTT,32,18.6,3,주말저녁,0,33,6.8
5740,의학,1,16,OTT,16,48.3,3,주말심야,0,21,7.07
5741,로맨스,3,19,지상파,16,91.5,3,평일저녁,0,27,11.42
5742,코미디,2,24,케이블,12,66.0,4,평일저녁,1,42,10.61
5743,코미디,1,16,케이블,24,39.9,1,주말저녁,0,28,10.03
5744,로맨스,5,17,OTT,8,51.1,2,평일저녁,1,45,6.06
5745,스릴러,4,2,케이블,12,13.5,3,주말저녁,0,26,9.9
5746,법정,3,10,지상파,12,18.4,3,평일심야,0,50,10.04
5747,판타지,5,28,케이블,16,91.2,3,평일심야,0,21,8.23
5748,로맨스,2,14,지상파,8,57.9,4,주말저녁,0,39,11.13
5749,로맨스,2,28,OTT,24,55.5,2,평일저녁,0,28,10.19
5750,로맨스,4,24,지상파,24,89.7,4,평일저녁,0,32,8.55
5751,법정,3,19,지상파,8,63.1,4,주말저녁,0,32,11.48
5752,판타지,1,10,케이블,16,18.1,1,평일저녁,0,40,9.15
5753,스릴러,4,9,케이블,24,33.5,2,주말저녁,0,47,10.19
5754,판타지,3,5,OTT,32,19.0,2,주말저녁,1,34,6.6
5755,법정,3,16,지상파,16,71.1,2,주말저녁,0,27,12.94
5756,스릴러,2,8,케이블,20,15.4,1,평일심야,0,45,8.99
5757,로맨스,4,25,지상파,20,66.4,4,평일저녁,0,45,10.36
5758,법정,2,29,케이블,16,7.0,3,평일심야,0,45,9.62
5759,판타지,4,3,케이블,16,21.8,1,평일저녁,0,39,6.51
5760,스릴러,2,12,지상파,16,81.8,2,평일저녁,1,34,12.25
5761,사극,4,27,케이블,16,62.2,4,주말저녁,0,21,11.04
5762,스릴러,3,29,OTT,16,47.3,3,평일저녁,0,49,8.48
5763,로맨스,3,25,케이블,20,84.9,1,주말저녁,0,32,11.61
5764,사극,5,19,OTT,16,96.1,3,평일저녁,0,37,10.48
5765,코미디,3,8,OTT,16,70.2,2,평일저녁,0,37,9.87
5766,스릴러,3,8,OTT,12,98.6,2,평일심야,0,32,4.95
5767,로맨스,4,3,지상파,12,50.1,1,주말심야,0,20,12.54
5768,로맨스,1,30,케이블,16,15.1,2,평일심야,1,21,10.53
5769,의학,5,22,케이블,20,57.3,1,평일저녁,0,39,6.81
5770,의학,3,10,케이블,32,5.7,1,평일저녁,1,42,6.53
5771,스릴러,3,3,지상파,20,95.1,4,평일심야,0,32,9.01
5772,스릴러,4,29,지상파,16,26.3,3,주말저녁,1,29,13.1
5773,의학,4,3,케이블,24,68.0,4,주말저녁,0,40,10.83
5774,코미디,4,5,지상파,20,71.2,4,평일저녁,1,39,10.45
5775,로맨스,1,12,OTT,16,81.3,2,주말저녁,1,27,14.2
5776,의학,1,6,지상파,24,86.2,2,평일저녁,0,42,11.11
5777,의학,3,19,지상파,24,29.8,2,주말심야,0,41,9.93
5778,법정,4,28,지상파,24,42.5,2,평일저녁,0,37,10.29
5779,코미디,5,8,지상파,20,45.1,3,평일심야,1,49,7.3
5780,사극,5,15,지상파,24,40.0,4,주말저녁,0,24,11.77
5781,판타지,1,14,지상파,24,96.9,2,평일심야,0,39,8.48
5782,법정,2,15,케이블,20,59.3,1,평일심야,0,24,5.11
5783,의학,4,22,지상파,12,70.8,2,주말저녁,0,28,10.37
5784,판타지,2,1,케이블,12,26.2,2,평일저녁,0,50,8.12
5785,판타지,4,26,지상파,8,8.9,2,주말심야,0,45,7.58
5786,코미디,5,23,케이블,20,33.6,3,주말저녁,0,26,6.21
5787,스릴러,3,28,케이블,12,54.2,4,주말저녁,0,24,10.22
5788,코미디,4,8,지상파,16,30.1,2,평일저녁,0,33,10.44
5789,의학,4,16,케이블,16,50.7,3,평일저녁,0,24,9.17
5790,스릴러,4,9,지상파,16,6.4,1,평일저녁,0,25,8.2
5791,의학,4,10,지상파,20,86.9,4,평일저녁,0,28,9.42
5792,의학,5,12,지상파,32,71.5,1,평일저녁,1,39,7.2
5793,판타지,5,15,케이블,20,48.0,1,평일저녁,0,24,7.64
5794,코미디,3,30,OTT,8,77.5,1,주말저녁,0,41,10.56
5795,로맨스,3,23,케이블,12,39.1,1,평일저녁,0,33,8.85
5796,스릴러,4,15,OTT,12,24.1,4,평일저녁,0,43,9.17
5797,코미디,1,23,OTT,12,32.6,2,평일저녁,0,43,7.92
5798,의학,4,26,OTT,8,5.7,1,평일심야,0,34,5.16
5799,스릴러,2,13,케이블,32,13.0,4,주말저녁,0,36,11.54
5800,판타지,3,0,지상파,16,89.3,4,평일저녁,0,44,9.29
5801,법정,2,19,지상파,12,47.3,1,평일저녁,0,29,10.27
5802,판타지,1,18,지상파,16,85.4,1,평일심야,0,27,12.41
5803,의학,5,7,케이블,24,42.1,4,평일저녁,0,25,11.99
5804,법정,3,6,케이블,12,14.8,4,평일심야,0,45,6.87
5805,로맨스,3,27,지상파,24,84.0,3,평일저녁,0,49,10.12
5806,스릴러,4,1,지상파,12,30.3,1,평일심야,0,30,5.45
5807,스릴러,4,12,OTT,12,83.5,3,평일심야,0,38,7.24
5808,로맨스,2,16,지상파,8,74.4,3,평일저녁,0,44,11.27
5809,사극,2,3,지상파,16,28.7,2,평일저녁,0,30,9.05
5810,판타지,3,22,지상파,16,54.8,3,평일저녁,0,45,6.43
5811,법정,1,18,케이블,20,71.6,2,주말저녁,0,28,11.47
5812,스릴러,5,13,지상파,24,52.4,3,주말저녁,0,46,7.55
5813,스릴러,5,10,OTT,32,39.0,4,평일저녁,0,33,6.36
5814,판타지,2,8,케이블,16,63.1,1,평일저녁,0,29,10.71
5815,코미디,3,17,케이블,12,92.3,4,평일저녁,0,22,7.99
5816,사극,1,16,케이블,12,30.6,1,평일저녁,0,41,8.1
5817,코미디,4,24,지상파,20,63.3,2,평일심야,0,24,9.52
5818,판타지,3,20,케이블,12,34.6,2,평일저녁,0,20,5.87
5819,판타지,5,15,지상파,20,37.8,3,평일심야,0,35,6.06
5820,코미디,3,17,OTT,16,64.0,2,평일저녁,1,40,8.08
5821,코미디,3,21,OTT,8,8.8,2,평일저녁,0,44,7.31
5822,코미디,5,5,지상파,8,85.0,2,주말저녁,0,20,8.92
5823,의학,1,8,지상파,16,99.0,4,평일저녁,0,22,15.86
5824,법정,1,0,OTT,8,93.7,3,평일심야,0,28,6.15
5825,사극,2,6,지상파,24,91.0,2,평일저녁,0,28,12.95
5826,로맨스,3,25,케이블,8,76.3,1,평일저녁,0,39,11.94
5827,사극,3,11,OTT,16,74.0,2,주말저녁,0,21,10.87
5828,코미디,3,25,지상파,20,34.4,2,평일심야,1,42,7.59
5829,코미디,1,15,지상파,24,58.2,2,주말저녁,0,24,12.33
5830,로맨스,5,18,지상파,16,27.9,1,평일심야,0,43,4.72
5831,법정,5,24,지상파,24,63.2,3,평일심야,0,46,7.87
5832,사극,5,0,지상파,32,41.9,3,평일저녁,0,22,11.08
5833,판타지,5,21,지상파,20,63.9,3,주말저녁,0,50,7.14
5834,스릴러,4,8,케이블,20,64.9,4,평일심야,0,24,7.44
5835,사극,4,26,OTT,8,52.0,3,평일저녁,0,28,10.22
5836,의학,3,15,지상파,8,76.3,1,주말심야,0,45,9.85
5837,스릴러,3,16,OTT,16,26.6,2,주말심야,0,48,10.22
5838,사극,3,28,지상파,16,97.5,1,평일심야,0,31,11.16
5839,의학,2,20,지상파,16,66.9,3,주말심야,0,40,12.07
5840,사극,4,24,케이블,12,66.8,3,평일심야,0,49,8.02
5841,의학,2,18,케이블,32,50.4,3,평일저녁,0,45,11.15
5842,로맨스,4,12,지상파,16,61.7,2,평일저녁,0,47,10.75
5843,스릴러,1,4,OTT,24,88.5,3,평일저녁,0,28,6.89
5844,코미디,5,23,OTT,20,38.5,1,평일저녁,0,20,7.5
5845,로맨스,4,9,지상파,16,30.5,4,주말저녁,0,49,9.96
5846,의학,4,7,지상파,24,10.5,4,평일저녁,0,47,10.67
5847,사극,5,17,케이블,16,5.8,1,주말저녁,0,48,11.58
5848,스릴러,3,17,케이블,16,13.5,2,평일심야,0,27,7.18
5849,사극,5,28,케이블,12,22.1,1,평일저녁,0,44,7.88
5850,법정,5,26,지상파,16,25.8,3,주말심야,0,23,9.73
5851,스릴러,4,30,OTT,24,13.6,4,평일저녁,0,27,7.53
5852,법정,5,7,OTT,20,65.9,3,평일심야,0,36,7.36
5853,사극,4,4,케이블,12,38.6,2,주말저녁,0,44,9.65
5854,로맨스,4,11,케이블,20,8.8,4,평일저녁,0,44,7.45
5855,스릴러,1,14,케이블,16,53.1,1,평일저녁,0,29,8.83
5856,판타지,2,24,케이블,24,74.4,1,평일심야,0,43,8.99
5857,사극,4,21,지상파,12,29.2,4,주말저녁,0,47,12.85
5858,스릴러,3,8,케이블,24,64.1,3,평일저녁,0,41,9.38
5859,스릴러,3,3,케이블,16,37.7,2,주말저녁,1,25,11.8
5860,코미디,5,14,OTT,12,29.7,2,주말저녁,0,37,6.37
5861,판타지,4,19,OTT,32,74.0,4,주말저녁,0,44,9.32
5862,판타지,1,15,지상파,32,96.8,2,평일심야,0,29,11.98
5863,사극,4,1,케이블,24,56.0,3,주말저녁,0,31,5.4
5864,사극,3,11,OTT,20,33.6,2,평일저녁,0,48,9.7
5865,법정,1,7,케이블,16,18.1,2,주말저녁,1,37,12.25
5866,코미디,4,26,지상파,16,15.2,4,주말저녁,0,44,12.69
5867,코미디,3,24,지상파,16,62.1,2,평일저녁,0,49,10.33
5868,스릴러,1,26,케이블,8,13.7,3,평일저녁,0,44,7.88
5869,로맨스,3,2,지상파,20,24.6,2,평일저녁,0,49,6.74
5870,판타지,3,16,지상파,16,25.0,2,주말심야,0,33,7.44
5871,스릴러,1,25,지상파,32,93.9,1,평일심야,0,20,12.33
5872,판타지,2,19,케이블,16,29.3,4,평일심야,1,43,7.47
5873,판타지,2,3,지상파,12,65.0,4,평일저녁,0,26,5.79
5874,로맨스,2,5,케이블,20,50.1,3,평일심야,0,48,10.77
5875,사극,1,29,케이블,12,35.7,2,주말저녁,0,37,10.89
5876,스릴러,3,9,지상파,16,81.9,2,주말저녁,0,44,10.22
5877,판타지,1,5,케이블,24,49.7,2,주말저녁,1,41,10.05
5878,로맨스,4,18,케이블,12,75.8,3,주말저녁,0,34,10.78
5879,판타지,1,27,OTT,20,13.9,1,주말저녁,0,28,9.42
5880,코미디,3,25,케이블,16,45.7,2,평일저녁,0,42,8.31
5881,의학,4,7,지상파,16,65.3,1,주말저녁,0,25,12.25
5882,법정,3,22,케이블,32,17.6,4,평일저녁,0,35,9.64
5883,의학,5,8,지상파,16,64.6,3,주말심야,0,47,6.28
5884,로맨스,1,2,지상파,16,17.2,1,평일심야,1,50,6.61
5885,의학,5,8,케이블,12,69.6,3,주말저녁,0,21,11.04
5886,법정,2,29,케이블,12,38.1,1,주말심야,0,36,6.67
5887,스릴러,1,8,케이블,16,61.1,3,평일심야,0,36,6.74
5888,판타지,2,0,케이블,20,43.1,4,평일저녁,0,35,10.93
5889,스릴러,5,24,지상파,16,52.8,2,평일심야,0,21,8.34
5890,사극,3,0,지상파,20,91.5,3,평일저녁,1,44,7.62
5891,법정,4,0,지상파,20,34.1,2,평일저녁,0,50,9.19
5892,코미디,5,8,케이블,24,22.5,2,주말저녁,0,39,6.88
5893,사극,2,11,지상파,32,60.8,3,평일저녁,0,46,11.43
5894,로맨스,4,9,지상파,20,61.0,1,주말심야,0,27,5.84
5895,의학,5,26,케이블,16,54.7,2,주말저녁,1,27,9.43
5896,스릴러,4,12,케이블,20,28.8,2,주말저녁,0,46,7.58
5897,코미디,1,10,OTT,16,92.6,2,평일심야,0,34,12.08
5898,판타지,1,22,지상파,16,55.1,3,주말저녁,0,22,16.35
5899,판타지,4,19,OTT,16,83.8,1,주말저녁,0,46,8.75
5900,판타지,1,20,지상파,16,61.5,2,평일저녁,1,36,12.85
5901,스릴러,4,27,지상파,20,74.0,2,평일심야,0,27,9.58
5902,스릴러,3,24,케이블,24,23.6,4,평일저녁,0,33,9.11
5903,스릴러,1,29,지상파,20,15.1,2,평일저녁,0,28,14.38
5904,코미디,1,13,OTT,20,43.0,4,평일저녁,1,25,9.95
5905,판타지,5,27,OTT,24,91.8,3,주말심야,0,21,6.04
5906,사극,5,9,지상파,8,42.6,4,평일저녁,0,44,11.49
5907,로맨스,2,27,케이블,16,80.6,4,평일저녁,0,24,12.79
5908,코미디,4,14,지상파,16,29.7,3,주말저녁,0,31,6.4
5909,법정,1,2,케이블,12,96.3,2,평일심야,0,43,9.44
5910,코미디,4,12,케이블,12,95.5,4,주말저녁,0,41,7.33
5911,판타지,2,2,케이블,16,54.6,3,평일저녁,0,36,8.34
5912,로맨스,3,19,OTT,24,83.1,4,평일저녁,0,24,5.87
5913,의학,5,17,케이블,16,75.0,1,평일심야,0,46,6.99
5914,코미디,5,0,지상파,8,82.4,4,주말저녁,1,21,9.52
5915,판타지,3,16,지상파,12,81.0,2,주말저녁,1,49,8.69
5916,판타지,5,26,지상파,16,22.3,1,평일저녁,0,36,7.87
5917,판타지,3,21,케이블,16,27.1,1,주말저녁,1,28,9.34
5918,법정,4,15,케이블,16,64.0,4,평일심야,0,43,7.68
5919,사극,5,17,지상파,8,46.1,2,평일심야,1,38,7.92
5920,로맨스,2,7,케이블,16,80.9,2,주말저녁,0,50,9.1
5921,스릴러,5,4,지상파,12,24.8,1,주말저녁,0,30,6.45
5922,코미디,1,0,지상파,16,98.5,4,주말저녁,1,45,9.88
5923,로맨스,1,20,케이블,12,73.5,1,평일저녁,0,33,12.51
5924,로맨스,2,7,지상파,16,39.2,4,평일저녁,0,41,9.46
5925,의학,5,13,케이블,24,79.5,4,주말저녁,1,20,7.75
5926,스릴러,1,30,케이블,24,72.3,3,평일저녁,0,37,12.17
5927,코미디,5,15,지상파,16,86.0,3,주말심야,0,39,9.74
5928,사극,4,15,지상파,12,72.1,2,평일저녁,0,33,12.41
5929,법정,5,24,케이블,24,36.6,2,평일저녁,0,50,8.2
5930,법정,2,14,지상파,16,81.7,2,주말저녁,0,36,13.04
5931,사극,5,22,케이블,16,24.1,4,주말심야,0,46,10.03
5932,판타지,2,16,OTT,12,92.3,2,주말저녁,0,30,8.58
5933,사극,2,16,케이블,20,70.7,3,주말저녁,0,23,13.53
5934,사극,3,0,지상파,20,97.8,3,주말저녁,1,24,9.5
5935,법정,1,15,지상파,12,45.0,4,주말저녁,0,20,13.29
5936,판타지,5,29,케이블,16,56.8,2,평일저녁,0,26,8.68
5937,코미디,2,30,케이블,16,59.0,2,평일심야,0,48,6.04
5938,사극,2,28,케이블,20,47.1,2,주말저녁,0,32,12.51
5939,로맨스,5,9,케이블,16,87.1,4,주말저녁,0,42,8.0
5940,코미디,3,2,케이블,24,50.5,4,평일저녁,0,20,5.48
5941,판타지,5,9,케이블,24,77.1,4,주말심야,1,35,5.0
5942,의학,2,3,OTT,20,11.5,2,평일저녁,1,41,8.33
5943,로맨스,3,14,지상파,12,52.5,4,주말심야,0,22,10.55
5944,스릴러,2,4,지상파,24,8.4,1,평일저녁,0,50,8.12
5945,판타지,4,22,지상파,16,45.1,4,평일심야,0,26,9.29
5946,스릴러,4,4,케이블,24,11.2,2,평일심야,0,33,3.49
5947,로맨스,5,9,케이블,24,64.0,1,주말심야,0,47,6.78
5948,코미디,1,7,지상파,16,19.2,4,주말심야,0,28,12.13
5949,코미디,2,3,케이블,16,23.2,2,평일저녁,0,40,7.91
5950,코미디,2,15,케이블,8,57.7,2,주말저녁,0,48,8.38
5951,판타지,2,27,케이블,20,56.2,3,평일심야,0,30,8.23
5952,코미디,5,26,케이블,20,52.8,3,주말저녁,0,20,6.22
5953,스릴러,3,26,지상파,16,50.9,2,평일저녁,0,50,11.13
5954,코미디,4,18,지상파,8,66.3,2,주말저녁,0,25,9.28
5955,의학,3,4,OTT,8,46.4,4,평일저녁,0,35,8.36
5956,코미디,1,29,케이블,16,35.2,1,평일저녁,0,50,9.57
5957,판타지,4,28,지상파,16,37.9,2,평일저녁,0,26,9.52
5958,의학,3,7,지상파,24,87.1,4,평일심야,0,47,8.52
5959,사극,3,22,OTT,20,69.0,3,평일저녁,0,41,11.24
5960,스릴러,2,7,케이블,24,85.2,1,주말저녁,0,34,9.33
5961,법정,1,0,OTT,12,43.5,3,평일저녁,0,30,7.87
5962,코미디,4,30,지상파,16,66.4,2,주말저녁,1,25,12.15
5963,사극,5,0,케이블,16,96.0,4,평일저녁,0,48,7.96
5964,법정,5,28,지상파,16,66.3,3,주말저녁,0,33,10.73
5965,의학,1,8,케이블,12,75.6,2,주말심야,0,21,9.74
5966,사극,4,26,케이블,8,92.1,4,평일저녁,0,38,12.56
5967,법정,1,5,OTT,24,80.1,1,주말심야,0,47,7.13
5968,법정,2,18,케이블,16,78.3,3,평일저녁,0,48,10.54
5969,법정,2,7,OTT,8,28.3,4,평일저녁,1,34,8.11
5970,로맨스,1,3,케이블,12,20.4,1,평일저녁,0,36,7.91
5971,코미디,3,30,OTT,16,10.3,2,평일심야,0,46,7.51
5972,법정,4,7,지상파,12,43.3,4,평일저녁,0,29,10.25
5973,판타지,2,14,OTT,20,98.2,3,평일저녁,0,32,10.13
5974,스릴러,1,18,케이블,8,48.8,2,평일심야,0,29,11.25
5975,법정,5,11,지상파,20,92.2,3,평일저녁,1,42,10.54
5976,판타지,5,18,지상파,12,77.4,4,평일저녁,0,29,10.21
5977,의학,4,24,지상파,20,13.1,3,평일저녁,0,22,9.92
5978,법정,2,17,지상파,16,48.7,2,주말저녁,0,20,12.04
5979,판타지,4,24,케이블,20,26.9,4,평일심야,0,22,5.88
5980,로맨스,2,1,케이블,24,26.2,3,평일저녁,1,50,8.54
5981,의학,4,9,지상파,16,83.1,4,평일심야,0,49,8.43
5982,스릴러,2,9,OTT,16,75.0,1,평일심야,0,36,8.7
5983,스릴러,2,5,지상파,24,54.5,3,평일저녁,0,38,7.65
5984,의학,1,7,지상파,20,58.1,4,평일저녁,0,25,11.47
5985,스릴러,1,1,케이블,20,24.4,1,평일저녁,1,27,10.54
5986,로맨스,5,9,지상파,12,29.4,2,평일저녁,0,46,9.12
5987,의학,1,3,OTT,16,26.2,4,평일저녁,0,48,9.72
5988,의학,3,7,지상파,20,47.4,2,주말저녁,1,48,7.2
5989,코미디,2,3,지상파,16,11.5,3,평일저녁,0,33,10.92
5990,스릴러,2,17,지상파,20,9.6,4,평일저녁,1,33,11.21
5991,사극,2,2,OTT,12,22.3,1,주말저녁,0,39,9.22
5992,의학,3,5,지상파,8,5.2,2,평일저녁,0,41,7.98
5993,코미디,5,3,케이블,24,90.1,3,평일심야,0,31,5.83
5994,로맨스,2,19,케이블,24,32.0,1,주말저녁,1,50,5.34
5995,로맨스,5,18,지상파,20,73.2,1,주말저녁,0,33,11.28
5996,코미디,2,18,지상파,16,26.7,4,주말저녁,0,50,11.95
5997,사극,5,17,지상파,32,8.4,2,평일심야,0,25,9.58
5998,스릴러,4,11,케이블,24,89.0,3,주말저녁,1,33,7.28
5999,의학,3,10,지상파,24,34.2,4,주말저녁,0,45,9.84
6000,의학,1,29,케이블,12,84.6,3,평일저녁,1,24,14.05
6001,로맨스,3,10,케이블,16,32.8,3,평일저녁,1,42,6.84
6002,코미디,4,30,지상파,20,90.3,1,주말저녁,0,30,11.84
6003,법정,1,14,케이블,8,52.8,1,주말저녁,0,25,9.87
6004,코미디,5,22,지상파,16,24.5,2,주말저녁,0,22,9.3
6005,의학,4,30,OTT,24,62.4,3,평일저녁,0,34,11.07
6006,사극,5,7,지상파,12,97.9,4,주말심야,0,38,9.92
6007,코미디,2,17,케이블,16,77.1,2,평일저녁,0,28,10.75
6008,법정,4,0,지상파,12,89.2,2,주말심야,0,46,9.71
6009,의학,4,27,케이블,16,37.1,4,평일심야,0,30,9.99
6010,사극,4,5,OTT,8,33.8,3,평일저녁,0,32,9.83
6011,사극,4,25,OTT,24,13.3,4,평일저녁,0,44,8.78
6012,법정,4,6,케이블,16,86.4,3,평일저녁,0,23,4.87
6013,의학,1,22,케이블,16,6.6,3,주말저녁,1,28,10.97
6014,판타지,3,16,케이블,24,8.0,2,주말저녁,0,27,9.6
6015,사극,2,4,지상파,12,17.9,4,평일저녁,0,41,11.28
6016,로맨스,5,30,지상파,16,27.3,3,주말저녁,0,36,10.68
6017,사극,1,19,OTT,16,15.9,3,평일저녁,0,25,8.61
6018,로맨스,1,3,OTT,24,90.6,1,평일심야,1,23,8.64
6019,스릴러,3,13,케이블,16,83.9,2,평일심야,0,41,6.73
6020,코미디,3,0,지상파,12,27.4,4,주말저녁,0,44,11.27
6021,판타지,2,1,지상파,16,71.4,4,평일저녁,0,41,10.03
6022,의학,1,5,지상파,16,36.2,2,평일저녁,0,35,12.26
6023,로맨스,2,3,지상파,16,91.5,3,평일저녁,0,42,13.2
6024,의학,1,19,케이블,16,81.5,2,주말저녁,0,30,12.76
6025,코미디,2,9,지상파,16,7.9,1,평일저녁,0,32,9.31
6026,판타지,4,6,OTT,12,87.8,1,주말심야,1,37,5.63
6027,스릴러,4,4,지상파,16,6.7,4,평일저녁,1,39,4.15
6028,로맨스,5,23,OTT,16,41.5,4,평일저녁,1,49,11.69
6029,법정,2,29,지상파,16,79.6,4,평일심야,0,24,10.59
6030,의학,1,8,케이블,20,80.4,2,주말저녁,0,25,12.99
6031,코미디,4,21,지상파,8,51.6,1,평일심야,0,42,7.32
6032,판타지,4,7,지상파,16,56.8,3,주말저녁,0,21,7.47
6033,법정,3,22,케이블,20,23.3,1,평일심야,0,35,7.62
6034,사극,5,27,케이블,20,70.8,3,평일심야,0,34,8.01
6035,스릴러,5,19,케이블,12,89.2,3,주말심야,0,40,6.46
6036,사극,4,27,지상파,20,13.7,1,평일심야,0,47,8.93
6037,사극,5,18,케이블,12,10.9,3,주말저녁,0,33,10.03
6038,사극,2,19,OTT,16,44.1,2,평일저녁,0,33,9.39
6039,사극,4,7,지상파,24,65.7,1,주말심야,1,25,10.82
6040,로맨스,1,18,지상파,24,16.5,4,평일저녁,0,42,11.1
6041,의학,4,28,케이블,8,17.0,4,주말저녁,0,45,10.18
6042,의학,3,8,지상파,12,55.2,2,평일저녁,1,46,13.67
6043,판타지,3,25,지상파,24,38.7,3,주말심야,0,29,8.21
6044,스릴러,5,26,케이블,20,64.5,4,평일저녁,0,41,11.62
6045,스릴러,5,2,OTT,16,35.6,1,평일저녁,0,31,7.23
6046,판타지,4,21,케이블,12,84.1,4,주말저녁,0,43,12.55
6047,판타지,2,21,OTT,12,83.3,1,주말저녁,1,33,13.4
6048,코미디,1,13,케이블,16,19.8,1,주말저녁,0,34,9.63
6049,의학,4,19,케이블,16,64.3,3,평일저녁,0,31,5.32
6050,의학,3,26,지상파,16,22.3,2,평일심야,0,38,10.41
6051,법정,4,28,케이블,16,57.7,4,평일저녁,1,34,8.21
6052,법정,5,27,케이블,16,63.0,3,평일심야,0,41,6.35
6053,스릴러,4,21,지상파,8,77.9,4,평일심야,0,29,9.04
6054,로맨스,4,14,OTT,24,93.1,4,평일심야,1,37,3.44
6055,법정,5,2,케이블,16,74.5,4,평일저녁,0,41,7.79
6056,의학,4,20,지상파,16,50.8,3,주말심야,0,31,10.5
6057,스릴러,4,28,케이블,8,58.5,3,평일저녁,1,22,8.68
6058,로맨스,4,27,지상파,8,7.0,4,주말저녁,0,34,7.82
6059,스릴러,3,16,OTT,16,28.3,3,평일저녁,0,34,11.23
6060,로맨스,2,20,케이블,8,20.9,4,평일저녁,0,33,10.15
6061,로맨스,3,3,OTT,12,81.7,3,주말저녁,0,31,9.09
6062,코미디,5,0,지상파,12,85.9,4,평일심야,0,21,7.19
6063,로맨스,1,1,케이블,16,48.9,4,주말심야,0,31,9.87
6064,스릴러,2,28,지상파,12,8.3,4,주말심야,0,37,8.94
6065,스릴러,4,13,케이블,20,42.8,1,평일저녁,0,24,10.47
6066,로맨스,4,15,케이블,20,69.2,1,평일저녁,0,26,10.23
6067,사극,3,1,OTT,16,75.3,2,주말저녁,0,39,11.17
6068,의학,2,22,케이블,8,78.4,4,평일저녁,0,41,10.63
6069,코미디,1,14,OTT,32,90.1,4,평일저녁,0,46,9.76
6070,의학,5,6,케이블,20,40.2,1,평일저녁,0,24,7.23
6071,법정,3,14,케이블,16,42.4,3,평일심야,0,30,8.08
6072,로맨스,2,27,케이블,16,41.3,4,평일저녁,0,32,10.56
6073,사극,1,10,케이블,16,36.7,1,평일저녁,0,46,10.72
6074,판타지,2,1,케이블,12,95.1,4,주말저녁,0,20,11.67
6075,의학,4,0,OTT,8,17.3,3,주말저녁,0,50,8.73
6076,코미디,1,1,지상파,16,77.9,2,평일심야,0,20,5.9
6077,사극,3,28,지상파,12,28.3,3,평일심야,0,28,13.03
6078,법정,5,26,지상파,16,25.3,4,평일저녁,0,49,9.27
6079,사극,1,1,지상파,12,42.1,4,평일저녁,0,45,12.68
6080,법정,2,12,지상파,16,66.6,2,평일저녁,0,24,11.11
6081,스릴러,5,0,케이블,16,28.0,1,평일저녁,0,39,7.37
6082,판타지,4,24,지상파,16,87.7,2,주말저녁,0,45,14.98
6083,스릴러,1,29,지상파,16,76.2,2,평일심야,0,35,9.47
6084,코미디,5,0,지상파,16,16.1,3,평일저녁,0,40,7.58
6085,로맨스,2,26,지상파,16,24.1,1,평일심야,1,29,11.37
6086,판타지,2,13,지상파,16,85.1,4,평일저녁,0,30,10.55
6087,코미디,5,23,케이블,20,52.5,1,평일저녁,0,29,7.97
6088,의학,3,12,OTT,24,79.3,2,평일저녁,0,25,6.79
6089,코미디,1,21,케이블,16,40.3,2,평일저녁,1,42,8.65
6090,법정,4,24,지상파,16,14.6,2,평일심야,0,30,7.51
6091,스릴러,4,0,지상파,16,29.8,2,평일저녁,0,48,9.95
6092,법정,5,12,OTT,16,86.0,1,평일저녁,0,20,9.83
6093,스릴러,4,2,케이블,16,56.4,2,평일저녁,0,49,8.91
6094,법정,5,6,지상파,12,50.9,2,평일저녁,0,45,7.95
6095,의학,2,15,OTT,24,78.7,4,평일심야,0,39,6.14
6096,코미디,2,20,지상파,16,78.5,2,평일저녁,0,44,8.96
6097,의학,4,12,OTT,12,84.6,4,평일심야,1,47,9.15
6098,코미디,2,14,지상파,20,85.0,4,주말저녁,0,23,14.38
6099,코미디,2,22,지상파,16,71.8,2,평일저녁,1,22,12.77
6100,의학,4,17,지상파,8,87.5,4,주말저녁,1,44,10.86
6101,코미디,1,8,케이블,24,11.8,1,주말심야,1,38,8.15
6102,법정,5,29,케이블,16,78.7,1,주말심야,0,24,8.7
6103,코미디,2,26,케이블,20,54.3,4,평일저녁,0,28,9.25
6104,판타지,3,10,지상파,16,59.5,3,평일심야,0,30,9.13
6105,사극,3,12,케이블,16,67.2,1,평일저녁,0,39,8.47
6106,의학,3,17,케이블,12,92.4,3,평일심야,1,31,6.76
6107,판타지,2,4,지상파,20,38.6,4,평일저녁,0,44,6.06
6108,코미디,2,23,케이블,20,27.4,4,평일저녁,0,26,9.15
6109,판타지,3,20,지상파,16,57.2,1,주말저녁,0,22,10.7
6110,코미디,4,4,지상파,16,79.4,3,평일저녁,0,38,11.1
6111,사극,5,22,케이블,16,99.8,4,주말심야,0,38,10.48
6112,의학,1,12,케이블,12,63.7,4,평일저녁,0,46,12.8
6113,의학,3,6,케이블,8,87.3,4,평일심야,0,45,8.23
6114,의학,3,28,지상파,20,13.1,4,주말저녁,0,31,10.55
6115,로맨스,5,29,지상파,16,35.2,3,평일심야,1,38,7.24
6116,로맨스,2,13,OTT,32,68.3,3,평일저녁,1,30,7.69
6117,법정,2,15,지상파,16,81.1,2,주말심야,0,25,11.54
6118,코미디,5,22,지상파,20,88.7,1,평일심야,0,44,7.85
6119,의학,2,3,케이블,20,12.1,1,주말심야,0,40,4.1
6120,의학,3,9,지상파,16,77.7,4,주말심야,1,45,10.29
6121,스릴러,1,7,케이블,24,13.5,3,주말심야,0,41,9.26
6122,스릴러,1,8,지상파,16,27.8,3,평일저녁,1,37,9.85
6123,사극,5,0,케이블,16,63.6,2,주말저녁,1,34,9.47
6124,사극,3,11,지상파,20,31.2,1,평일심야,0,27,12.5
6125,법정,1,10,OTT,12,67.0,3,평일심야,0,25,8.38
6126,로맨스,3,30,케이블,12,95.1,3,평일저녁,0,30,12.91
6127,사극,5,16,케이블,24,12.6,3,평일저녁,0,21,6.24
6128,코미디,3,8,지상파,16,92.5,2,주말저녁,0,43,10.94
6129,스릴러,3,13,케이블,20,81.3,2,주말저녁,1,21,11.13
6130,판타지,1,24,지상파,20,20.9,3,평일저녁,1,31,10.06
6131,로맨스,4,14,지상파,16,66.1,3,주말저녁,1,48,8.31
6132,법정,3,4,케이블,16,77.2,3,평일저녁,1,30,11.45
6133,스릴러,4,13,OTT,16,10.6,3,평일저녁,0,22,8.69
6134,의학,1,11,케이블,8,53.4,2,주말저녁,1,38,11.87
6135,판타지,2,9,OTT,16,86.9,3,평일저녁,0,27,8.5
6136,법정,1,28,케이블,8,99.5,2,주말심야,0,50,8.36
6137,판타지,2,10,OTT,16,99.9,4,평일저녁,1,49,10.59
6138,사극,2,27,지상파,12,10.7,4,평일저녁,0,47,13.43
6139,판타지,5,20,지상파,24,91.2,4,주말저녁,0,50,9.24
6140,사극,2,19,지상파,16,63.4,4,평일저녁,0,43,12.64
6141,의학,4,13,지상파,16,27.2,2,평일저녁,1,45,10.64
6142,판타지,5,11,케이블,20,75.3,2,주말저녁,1,23,7.09
6143,법정,2,22,OTT,16,8.5,2,주말저녁,0,31,9.44
6144,법정,3,13,케이블,24,30.7,3,주말저녁,0,27,8.47
6145,판타지,1,18,케이블,16,81.9,3,평일저녁,0,42,12.73
6146,법정,1,12,케이블,16,21.0,1,평일저녁,0,50,10.59
6147,로맨스,3,2,OTT,16,36.4,1,평일심야,0,31,6.83
6148,스릴러,3,16,지상파,16,96.4,3,주말저녁,0,40,11.76
6149,의학,2,16,OTT,24,16.9,3,평일심야,0,22,5.97
6150,스릴러,2,4,지상파,16,30.2,1,주말저녁,0,28,12.44
6151,스릴러,1,12,지상파,8,91.5,2,평일저녁,0,37,12.67
6152,로맨스,1,19,지상파,8,35.7,4,평일저녁,1,28,9.65
6153,스릴러,4,27,케이블,24,51.9,2,평일저녁,1,23,8.67
6154,법정,5,25,OTT,24,14.0,3,평일심야,0,44,4.38
6155,로맨스,3,22,케이블,12,49.3,2,평일심야,0,38,7.65
6156,로맨스,3,30,지상파,16,50.1,2,주말심야,0,32,8.48
6157,로맨스,5,7,케이블,20,64.2,2,평일저녁,0,26,8.44
6158,로맨스,1,10,지상파,16,36.4,4,주말심야,0,42,9.02
6159,스릴러,3,18,OTT,12,35.0,1,평일심야,0,29,5.47
6160,로맨스,4,28,지상파,16,97.8,2,주말저녁,0,43,12.38
6161,법정,1,23,케이블,16,69.6,2,평일저녁,0,25,12.87
6162,사극,4,1,케이블,8,59.8,1,평일저녁,1,23,7.79
6163,의학,2,14,OTT,20,57.5,3,평일저녁,1,36,8.53
6164,코미디,1,20,케이블,16,92.2,3,평일심야,0,46,6.56
6165,코미디,1,18,지상파,16,63.1,4,평일심야,0,40,10.68
6166,로맨스,1,7,지상파,24,78.5,3,평일저녁,0,34,11.21
6167,코미디,5,27,지상파,16,76.9,2,주말저녁,1,28,12.19
6168,판타지,3,19,케이블,24,60.5,1,주말저녁,0,50,8.71
6169,판타지,2,3,지상파,24,75.1,3,평일심야,0,47,10.45
6170,사극,2,4,지상파,24,61.5,1,평일저녁,0,33,10.11
6171,사극,4,21,케이블,24,54.3,4,주말저녁,0,30,9.56
6172,의학,2,23,지상파,24,88.9,4,주말저녁,0,49,11.51
6173,스릴러,3,21,OTT,16,86.9,3,평일저녁,0,49,9.58
6174,판타지,3,22,케이블,12,29.4,1,주말저녁,1,22,8.88
6175,스릴러,5,11,케이블,24,64.1,4,평일저녁,0,50,5.85
6176,로맨스,5,28,지상파,16,6.1,1,평일저녁,0,48,7.75
6177,법정,3,19,OTT,8,31.2,3,주말저녁,0,38,11.41
6178,의학,1,13,지상파,16,25.7,3,평일심야,0,34,10.56
6179,법정,5,30,지상파,12,65.7,4,평일저녁,1,35,10.73
6180,로맨스,1,17,OTT,20,64.2,3,주말저녁,0,27,12.09
6181,의학,4,6,지상파,20,67.8,3,평일심야,0,25,10.87
6182,코미디,5,2,케이블,20,68.7,4,평일심야,1,42,3.15
6183,법정,5,5,지상파,20,28.6,3,평일심야,0,38,7.46
6184,스릴러,4,22,OTT,16,94.2,1,주말심야,0,30,7.8
6185,판타지,5,9,지상파,12,14.1,1,평일저녁,1,32,8.67
6186,코미디,3,4,지상파,12,73.1,4,주말저녁,1,32,11.07
6187,의학,3,11,지상파,20,33.8,1,평일심야,0,42,9.14
6188,판타지,2,5,지상파,16,86.6,4,주말심야,0,48,12.79
6189,법정,5,0,지상파,20,55.7,4,평일심야,1,47,4.66
6190,코미디,1,22,지상파,24,33.5,1,평일저녁,0,36,14.67
6191,코미디,5,18,지상파,8,88.1,1,평일저녁,0,37,10.0
6192,로맨스,5,3,케이블,16,80.7,2,주말저녁,0,49,12.18
6193,스릴러,5,4,케이블,16,90.0,2,평일저녁,1,42,5.63
6194,의학,1,8,케이블,20,48.0,2,평일저녁,0,21,10.18
6195,사극,5,19,케이블,20,45.8,4,평일심야,0,43,5.54
6196,사극,5,29,OTT,24,42.4,4,주말심야,0,25,8.28
6197,로맨스,4,14,지상파,16,96.2,4,평일심야,0,40,8.38
6198,사극,1,15,OTT,16,78.9,4,주말저녁,0,27,10.84
6199,스릴러,3,26,케이블,24,81.8,2,평일저녁,0,32,8.46
6200,로맨스,1,18,케이블,16,44.7,1,평일저녁,0,41,8.04
6201,사극,1,16,지상파,16,19.6,3,평일저녁,0,46,14.28
6202,로맨스,5,29,지상파,12,60.6,1,주말저녁,0,41,11.92
6203,사극,3,12,지상파,16,99.8,1,평일심야,0,42,10.93
6204,스릴러,3,28,케이블,16,65.8,3,평일저녁,0,30,11.11
6205,법정,3,10,케이블,16,93.1,2,평일저녁,0,20,10.22
6206,판타지,2,23,OTT,32,28.7,2,주말저녁,0,50,8.16
6207,사극,5,25,케이블,20,84.3,2,평일심야,0,46,7.23
6208,사극,5,2,지상파,24,73.7,3,평일저녁,1,26,10.54
6209,판타지,4,8,지상파,8,71.5,4,주말저녁,0,22,8.51
6210,판타지,2,20,OTT,16,83.4,1,주말심야,0,28,9.82
6211,법정,4,22,케이블,8,24.5,1,평일저녁,0,20,7.72
6212,법정,1,27,지상파,16,12.5,4,평일저녁,0,25,12.82
6213,판타지,4,1,OTT,12,46.5,4,평일심야,0,48,5.41
6214,사극,4,27,지상파,24,99.9,4,평일저녁,0,20,11.75
6215,로맨스,2,9,케이블,16,86.2,2,평일심야,0,25,6.73
6216,판타지,5,20,OTT,16,38.9,4,주말저녁,0,43,9.2
6217,스릴러,1,23,지상파,16,88.1,2,평일저녁,0,23,13.09
6218,법정,3,13,지상파,24,80.9,1,주말저녁,1,39,9.59
6219,사극,3,20,케이블,24,27.9,3,주말저녁,0,31,11.25
6220,의학,2,28,케이블,16,42.8,2,평일심야,0,30,12.6
6221,의학,4,16,지상파,8,63.4,3,주말저녁,0,48,11.09
6222,로맨스,4,23,지상파,20,82.0,4,평일심야,0,28,11.79
6223,코미디,2,19,OTT,12,74.2,1,평일심야,0,39,8.71
6224,코미디,4,8,케이블,8,78.9,3,주말저녁,0,41,11.99
6225,로맨스,2,24,케이블,24,21.7,3,평일저녁,0,34,10.34
6226,스릴러,3,5,지상파,12,90.8,1,주말심야,0,25,6.89
6227,로맨스,1,14,지상파,12,95.9,2,평일심야,0,34,12.78
6228,코미디,5,4,OTT,24,98.1,3,평일심야,0,33,7.03
6229,의학,3,4,지상파,8,68.2,1,주말저녁,0,26,13.94
6230,판타지,2,9,OTT,16,92.5,3,주말저녁,0,25,6.82
6231,의학,5,21,OTT,16,65.8,4,평일심야,0,22,8.42
6232,코미디,4,29,케이블,8,26.6,1,주말심야,0,41,7.7
6233,의학,3,8,지상파,24,41.2,4,주말저녁,0,30,11.73
6234,법정,4,17,케이블,16,48.3,4,주말저녁,0,32,10.39
6235,의학,1,3,지상파,12,46.4,4,평일저녁,0,30,14.5
6236,로맨스,3,28,OTT,16,6.6,2,평일저녁,0,25,10.46
6237,코미디,3,26,OTT,8,65.4,3,평일저녁,0,45,8.9
6238,의학,1,7,OTT,32,30.8,3,주말저녁,0,43,7.9
6239,판타지,5,25,케이블,16,44.2,1,평일심야,0,32,7.17
6240,스릴러,3,20,케이블,20,87.6,3,평일저녁,0,46,10.93
6241,의학,2,19,지상파,12,68.3,1,평일저녁,1,41,12.01
6242,로맨스,1,7,OTT,32,51.7,2,평일저녁,0,28,7.14
6243,로맨스,2,6,지상파,16,84.0,2,주말저녁,0,46,13.52
6244,사극,2,11,지상파,24,85.7,3,평일심야,0,43,10.67
6245,스릴러,2,7,OTT,16,65.2,1,평일저녁,0,45,9.51
6246,사극,2,16,지상파,32,13.2,2,평일저녁,0,50,12.28
6247,코미디,4,5,지상파,8,85.6,1,평일저녁,0,41,8.98
6248,사극,3,21,OTT,24,71.7,4,평일저녁,0,49,11.32
6249,판타지,2,18,케이블,12,29.5,3,주말저녁,0,33,8.5
6250,법정,5,2,케이블,16,66.1,2,주말심야,0,40,6.38
6251,스릴러,2,23,지상파,24,35.6,1,평일저녁,0,38,8.63
6252,의학,4,3,케이블,16,85.3,3,평일심야,0,34,8.54
6253,법정,2,24,케이블,32,49.3,1,평일저녁,1,25,8.38
6254,스릴러,1,11,OTT,32,60.1,1,주말심야,0,26,10.44
6255,법정,4,25,케이블,8,32.2,3,평일저녁,0,25,8.54
6256,사극,1,28,지상파,16,92.3,3,주말저녁,0,31,15.56
6257,스릴러,5,14,지상파,16,64.0,4,주말저녁,0,50,9.14
6258,사극,2,1,지상파,32,12.3,4,평일저녁,0,46,9.59
6259,의학,3,20,지상파,20,96.3,1,주말저녁,0,22,12.74
6260,사극,3,30,케이블,12,10.8,3,주말저녁,0,44,9.88
6261,의학,5,17,케이블,8,15.1,4,평일저녁,0,31,8.44
6262,코미디,4,22,지상파,16,98.4,3,평일심야,0,31,7.87
6263,스릴러,5,15,케이블,16,60.7,1,평일저녁,0,47,7.58
6264,의학,4,3,지상파,8,7.0,1,평일저녁,0,20,8.98
6265,로맨스,2,11,지상파,16,87.7,2,평일저녁,1,21,10.55
6266,판타지,4,5,지상파,16,50.8,3,주말저녁,0,29,9.92
6267,코미디,2,15,지상파,16,31.7,2,평일저녁,1,34,9.9
6268,법정,1,15,케이블,20,74.6,2,평일저녁,0,44,11.5
6269,법정,2,1,지상파,8,17.9,3,평일저녁,0,20,9.65
6270,로맨스,5,22,OTT,20,53.5,3,평일저녁,0,20,10.69
6271,스릴러,2,0,지상파,12,55.9,1,주말저녁,0,22,9.32
6272,판타지,5,13,지상파,12,32.4,4,주말저녁,0,24,11.07
6273,로맨스,4,3,케이블,16,86.3,4,평일심야,0,29,9.04
6274,의학,3,11,케이블,16,81.6,2,주말심야,0,34,9.53
6275,의학,4,14,OTT,16,75.9,2,주말저녁,0,42,9.88
6276,판타지,1,19,지상파,12,92.2,1,평일심야,0,23,8.52
6277,의학,2,23,지상파,16,18.4,4,평일심야,0,34,11.34
6278,로맨스,1,13,OTT,12,21.1,2,주말저녁,0,31,9.22
6279,스릴러,1,3,케이블,12,6.0,2,주말심야,0,46,6.27
6280,법정,3,6,케이블,8,47.6,4,평일심야,0,32,5.08
6281,의학,5,2,케이블,12,63.5,2,주말저녁,0,50,9.1
6282,판타지,2,10,OTT,16,77.1,3,평일저녁,0,31,11.22
6283,로맨스,5,22,케이블,8,29.3,1,평일심야,1,28,7.61
6284,로맨스,1,8,지상파,24,31.1,2,주말저녁,0,24,10.12
6285,사극,2,18,OTT,16,86.0,3,평일저녁,1,37,8.62
6286,로맨스,3,7,OTT,16,36.3,4,평일심야,1,24,9.28
6287,스릴러,1,16,지상파,32,48.4,3,주말저녁,0,46,9.8
6288,코미디,4,1,케이블,16,7.9,4,평일심야,0,24,6.38
6289,사극,1,24,OTT,20,83.4,3,주말심야,0,39,10.78
6290,스릴러,1,7,케이블,16,79.7,1,평일저녁,0,30,10.31
6291,스릴러,3,12,OTT,16,81.9,3,평일저녁,0,32,9.26
6292,사극,3,22,케이블,16,35.4,2,평일저녁,0,50,10.71
6293,스릴러,5,30,OTT,16,84.7,3,주말저녁,0,24,7.79
6294,사극,2,24,지상파,8,87.0,4,평일저녁,0,44,11.24
6295,코미디,3,7,케이블,16,18.1,2,주말심야,1,23,6.96
6296,법정,1,3,지상파,32,90.5,4,주말저녁,0,48,11.14
6297,코미디,5,14,지상파,20,38.6,4,평일저녁,0,35,12.53
6298,코미디,5,16,지상파,24,89.0,2,주말저녁,0,47,8.53
6299,스릴러,3,16,지상파,24,96.6,4,주말저녁,0,41,13.74
6300,코미디,2,17,지상파,12,75.8,1,평일저녁,0,23,12.88
6301,사극,1,24,케이블,12,75.0,2,주말저녁,0,23,11.21
6302,코미디,4,29,지상파,24,17.0,3,주말저녁,0,38,10.9
6303,스릴러,1,16,OTT,12,93.4,4,주말저녁,0,46,11.61
6304,코미디,1,4,케이블,16,64.7,2,주말저녁,0,29,13.63
6305,판타지,5,16,OTT,8,29.9,1,평일저녁,1,40,5.59
6306,코미디,5,14,케이블,20,15.1,1,주말저녁,0,28,9.51
6307,의학,5,22,케이블,16,31.5,4,평일심야,1,20,9.09
6308,스릴러,5,23,지상파,24,48.0,2,평일저녁,0,49,9.82
6309,사극,2,12,케이블,20,31.7,2,주말저녁,0,26,8.45
6310,판타지,2,4,OTT,16,44.5,1,평일저녁,0,50,6.89
6311,사극,4,17,케이블,24,52.3,1,평일심야,0,43,8.87
6312,의학,5,6,지상파,16,24.0,2,평일저녁,0,24,9.05
6313,법정,3,2,지상파,8,21.9,1,주말저녁,0,42,8.25
6314,판타지,4,10,OTT,16,37.3,3,평일저녁,0,23,9.06
6315,스릴러,5,2,OTT,12,63.4,4,주말저녁,0,48,8.8
6316,법정,4,0,케이블,20,89.8,3,평일심야,0,29,9.24
6317,의학,4,3,OTT,24,82.8,1,주말저녁,0,39,8.3
6318,스릴러,1,4,OTT,32,46.1,2,주말저녁,1,26,9.96
6319,로맨스,2,2,지상파,16,17.2,3,평일저녁,0,44,9.7
6320,의학,4,26,지상파,16,84.4,2,주말저녁,0,36,7.77
6321,판타지,4,20,지상파,16,32.6,2,평일심야,0,34,10.99
6322,판타지,2,6,케이블,16,29.3,3,평일심야,0,40,8.47
6323,사극,3,29,케이블,16,23.0,4,평일저녁,0,28,9.86
6324,로맨스,5,1,지상파,20,38.3,2,주말저녁,1,43,7.64
6325,코미디,1,2,케이블,12,6.0,1,평일저녁,0,48,9.34
6326,법정,2,20,케이블,16,24.7,4,주말심야,0,33,7.18
6327,스릴러,3,17,OTT,16,82.7,3,평일저녁,0,48,11.39
6328,로맨스,2,24,케이블,16,43.1,4,주말저녁,0,40,12.98
6329,법정,4,16,지상파,16,11.1,4,평일심야,0,47,7.53
6330,스릴러,5,10,케이블,24,73.9,4,평일심야,1,23,5.47
6331,의학,1,4,지상파,16,96.7,1,평일저녁,0,36,9.64
6332,사극,1,3,케이블,8,35.2,1,주말저녁,0,34,11.59
6333,의학,5,24,지상파,20,40.6,3,평일심야,0,33,5.83
6334,코미디,5,12,지상파,8,57.2,1,주말저녁,0,26,11.42
6335,코미디,5,4,지상파,24,85.5,1,평일저녁,0,36,10.46
6336,판타지,4,11,케이블,16,31.0,2,주말저녁,0,29,8.97
6337,의학,4,27,OTT,20,44.2,4,주말저녁,0,50,10.59
6338,법정,5,17,케이블,8,71.1,1,주말저녁,0,43,9.46
6339,사극,2,23,지상파,32,82.8,1,평일저녁,0,41,14.74
6340,의학,2,16,지상파,16,69.0,3,주말저녁,0,28,10.82
6341,로맨스,4,1,지상파,16,98.5,2,주말심야,0,33,7.32
6342,로맨스,3,20,케이블,24,14.7,4,평일저녁,0,39,7.75
6343,스릴러,1,12,지상파,8,93.6,1,주말저녁,0,50,9.33
6344,사극,4,24,케이블,12,48.8,1,평일심야,0,35,9.6
6345,의학,2,19,지상파,8,44.9,1,평일저녁,0,46,10.71
6346,코미디,5,16,지상파,16,86.4,1,주말저녁,0,30,10.19
6347,로맨스,4,13,지상파,16,79.3,3,평일심야,1,43,6.86
6348,스릴러,4,30,지상파,12,86.3,3,주말심야,0,37,8.69
6349,의학,4,14,케이블,8,83.6,3,평일저녁,0,20,8.82
6350,의학,2,0,지상파,12,63.6,1,주말저녁,0,45,9.4
6351,스릴러,3,26,케이블,16,16.4,4,평일저녁,0,45,9.86
6352,로맨스,3,15,케이블,24,64.5,1,평일저녁,0,41,7.69
6353,판타지,5,26,지상파,12,47.1,1,주말저녁,1,49,8.48
6354,로맨스,2,13,케이블,12,27.7,4,주말저녁,0,44,10.06
6355,로맨스,2,5,지상파,20,42.7,1,주말심야,0,38,8.05
6356,법정,1,2,지상파,16,71.0,2,평일저녁,0,22,9.98
6357,판타지,4,24,지상파,32,31.5,2,평일저녁,0,36,9.7
6358,의학,1,22,지상파,8,35.4,1,평일저녁,0,40,14.34
6359,스릴러,1,6,OTT,20,16.4,1,주말저녁,0,44,10.53
6360,스릴러,1,12,지상파,20,95.7,2,평일심야,0,46,9.28
6361,코미디,2,10,OTT,20,70.7,1,주말저녁,0,38,12.03
6362,스릴러,1,16,케이블,16,70.6,4,평일저녁,0,38,13.91
6363,스릴러,4,1,지상파,32,27.7,3,평일저녁,1,27,8.16
6364,스릴러,3,14,OTT,16,51.0,4,평일저녁,0,45,8.8
6365,판타지,3,2,OTT,20,71.8,3,평일저녁,0,50,10.06
6366,로맨스,5,12,케이블,16,64.3,4,주말저녁,1,22,11.31
6367,의학,3,10,지상파,20,61.8,3,주말저녁,0,34,12.63
6368,코미디,2,10,케이블,24,60.7,1,평일저녁,0,48,8.26
6369,로맨스,2,25,지상파,16,62.4,3,주말저녁,0,44,10.71
6370,로맨스,3,17,케이블,12,24.7,1,평일심야,0,33,4.51
6371,사극,4,1,지상파,16,71.1,3,평일저녁,0,20,12.05
6372,스릴러,5,9,지상파,20,72.4,3,평일심야,0,26,7.72
6373,코미디,3,9,OTT,24,17.6,2,평일저녁,0,37,9.02
6374,스릴러,4,3,OTT,8,52.9,1,주말저녁,0,45,8.38
6375,코미디,5,25,케이블,16,44.4,3,주말심야,0,30,7.15
6376,사극,2,2,지상파,16,8.2,3,주말저녁,0,43,10.62
6377,로맨스,2,28,지상파,24,99.7,2,평일저녁,0,45,11.76
6378,의학,5,9,지상파,24,42.1,1,주말저녁,0,45,9.06
6379,로맨스,2,14,케이블,16,29.7,2,주말저녁,0,49,12.74
6380,판타지,4,29,케이블,24,11.1,3,주말심야,0,47,7.83
6381,법정,2,6,케이블,24,75.6,1,평일저녁,0,22,7.77
6382,법정,2,12,지상파,16,86.9,4,주말저녁,0,30,12.99
6383,법정,5,18,케이블,24,85.2,2,평일심야,0,49,4.76
6384,법정,2,21,지상파,8,58.6,1,평일저녁,0,41,12.8
6385,스릴러,2,11,OTT,8,79.6,4,평일저녁,1,22,9.65
6386,스릴러,5,1,케이블,24,99.2,4,주말심야,0,42,6.85
6387,코미디,4,12,OTT,12,16.6,1,주말심야,0,50,4.18
6388,로맨스,3,24,케이블,8,14.1,3,평일저녁,0,39,7.79
6389,판타지,3,22,지상파,16,94.9,2,평일심야,0,23,8.21
6390,의학,5,11,케이블,16,64.2,2,주말저녁,0,25,8.61
6391,법정,5,21,케이블,32,57.2,4,평일저녁,0,30,9.26
6392,사극,5,23,지상파,32,75.2,1,주말저녁,0,49,14.59
6393,로맨스,4,30,케이블,16,63.8,2,평일심야,1,29,8.26
6394,로맨스,3,22,케이블,32,80.3,1,평일심야,0,43,6.54
6395,판타지,3,11,지상파,20,99.3,3,평일저녁,0,46,12.13
6396,사극,2,21,지상파,8,87.5,1,주말심야,0,36,11.25
6397,법정,1,29,케이블,8,21.6,3,평일저녁,1,38,7.25
6398,코미디,4,24,지상파,20,11.1,2,평일저녁,0,33,10.59
6399,로맨스,2,15,OTT,16,56.3,1,평일저녁,0,45,7.22
6400,코미디,5,9,지상파,16,88.1,2,평일저녁,0,28,8.02
6401,스릴러,3,17,지상파,16,89.7,3,주말저녁,0,26,14.94
6402,스릴러,1,23,지상파,16,36.6,4,평일저녁,0,23,10.11
6403,사극,4,9,지상파,16,32.5,2,평일저녁,0,30,14.15
6404,로맨스,3,17,케이블,16,27.6,1,평일저녁,0,44,7.26
6405,판타지,5,12,지상파,16,74.7,4,평일저녁,1,28,8.85
6406,로맨스,5,25,케이블,16,19.3,2,주말저녁,0,45,7.3
6407,판타지,4,4,케이블,12,82.4,3,평일저녁,0,20,7.4
6408,판타지,3,1,케이블,16,91.5,2,평일저녁,1,33,8.87
6409,로맨스,2,12,지상파,16,7.6,4,평일저녁,0,48,11.42
6410,코미디,2,19,OTT,24,32.3,2,평일심야,1,29,6.39
6411,스릴러,5,29,지상파,32,94.4,1,주말저녁,0,45,11.87
6412,코미디,1,15,지상파,12,45.2,3,주말저녁,0,39,10.77
6413,코미디,3,27,지상파,16,32.2,2,주말심야,0,46,8.39
6414,판타지,3,25,OTT,16,19.7,3,주말저녁,0,25,9.98
6415,스릴러,3,18,OTT,16,65.8,2,평일심야,0,46,6.9
6416,스릴러,2,29,지상파,12,16.0,3,주말저녁,0,36,12.33
6417,로맨스,1,22,지상파,16,10.3,4,주말심야,0,39,7.61
6418,코미디,5,4,OTT,20,38.3,2,평일저녁,1,27,4.25
6419,사극,4,0,지상파,8,5.3,2,평일저녁,0,35,7.83
6420,코미디,1,17,지상파,16,60.2,3,주말저녁,0,20,15.16
6421,법정,5,5,케이블,20,15.1,1,평일저녁,1,28,8.21
6422,판타지,4,22,케이블,16,28.2,1,평일저녁,0,49,10.66
6423,사극,4,7,지상파,12,58.6,1,평일심야,0,24,10.39
6424,판타지,1,16,케이블,16,52.5,3,평일심야,0,26,11.83
6425,의학,3,6,지상파,20,95.3,3,평일심야,0,23,9.84
6426,의학,3,20,케이블,16,54.1,1,평일심야,1,20,7.95
6427,의학,4,18,지상파,20,79.9,2,평일심야,0,22,7.57
6428,판타지,4,27,지상파,12,36.0,2,주말저녁,0,26,11.65
6429,판타지,2,25,지상파,16,71.9,1,주말저녁,0,42,10.46
6430,판타지,1,7,OTT,24,63.5,2,평일심야,0,50,5.32
6431,로맨스,2,15,케이블,12,53.5,4,평일심야,0,33,10.58
6432,의학,3,8,지상파,16,71.6,4,평일저녁,0,46,10.96
6433,코미디,1,3,케이블,24,70.2,3,주말저녁,0,24,9.15
6434,로맨스,5,15,케이블,24,27.4,3,평일저녁,0,42,7.14
6435,스릴러,1,5,케이블,20,54.9,1,평일심야,0,47,6.04
6436,의학,4,12,지상파,12,97.3,2,주말심야,0,45,10.12
6437,사극,1,15,지상파,24,30.5,4,평일저녁,0,38,9.51
6438,사극,5,20,OTT,16,62.0,1,평일저녁,0,37,8.56
6439,법정,4,10,OTT,16,62.2,1,평일심야,0,25,7.47
6440,코미디,1,21,케이블,12,40.5,3,주말저녁,0,24,10.89
6441,사극,5,14,지상파,20,50.7,4,주말저녁,0,21,15.71
6442,사극,2,16,지상파,16,97.1,3,평일저녁,0,47,13.04
6443,의학,5,15,지상파,8,88.4,3,평일저녁,0,34,10.22
6444,로맨스,3,24,케이블,16,97.9,2,주말저녁,0,47,13.45
6445,법정,4,1,지상파,24,57.4,2,평일저녁,0,50,10.05
6446,판타지,5,19,OTT,32,79.9,4,평일저녁,0,32,6.67
6447,로맨스,2,25,OTT,16,51.5,3,주말저녁,0,30,7.85
6448,판타지,2,10,지상파,16,31.1,4,평일저녁,0,50,7.79
6449,의학,2,24,케이블,20,13.9,4,평일저녁,0,30,10.96
6450,판타지,1,14,케이블,24,33.1,2,주말저녁,0,32,11.26
6451,의학,3,2,지상파,24,69.2,2,평일심야,1,41,7.96
6452,코미디,1,25,케이블,24,78.4,3,평일저녁,1,23,10.36
6453,사극,4,17,케이블,20,73.4,4,평일저녁,0,31,9.92
6454,법정,3,4,지상파,8,56.6,1,주말심야,0,34,6.33
6455,로맨스,4,19,지상파,16,7.4,2,평일저녁,0,34,8.16
6456,법정,5,21,OTT,24,24.5,3,평일저녁,0,37,6.43
6457,스릴러,4,25,OTT,16,80.3,3,평일저녁,0,25,10.45
6458,판타지,3,23,케이블,8,48.1,1,평일저녁,0,45,9.81
6459,사극,5,29,지상파,16,70.7,3,평일저녁,0,40,9.55
6460,사극,1,28,지상파,16,16.5,4,평일저녁,0,32,11.86
6461,사극,5,3,지상파,24,91.0,2,평일심야,0,38,10.2
6462,스릴러,3,11,케이블,16,74.3,3,주말저녁,0,49,9.72
6463,로맨스,2,13,지상파,16,91.1,1,주말저녁,0,42,14.87
6464,판타지,1,2,케이블,16,12.1,3,평일심야,0,44,5.59
6465,로맨스,2,23,OTT,12,97.9,4,평일심야,1,30,5.26
6466,사극,4,22,지상파,16,12.4,1,주말저녁,0,20,11.21
6467,의학,2,22,OTT,24,58.2,2,평일저녁,1,44,9.54
6468,로맨스,5,0,케이블,16,69.2,1,평일저녁,1,48,8.62
6469,판타지,5,18,지상파,20,56.9,1,평일저녁,0,28,11.52
6470,의학,1,9,OTT,12,81.4,4,평일심야,0,26,7.02
6471,사극,5,15,케이블,24,76.7,2,평일저녁,0,48,7.91
6472,스릴러,5,13,케이블,32,57.3,4,주말심야,0,36,7.29
6473,의학,5,26,OTT,24,64.0,1,주말저녁,0,35,8.49
6474,판타지,3,13,케이블,16,74.5,2,평일저녁,1,38,7.64
6475,코미디,3,15,OTT,16,42.5,1,주말저녁,0,32,8.5
6476,판타지,3,1,케이블,16,10.3,3,평일저녁,0,31,5.13
6477,의학,5,2,케이블,8,85.4,1,주말저녁,0,26,7.49
6478,로맨스,5,9,케이블,24,17.6,2,평일심야,1,37,4.97
6479,코미디,4,5,케이블,16,43.7,3,평일심야,1,27,5.4
6480,의학,1,24,지상파,20,17.2,1,평일저녁,0,32,12.53
6481,판타지,1,27,케이블,16,70.4,1,평일저녁,0,27,7.95
6482,법정,3,7,OTT,8,65.3,1,평일저녁,0,48,7.1
6483,의학,2,9,지상파,16,37.9,2,평일저녁,0,50,8.68
6484,법정,2,5,OTT,32,59.6,2,주말저녁,0,44,8.79
6485,로맨스,5,1,케이블,16,41.6,1,평일저녁,0,50,8.92
6486,사극,5,18,지상파,16,95.0,4,평일저녁,0,43,10.58
6487,로맨스,5,24,지상파,24,62.0,4,평일심야,1,27,8.58
6488,판타지,1,24,지상파,24,52.8,1,평일심야,0,49,8.26
6489,로맨스,4,10,케이블,16,99.0,2,평일저녁,0,40,10.16
6490,의학,4,29,지상파,20,32.7,1,평일심야,0,24,7.3
6491,코미디,5,30,지상파,8,18.7,2,평일심야,0,49,9.37
6492,의학,1,5,OTT,16,34.3,2,평일심야,0,38,5.9
6493,사극,4,17,OTT,16,6.1,1,평일저녁,0,40,8.66
6494,로맨스,3,7,지상파,16,47.5,1,평일저녁,0,32,9.44
6495,코미디,1,19,케이블,12,65.0,3,평일심야,1,49,9.37
6496,스릴러,2,12,지상파,16,14.4,3,평일저녁,0,32,9.69
6497,의학,1,26,지상파,20,28.1,1,평일저녁,0,46,10.12
6498,사극,1,18,케이블,16,13.9,2,주말저녁,0,31,13.51
6499,코미디,4,19,지상파,16,15.7,1,주말저녁,0,20,9.47
6500,스릴러,5,13,지상파,8,18.6,1,평일심야,0,45,8.31
6501,로맨스,5,24,OTT,16,16.1,3,평일저녁,0,27,6.24
6502,스릴러,1,14,케이블,16,50.7,1,주말저녁,0,42,13.18
6503,판타지,4,8,케이블,8,85.3,1,평일저녁,0,35,8.83
6504,스릴러,4,25,케이블,16,85.7,4,평일저녁,0,26,11.42
6505,판타지,4,10,지상파,12,77.2,1,주말저녁,0,43,9.86
6506,코미디,2,28,케이블,16,52.4,2,주말저녁,1,49,11.6
6507,스릴러,1,4,케이블,16,19.5,2,주말저녁,0,35,8.51
6508,법정,1,9,지상파,32,53.2,4,평일저녁,0,21,10.21
6509,의학,2,9,케이블,20,46.4,3,평일심야,1,43,8.34
6510,법정,4,3,OTT,16,44.8,4,평일저녁,1,38,9.44
6511,코미디,1,25,지상파,20,42.3,1,주말심야,0,41,13.4
6512,코미디,1,7,케이블,8,9.9,1,평일심야,0,44,8.11
6513,스릴러,2,27,케이블,8,95.7,3,주말심야,0,39,7.7
6514,판타지,2,9,지상파,24,56.3,1,주말저녁,0,41,11.41
6515,로맨스,4,0,케이블,12,17.5,1,주말심야,0,38,6.88
6516,판타지,1,13,케이블,12,48.2,1,평일심야,0,31,10.3
6517,의학,2,23,OTT,16,51.7,4,평일심야,0,29,8.62
6518,코미디,2,23,지상파,8,40.4,2,주말저녁,1,43,13.38
6519,로맨스,2,15,케이블,8,26.7,4,평일저녁,0,20,9.86
6520,코미디,2,0,케이블,8,79.5,4,평일심야,1,21,10.81
6521,스릴러,2,18,케이블,20,20.8,3,주말심야,0,26,9.88
6522,코미디,5,27,케이블,16,47.0,4,평일저녁,0,38,9.5
6523,법정,1,30,케이블,16,96.6,1,평일심야,0,48,9.04
6524,판타지,1,3,케이블,16,10.9,2,평일심야,0,32,4.6
6525,법정,2,3,케이블,16,36.6,4,평일심야,1,30,6.73
6526,판타지,3,30,OTT,20,89.6,4,평일저녁,0,36,9.43
6527,사극,4,8,지상파,20,63.0,4,평일심야,0,42,10.86
6528,의학,4,10,지상파,16,12.1,2,주말저녁,0,34,9.57
6529,판타지,1,8,OTT,16,55.9,4,평일저녁,0,20,11.51
6530,스릴러,4,17,OTT,12,78.5,2,평일저녁,0,27,7.74
6531,의학,2,17,케이블,12,23.6,4,주말심야,0,42,10.31
6532,코미디,5,18,케이블,24,52.3,3,주말심야,0,39,7.64
6533,스릴러,2,19,지상파,32,74.5,3,평일저녁,0,31,12.63
6534,로맨스,1,30,지상파,32,94.4,1,주말심야,0,40,10.73
6535,법정,4,4,지상파,32,80.2,4,평일저녁,0,24,8.46
6536,판타지,3,30,지상파,16,53.8,3,주말심야,0,28,9.51
6537,법정,3,23,지상파,16,66.6,2,평일심야,1,28,9.09
6538,판타지,1,29,OTT,32,71.7,2,평일심야,0,39,9.56
6539,법정,4,8,케이블,16,91.1,3,주말저녁,1,36,10.04
6540,로맨스,2,2,지상파,20,29.4,1,평일저녁,0,37,11.87
6541,로맨스,5,12,지상파,12,51.4,4,주말심야,0,28,6.42
6542,법정,2,2,OTT,8,43.3,4,평일저녁,1,33,9.67
6543,법정,3,19,지상파,12,14.3,4,평일심야,0,29,8.09
6544,법정,5,1,지상파,32,63.2,2,평일저녁,0,39,7.64
6545,의학,4,22,케이블,8,54.0,4,주말저녁,0,23,8.91
6546,판타지,3,17,케이블,16,69.9,3,평일저녁,0,42,6.65
6547,의학,4,4,케이블,8,77.5,1,평일저녁,0,32,9.42
6548,코미디,2,17,케이블,24,48.8,2,주말저녁,0,38,8.15
6549,스릴러,1,19,지상파,16,78.6,1,평일저녁,1,40,14.56
6550,판타지,5,0,OTT,12,7.4,3,평일저녁,0,43,8.07
6551,의학,1,10,OTT,12,24.9,2,평일저녁,1,20,6.2
6552,의학,1,28,OTT,20,85.8,2,주말저녁,0,35,12.77
6553,사극,4,12,지상파,16,87.8,2,평일저녁,0,34,13.22
6554,로맨스,5,1,지상파,16,13.9,3,주말저녁,0,25,8.84
6555,사극,1,21,지상파,16,16.9,2,평일심야,1,29,13.44
6556,스릴러,3,20,케이블,20,17.3,2,평일심야,0,30,5.33
6557,법정,3,19,OTT,16,43.7,3,주말저녁,0,45,8.32
6558,코미디,5,22,케이블,24,37.3,4,주말저녁,0,46,8.64
6559,스릴러,1,14,지상파,8,54.9,4,평일심야,0,33,11.49
6560,의학,4,27,케이블,20,5.0,3,주말저녁,0,32,11.4
6561,사극,1,20,케이블,12,81.2,2,평일심야,0,26,9.54
6562,사극,1,23,지상파,24,87.4,2,평일저녁,1,22,13.4
6563,판타지,5,7,OTT,12,79.7,2,평일저녁,1,35,6.57
6564,코미디,1,29,지상파,16,34.4,1,주말저녁,0,27,11.29
6565,의학,3,15,케이블,20,59.2,4,주말심야,0,44,9.39
6566,스릴러,2,25,지상파,24,77.2,3,주말저녁,0,46,10.64
6567,의학,5,21,케이블,16,94.1,3,주말저녁,0,32,10.92
6568,의학,4,4,케이블,24,87.5,1,평일저녁,0,26,6.4
6569,스릴러,4,6,지상파,12,28.6,3,평일저녁,0,25,11.19
6570,스릴러,5,7,OTT,24,7.6,2,주말저녁,0,38,8.81
6571,사극,1,28,지상파,16,78.8,4,주말저녁,0,20,13.64
6572,판타지,3,25,지상파,8,32.6,3,평일저녁,0,49,11.3
6573,의학,3,16,지상파,24,46.8,3,주말저녁,1,29,11.94
6574,사극,2,26,지상파,16,88.6,1,평일저녁,0,43,12.03
6575,판타지,3,19,지상파,16,82.0,1,평일저녁,1,21,10.7
6576,로맨스,3,2,케이블,16,70.5,2,평일저녁,0,39,11.68
6577,코미디,4,1,케이블,16,18.6,1,평일저녁,0,45,7.61
6578,로맨스,1,9,지상파,16,89.4,2,평일심야,1,36,9.92
6579,의학,4,8,지상파,16,67.3,4,평일심야,0,26,8.21
6580,사극,4,19,케이블,24,21.5,1,주말저녁,0,50,6.46
6581,의학,2,5,지상파,16,23.4,4,주말저녁,1,30,10.55
6582,판타지,3,20,지상파,12,15.5,2,평일저녁,0,39,9.16
6583,코미디,1,21,지상파,16,24.2,3,평일저녁,1,28,10.38
6584,판타지,1,9,지상파,16,21.6,3,주말심야,0,40,9.52
6585,판타지,1,18,케이블,16,9.0,2,주말심야,1,34,9.33
6586,코미디,1,29,지상파,16,66.0,3,평일저녁,0,39,13.22
6587,사극,3,30,케이블,16,20.3,2,주말저녁,0,27,11.84
6588,의학,2,12,케이블,16,99.5,4,평일심야,0,33,11.76
6589,스릴러,2,20,OTT,16,60.1,4,평일심야,1,48,7.33
6590,의학,5,4,지상파,16,20.7,4,주말저녁,0,25,12.67
6591,코미디,1,4,케이블,32,6.6,3,평일심야,0,40,6.81
6592,법정,1,11,케이블,16,60.0,1,주말저녁,0,23,10.48
6593,사극,3,2,지상파,24,15.6,1,주말저녁,0,40,8.91
6594,법정,4,14,케이블,8,18.4,2,평일심야,0,39,7.03
6595,판타지,5,21,지상파,12,28.9,4,평일저녁,0,24,9.36
6596,판타지,3,5,지상파,16,90.4,2,주말저녁,1,44,11.78
6597,의학,2,15,OTT,24,95.8,4,평일저녁,0,36,9.11
6598,코미디,4,22,OTT,20,40.8,4,평일저녁,0,31,8.89
6599,스릴러,5,18,지상파,16,83.0,3,평일심야,0,37,7.21
6600,스릴러,4,29,OTT,16,19.5,3,주말저녁,0,43,9.54
6601,스릴러,1,24,지상파,12,58.7,4,평일저녁,0,43,10.44
6602,법정,1,18,지상파,16,46.4,2,주말저녁,0,41,12.7
6603,사극,4,12,케이블,16,78.7,1,평일저녁,0,26,9.11
6604,스릴러,3,24,지상파,16,22.0,1,주말저녁,0,37,10.88
6605,판타지,4,1,케이블,16,25.1,4,주말심야,1,41,2.8
6606,로맨스,4,1,케이블,20,20.8,4,평일심야,0,21,3.56
6607,코미디,2,14,케이블,16,51.3,1,평일저녁,0,27,8.03
6608,법정,2,19,지상파,16,84.4,4,평일저녁,1,42,12.12
6609,법정,3,20,OTT,12,19.7,1,평일심야,0,24,5.86
6610,로맨스,4,4,케이블,32,52.8,4,평일저녁,0,28,9.82
6611,법정,2,18,케이블,16,80.9,3,주말저녁,0,20,9.99
6612,사극,4,16,지상파,24,38.4,2,평일심야,0,22,9.19
6613,스릴러,2,18,OTT,16,29.9,1,평일저녁,0,29,7.11
6614,스릴러,5,8,지상파,20,7.0,1,평일심야,0,24,5.21
6615,사극,3,5,케이블,32,45.2,4,평일저녁,0,44,7.89
6616,로맨스,5,6,케이블,32,93.1,1,평일심야,0,43,5.45
6617,사극,1,20,지상파,16,46.6,1,평일심야,0,31,13.14
6618,코미디,2,1,지상파,20,84.2,1,주말저녁,0,35,12.94
6619,스릴러,5,1,지상파,8,73.0,2,주말저녁,1,26,9.8
6620,법정,3,16,지상파,12,53.5,1,평일저녁,0,46,11.07
6621,사극,3,23,OTT,20,29.9,3,주말저녁,0,48,10.64
6622,사극,5,23,OTT,20,7.6,3,주말저녁,0,26,6.15
6623,의학,2,27,OTT,16,27.6,4,평일저녁,0,41,9.38
6624,법정,3,9,OTT,24,65.9,1,평일심야,0,31,8.19
6625,의학,2,0,케이블,16,74.4,2,주말저녁,0,45,13.94
6626,판타지,2,23,지상파,24,71.6,2,평일저녁,1,32,11.7
6627,스릴러,3,22,지상파,16,24.7,1,주말저녁,0,45,9.58
6628,코미디,4,13,케이블,20,18.0,3,주말저녁,0,36,11.99
6629,사극,3,9,지상파,12,74.3,3,평일저녁,0,36,9.76
6630,의학,2,30,케이블,12,86.0,1,주말저녁,0,45,13.01
6631,사극,1,14,케이블,20,77.3,3,평일저녁,1,24,11.98
6632,코미디,3,4,케이블,20,99.8,3,평일심야,0,31,5.48
6633,판타지,1,14,지상파,24,46.1,2,주말심야,0,46,6.47
6634,스릴러,4,10,지상파,16,79.2,3,주말저녁,1,48,11.25
6635,사극,4,30,지상파,16,5.1,4,평일심야,0,28,9.02
6636,판타지,5,8,지상파,8,76.2,4,주말저녁,0,28,12.07
6637,스릴러,4,16,케이블,12,5.9,4,평일저녁,0,48,10.53
6638,법정,2,18,지상파,16,96.3,4,주말심야,1,38,10.81
6639,법정,1,23,지상파,24,75.7,2,평일저녁,1,25,13.42
6640,코미디,2,13,OTT,16,30.4,1,평일심야,0,49,6.76
6641,법정,1,2,케이블,24,73.2,3,평일심야,0,21,4.31
6642,스릴러,1,30,지상파,24,65.3,4,주말심야,0,30,12.65
6643,코미디,3,18,케이블,16,61.3,1,주말저녁,0,24,7.79
6644,판타지,4,26,케이블,8,73.8,3,주말심야,0,25,10.06
6645,사극,3,6,케이블,24,20.4,3,주말심야,1,41,5.68
6646,로맨스,3,3,OTT,12,79.5,4,평일저녁,0,32,9.36
6647,로맨스,1,0,OTT,20,27.9,3,평일심야,0,35,6.27
6648,판타지,5,1,지상파,8,37.0,4,평일심야,0,35,5.9
6649,사극,3,15,케이블,20,53.2,3,평일저녁,0,29,10.2
6650,스릴러,3,14,케이블,12,98.2,1,평일저녁,0,34,9.46
6651,로맨스,4,23,케이블,16,67.9,2,평일저녁,0,37,8.99
6652,스릴러,3,0,지상파,24,78.0,4,평일저녁,0,21,8.93
6653,법정,2,30,OTT,16,16.5,1,주말저녁,0,31,7.81
6654,의학,2,0,지상파,12,96.6,3,주말심야,1,39,8.91
6655,로맨스,5,15,케이블,8,70.5,4,평일저녁,0,49,9.01
6656,코미디,4,17,지상파,16,21.1,3,주말심야,0,31,8.19
6657,법정,3,14,케이블,8,65.7,4,평일저녁,0,20,9.23
6658,의학,3,2,지상파,24,48.3,1,주말저녁,0,33,10.62
6659,스릴러,4,29,케이블,32,78.0,1,평일저녁,0,30,8.02
6660,코미디,4,11,케이블,8,97.8,4,평일저녁,0,28,7.01
6661,의학,2,19,지상파,20,88.4,3,주말저녁,0,42,15.22
6662,로맨스,5,14,지상파,20,77.7,3,평일심야,1,44,5.82
6663,사극,2,12,OTT,16,44.6,2,평일저녁,0,44,8.54
6664,스릴러,3,17,지상파,24,8.5,2,평일심야,0,28,9.78
6665,코미디,1,9,케이블,24,60.1,1,평일저녁,0,49,8.58
6666,코미디,4,7,지상파,24,28.0,3,평일저녁,0,31,11.19
6667,스릴러,5,6,OTT,16,11.3,4,평일저녁,0,35,5.27
6668,판타지,2,7,지상파,12,24.2,4,주말심야,0,44,8.96
6669,사극,4,9,케이블,20,51.0,4,평일저녁,0,40,10.07
6670,의학,5,25,OTT,16,26.3,1,주말심야,0,48,7.71
6671,의학,3,3,케이블,16,40.6,1,평일저녁,0,20,12.27
6672,의학,3,13,OTT,20,81.3,2,평일심야,0,39,9.55
6673,법정,1,10,지상파,8,33.5,1,평일저녁,0,47,12.64
6674,법정,4,16,케이블,24,59.1,2,평일심야,0,38,7.8
6675,사극,1,9,케이블,16,25.4,4,평일심야,0,39,6.69
6676,사극,4,28,OTT,20,66.0,2,평일저녁,0,45,9.97
6677,사극,1,19,OTT,12,25.2,4,주말저녁,0,30,10.03
6678,판타지,2,18,지상파,16,9.8,3,평일심야,0,21,10.13
6679,로맨스,4,10,OTT,16,12.0,4,주말저녁,0,21,7.53
6680,로맨스,4,19,케이블,16,91.1,4,평일저녁,0,31,11.55
6681,판타지,5,15,케이블,12,5.9,3,주말저녁,0,40,5.54
6682,로맨스,4,2,OTT,8,30.9,4,평일심야,0,45,7.06
6683,법정,5,4,지상파,12,52.7,4,평일저녁,0,23,8.18
6684,판타지,4,25,지상파,20,36.8,2,평일저녁,0,49,9.98
6685,로맨스,5,3,케이블,20,71.7,2,평일저녁,0,42,6.68
6686,코미디,5,18,케이블,8,78.0,3,주말심야,0,30,5.89
6687,사극,2,8,케이블,16,89.4,3,주말저녁,0,28,6.43
6688,의학,4,29,케이블,16,94.1,3,주말저녁,0,45,13.14
6689,로맨스,1,12,지상파,24,54.1,3,평일심야,0,28,9.9
6690,코미디,3,2,OTT,24,91.2,3,주말심야,0,22,8.33
6691,코미디,4,19,지상파,16,15.6,1,주말저녁,0,48,10.66
6692,의학,4,21,OTT,8,62.6,1,평일저녁,0,30,9.47
6693,판타지,5,14,케이블,24,69.0,1,주말저녁,1,38,7.71
6694,코미디,1,29,지상파,8,37.4,1,주말저녁,0,29,12.49
6695,판타지,3,21,지상파,16,98.4,3,주말심야,0,44,8.75
6696,코미디,4,1,OTT,16,98.3,3,주말저녁,0,29,10.15
6697,판타지,5,13,지상파,12,35.6,4,주말저녁,1,27,9.73
6698,로맨스,3,15,지상파,16,69.7,2,주말저녁,0,34,13.22
6699,로맨스,5,24,케이블,20,96.5,3,평일저녁,0,27,10.0
6700,로맨스,1,11,지상파,16,92.6,3,주말저녁,1,33,9.62
6701,로맨스,3,17,지상파,20,38.1,1,평일저녁,0,49,11.29
6702,의학,1,5,케이블,16,56.6,4,주말심야,0,24,11.29
6703,로맨스,2,7,지상파,8,70.8,4,평일저녁,0,33,12.57
6704,판타지,5,26,케이블,16,91.5,3,평일저녁,0,36,9.34
6705,의학,5,27,지상파,20,49.1,3,평일저녁,0,28,10.67
6706,코미디,2,22,지상파,8,42.8,2,평일저녁,0,46,10.8
6707,스릴러,4,15,지상파,12,25.3,3,평일저녁,0,24,10.89
6708,코미디,4,30,OTT,20,65.6,2,주말심야,0,32,8.16
6709,로맨스,5,17,지상파,8,74.4,2,주말심야,0,27,10.41
6710,사극,2,20,케이블,16,9.4,3,주말저녁,0,49,10.76
6711,로맨스,5,19,지상파,12,14.6,1,평일저녁,0,48,9.21
6712,사극,2,9,케이블,12,64.7,3,주말저녁,0,50,8.6
6713,코미디,4,5,케이블,16,95.3,4,평일저녁,0,33,8.56
6714,법정,2,18,지상파,24,74.7,3,평일심야,0,26,9.37
6715,법정,5,7,OTT,12,95.7,1,주말심야,0,23,6.43
6716,사극,3,27,지상파,12,65.7,4,평일저녁,0,41,13.05
6717,코미디,1,21,지상파,16,63.6,3,평일심야,0,28,13.09
6718,스릴러,1,8,지상파,20,96.3,3,주말저녁,0,27,12.68
6719,법정,1,5,지상파,16,53.4,2,평일심야,0,50,9.13
6720,코미디,2,29,지상파,16,51.3,4,평일저녁,1,40,10.68
6721,코미디,2,6,케이블,16,11.8,3,주말저녁,0,35,8.94
6722,코미디,3,17,지상파,24,98.7,1,주말심야,0,24,11.05
6723,스릴러,1,1,케이블,8,5.4,4,평일저녁,0,23,10.46
6724,스릴러,5,21,지상파,8,57.8,1,주말저녁,0,27,10.78
6725,판타지,4,4,지상파,16,59.7,3,평일심야,0,40,7.69
6726,코미디,1,23,지상파,20,37.9,2,평일저녁,0,33,10.85
6727,로맨스,1,0,지상파,8,58.4,2,주말저녁,0,20,12.42
6728,법정,2,28,지상파,16,8.3,2,평일저녁,0,45,9.93
6729,코미디,1,12,지상파,16,40.4,1,평일심야,0,40,10.57
6730,판타지,5,1,케이블,16,9.1,3,평일심야,0,45,5.77
6731,로맨스,1,6,OTT,12,50.6,3,평일저녁,0,32,9.97
6732,사극,2,14,케이블,8,31.8,2,평일저녁,0,27,11.51
6733,의학,3,26,케이블,32,58.2,2,주말심야,0,48,10.24
6734,법정,2,21,OTT,16,37.5,3,주말심야,0,45,10.19
6735,의학,5,25,OTT,16,99.5,2,평일저녁,0,26,9.83
6736,로맨스,2,3,지상파,16,60.9,2,주말저녁,0,22,10.54
6737,코미디,2,14,케이블,16,77.0,2,평일심야,0,40,9.03
6738,판타지,5,0,지상파,16,31.4,3,평일저녁,0,41,5.73
6739,로맨스,3,14,지상파,12,5.1,3,주말심야,0,43,8.92
6740,판타지,3,30,지상파,16,85.6,4,주말저녁,0,46,11.39
6741,코미디,5,11,지상파,8,53.3,1,주말저녁,0,21,10.52
6742,코미디,2,4,케이블,12,8.8,2,주말저녁,0,31,7.79
6743,의학,2,5,지상파,16,74.7,4,주말심야,0,32,10.55
6744,코미디,4,16,케이블,16,61.4,4,주말심야,0,30,11.03
6745,로맨스,2,10,지상파,16,34.3,4,주말저녁,0,24,13.56
6746,판타지,1,30,지상파,16,92.3,1,주말저녁,0,29,13.6
6747,의학,1,20,지상파,16,15.8,2,주말심야,0,47,8.95
6748,법정,2,23,지상파,12,74.9,3,주말심야,0,39,8.84
6749,로맨스,4,17,지상파,24,78.8,3,평일저녁,0,47,7.46
6750,사극,5,28,지상파,24,83.1,4,주말저녁,0,24,10.78
6751,의학,5,7,케이블,16,22.6,4,주말저녁,0,23,8.51
6752,의학,1,28,지상파,20,74.8,1,주말저녁,0,20,15.18
6753,스릴러,5,27,케이블,12,34.5,1,평일저녁,0,20,8.97
6754,코미디,4,17,지상파,24,40.7,1,주말심야,0,48,7.03
6755,로맨스,2,3,케이블,16,90.5,3,평일저녁,0,22,10.94
6756,로맨스,5,22,OTT,16,15.4,1,평일저녁,0,46,8.47
6757,코미디,4,16,지상파,8,53.9,4,주말저녁,1,33,11.27
6758,법정,1,7,지상파,16,18.0,4,평일저녁,1,22,8.97
6759,로맨스,5,1,지상파,16,57.4,2,평일저녁,0,28,11.29
6760,의학,2,23,지상파,20,12.7,2,주말저녁,0,35,10.76
6761,법정,2,23,케이블,16,43.8,1,평일저녁,0,29,10.72
6762,의학,5,29,지상파,12,91.7,1,평일저녁,0,22,13.04
6763,의학,2,26,케이블,20,34.4,1,평일심야,0,46,7.48
6764,법정,1,29,케이블,16,71.6,1,주말저녁,0,32,13.31
6765,판타지,2,16,지상파,16,53.5,2,주말저녁,0,45,9.94
6766,의학,2,18,케이블,24,22.9,4,주말저녁,0,36,13.86
6767,법정,5,14,지상파,16,78.6,2,평일심야,0,49,7.15
6768,판타지,2,30,지상파,24,65.1,4,주말저녁,1,30,11.48
6769,스릴러,5,22,지상파,24,99.8,3,주말심야,0,46,9.96
6770,스릴러,2,4,케이블,16,96.5,3,평일저녁,0,24,9.76
6771,스릴러,3,0,OTT,16,13.2,4,주말저녁,1,29,8.54
6772,의학,3,27,케이블,16,79.4,1,평일저녁,0,30,9.4
6773,코미디,5,2,지상파,12,40.4,4,평일저녁,0,48,9.24
6774,사극,5,2,지상파,16,60.9,1,평일저녁,0,23,12.89
6775,로맨스,4,26,케이블,16,55.3,4,평일저녁,0,26,9.86
6776,법정,4,26,지상파,16,66.2,2,주말저녁,0,41,9.98
6777,스릴러,2,2,케이블,16,23.5,3,평일저녁,0,29,10.12
6778,의학,2,0,지상파,16,58.6,2,평일저녁,0,40,11.47
6779,로맨스,4,13,지상파,12,12.8,1,주말저녁,0,41,11.31
6780,코미디,5,26,케이블,8,38.4,4,평일저녁,0,28,8.51
6781,법정,4,0,케이블,16,7.8,1,주말저녁,0,33,6.72
6782,의학,3,5,케이블,24,9.2,2,평일심야,0,37,6.24
6783,의학,4,19,케이블,24,80.7,2,평일심야,0,28,7.01
6784,스릴러,5,11,지상파,20,15.4,2,주말심야,0,24,7.76
6785,판타지,3,15,지상파,24,15.7,1,주말저녁,0,37,10.02
6786,스릴러,2,8,지상파,16,59.1,2,주말저녁,1,29,8.4
6787,의학,4,13,지상파,20,41.7,4,주말저녁,0,45,11.64
6788,코미디,1,30,케이블,16,40.1,1,평일저녁,0,49,12.06
6789,코미디,4,30,지상파,16,53.7,2,평일저녁,0,50,6.26
6790,코미디,2,30,케이블,8,96.2,3,주말저녁,0,36,11.04
6791,코미디,5,11,지상파,12,54.7,1,주말저녁,1,32,10.94
6792,사극,4,24,케이블,32,46.5,3,주말저녁,0,20,9.62
6793,스릴러,3,2,지상파,16,66.8,4,평일심야,0,20,6.69
6794,스릴러,4,23,지상파,8,99.6,4,주말저녁,0,41,13.96
6795,사극,3,6,지상파,16,18.2,4,주말저녁,0,45,15.98
6796,사극,3,11,OTT,20,64.1,4,평일저녁,0,30,8.18
6797,의학,1,16,케이블,16,43.9,4,주말저녁,0,38,13.27
6798,법정,5,5,지상파,16,52.3,1,평일저녁,0,25,11.64
6799,사극,5,26,케이블,16,80.3,3,평일심야,0,20,6.36
6800,로맨스,1,30,지상파,32,5.2,3,주말심야,1,30,7.51
6801,로맨스,3,2,지상파,12,31.0,2,평일저녁,0,27,9.39
6802,사극,4,13,지상파,16,31.1,4,평일저녁,1,25,10.58
6803,로맨스,4,24,케이블,20,31.1,3,평일저녁,0,28,9.89
6804,의학,3,9,케이블,24,87.8,2,주말심야,0,32,10.99
6805,판타지,1,0,지상파,20,15.0,2,평일저녁,0,21,11.05
6806,사극,2,22,OTT,24,46.5,2,주말심야,0,33,11.25
6807,사극,3,12,OTT,12,57.4,3,평일저녁,0,39,6.55
6808,판타지,4,13,지상파,20,76.9,2,평일심야,1,43,8.43
6809,로맨스,5,12,지상파,12,99.4,1,평일저녁,1,20,9.99
6810,의학,2,17,지상파,16,23.7,1,평일저녁,0,23,8.38
6811,코미디,2,7,케이블,16,5.4,3,평일저녁,0,21,12.19
6812,로맨스,4,4,케이블,16,9.6,1,주말심야,0,46,7.15
6813,로맨스,1,30,지상파,16,96.9,1,평일저녁,0,48,12.1
6814,의학,2,19,케이블,8,61.2,3,평일저녁,0,27,12.36
6815,코미디,5,2,케이블,16,13.6,1,주말저녁,0,23,5.21
6816,로맨스,4,10,지상파,16,39.2,2,주말심야,0,41,10.99
6817,코미디,3,30,지상파,24,39.9,4,주말저녁,1,20,11.13
6818,법정,1,14,케이블,8,98.4,2,주말저녁,0,37,12.81
6819,법정,3,5,OTT,20,74.6,3,주말저녁,0,43,11.94
6820,법정,4,26,지상파,20,93.3,4,평일심야,1,25,7.39
6821,로맨스,1,12,지상파,20,93.6,4,주말저녁,0,32,9.66
6822,판타지,1,26,OTT,8,54.4,3,평일저녁,0,20,10.97
6823,코미디,5,13,케이블,24,40.3,2,평일저녁,0,21,5.3
6824,의학,1,22,지상파,16,28.8,3,주말심야,0,26,11.17
6825,판타지,2,24,지상파,24,74.4,1,주말저녁,0,50,13.46
6826,법정,2,20,OTT,16,89.5,2,평일저녁,0,21,7.72
6827,로맨스,1,17,지상파,16,13.7,3,평일저녁,0,21,9.63
6828,의학,1,6,지상파,12,35.0,3,평일저녁,0,38,13.91
6829,의학,2,1,지상파,16,56.0,4,평일심야,0,50,7.11
6830,의학,1,8,케이블,16,76.6,3,주말저녁,0,38,9.77
6831,사극,5,26,케이블,16,94.1,1,주말저녁,0,26,9.44
6832,코미디,2,19,케이블,24,43.3,2,평일저녁,0,30,5.79
6833,로맨스,1,17,케이블,20,84.1,1,평일저녁,0,40,12.69
6834,법정,2,0,지상파,24,60.0,2,평일심야,1,28,8.82
6835,로맨스,4,28,케이블,16,92.8,4,평일저녁,1,40,8.48
6836,사극,2,24,OTT,16,97.5,4,주말저녁,0,37,11.33
6837,로맨스,5,13,케이블,16,45.6,4,평일저녁,1,27,7.32
6838,판타지,4,12,지상파,16,77.5,3,평일심야,1,41,5.23
6839,코미디,4,28,지상파,8,34.9,3,주말저녁,0,46,14.51
6840,의학,3,27,OTT,20,28.8,1,주말저녁,0,20,11.14
6841,법정,3,21,케이블,16,38.3,3,평일저녁,1,26,9.6
6842,사극,2,16,케이블,16,86.7,4,주말저녁,1,20,11.67
6843,법정,3,17,지상파,24,82.0,3,주말저녁,0,46,10.59
6844,코미디,5,3,지상파,24,11.7,2,주말심야,0,26,4.78
6845,법정,5,5,지상파,16,50.6,3,평일저녁,0,37,11.11
6846,판타지,5,9,지상파,20,39.9,2,평일저녁,0,20,6.84
6847,로맨스,5,8,지상파,24,78.1,3,평일저녁,0,49,10.49
6848,사극,1,7,케이블,16,70.8,4,주말저녁,0,29,11.68
6849,의학,4,16,지상파,20,40.8,2,주말저녁,0,46,9.57
6850,판타지,1,1,지상파,12,44.1,4,주말저녁,0,49,13.72
6851,사극,3,11,지상파,16,81.3,2,평일저녁,0,28,12.35
6852,법정,5,2,케이블,12,24.1,4,주말저녁,1,42,6.69
6853,코미디,1,14,OTT,16,30.7,3,평일저녁,0,28,4.95
6854,의학,5,21,케이블,12,78.9,3,주말저녁,0,31,12.76
6855,의학,4,7,지상파,8,65.5,3,주말저녁,0,36,10.17
6856,법정,2,23,OTT,16,61.1,3,평일저녁,0,33,7.37
6857,스릴러,3,24,케이블,20,85.0,2,평일저녁,0,46,9.9
6858,의학,3,25,지상파,20,77.1,1,주말심야,0,40,10.54
6859,스릴러,3,13,케이블,24,61.2,1,평일심야,0,31,6.34
6860,의학,1,3,지상파,12,93.4,2,평일심야,0,35,8.63
6861,사극,1,27,지상파,16,28.5,1,평일심야,1,31,11.38
6862,사극,1,15,지상파,16,65.1,1,평일저녁,0,41,11.38
6863,스릴러,2,5,지상파,24,80.2,2,주말저녁,0,22,10.85
6864,로맨스,3,21,케이블,12,71.0,1,평일저녁,0,22,9.6
6865,의학,1,9,OTT,12,21.8,2,평일심야,0,35,9.35
6866,법정,4,0,케이블,20,77.1,1,평일저녁,0,22,7.92
6867,의학,5,29,케이블,8,57.2,4,평일저녁,0,35,10.76
6868,의학,2,30,지상파,16,26.8,4,주말저녁,0,30,16.0
6869,로맨스,4,27,케이블,24,7.9,4,평일심야,0,36,5.06
6870,판타지,5,8,지상파,16,68.0,1,평일저녁,0,39,8.19
6871,사극,5,20,OTT,16,59.1,3,평일심야,1,45,6.93
6872,법정,2,21,지상파,16,88.6,4,주말심야,0,44,11.03
6873,로맨스,5,2,지상파,12,93.0,4,평일저녁,1,50,11.36
6874,법정,3,24,케이블,20,9.4,3,평일심야,0,38,7.73
6875,판타지,1,8,지상파,16,11.2,2,평일저녁,0,26,12.17
6876,스릴러,4,0,지상파,16,89.5,1,평일저녁,0,36,11.07
6877,코미디,3,22,지상파,20,20.8,3,평일저녁,0,38,9.69
6878,로맨스,5,13,케이블,24,94.3,1,평일심야,0,20,7.69
6879,판타지,2,23,지상파,16,33.2,4,주말저녁,1,38,11.55
6880,사극,3,5,지상파,20,15.7,4,주말저녁,0,40,11.39
6881,코미디,2,4,케이블,24,10.9,4,주말저녁,0,26,5.85
6882,판타지,5,13,케이블,20,34.9,4,주말저녁,1,38,6.76
6883,의학,3,16,케이블,12,13.2,4,평일심야,0,32,4.86
6884,의학,4,6,케이블,16,25.4,4,평일저녁,0,49,9.34
6885,스릴러,2,26,케이블,8,43.4,2,평일심야,0,28,9.09
6886,의학,5,18,OTT,16,18.0,3,평일저녁,0,50,6.97
6887,법정,1,5,지상파,16,78.9,1,주말저녁,1,34,12.76
6888,로맨스,5,8,지상파,16,58.8,1,주말저녁,0,39,10.24
6889,스릴러,5,0,케이블,24,57.4,4,평일저녁,0,20,9.31
6890,법정,1,18,케이블,24,61.6,2,주말심야,0,39,8.78
6891,판타지,3,26,OTT,32,85.0,2,평일저녁,0,24,8.7
6892,로맨스,2,8,케이블,16,62.0,3,평일심야,0,50,5.4
6893,로맨스,3,10,지상파,16,10.3,3,주말저녁,0,35,10.58
6894,코미디,3,15,케이블,24,79.2,1,평일심야,0,29,9.41
6895,판타지,1,5,케이블,32,29.6,2,주말심야,1,46,7.65
6896,코미디,5,17,OTT,16,14.6,4,주말저녁,0,40,8.19
6897,코미디,2,29,지상파,16,92.0,1,주말저녁,0,49,14.9
6898,로맨스,2,23,지상파,20,61.4,1,평일저녁,0,20,11.34
6899,스릴러,4,19,OTT,8,63.2,3,주말저녁,0,47,8.67
6900,코미디,2,27,케이블,32,71.8,2,주말저녁,0,33,10.03
6901,로맨스,2,3,OTT,16,37.3,1,주말저녁,1,40,9.48
6902,판타지,5,22,OTT,16,79.4,1,평일저녁,0,30,8.45
6903,판타지,5,17,케이블,8,84.7,1,주말저녁,0,21,11.09
6904,의학,1,22,케이블,20,68.7,1,주말저녁,0,35,14.16
6905,의학,5,2,케이블,12,67.9,1,평일저녁,0,46,5.67
6906,로맨스,4,22,지상파,8,95.7,4,주말저녁,0,28,13.59
6907,로맨스,3,4,지상파,16,10.0,4,주말저녁,0,38,9.2
6908,로맨스,2,3,OTT,16,67.6,4,평일저녁,0,25,12.96
6909,로맨스,3,15,지상파,12,99.5,3,평일저녁,0,43,10.16
6910,판타지,2,10,지상파,24,31.8,1,평일저녁,0,38,8.11
6911,사극,4,19,지상파,24,69.1,2,평일심야,0,39,7.24
6912,판타지,4,25,케이블,16,28.4,2,평일심야,0,30,5.0
6913,법정,5,16,지상파,12,53.8,4,주말저녁,0,31,8.51
6914,코미디,3,12,케이블,16,45.0,2,평일저녁,0,29,9.13
6915,사극,4,16,케이블,20,99.1,4,평일저녁,0,42,11.5
6916,사극,1,19,지상파,12,42.5,3,평일저녁,0,35,12.98
6917,스릴러,2,14,케이블,12,19.4,3,평일저녁,1,34,8.02
6918,판타지,5,3,지상파,20,28.5,2,평일저녁,1,43,6.41
6919,스릴러,3,12,지상파,16,35.6,1,평일저녁,0,27,11.55
6920,법정,5,30,케이블,12,50.8,4,주말저녁,0,40,10.78
6921,스릴러,2,21,케이블,32,60.2,4,평일심야,0,38,7.85
6922,의학,4,12,케이블,16,71.8,1,평일저녁,0,28,6.58
6923,사극,4,17,지상파,24,86.1,1,평일심야,0,28,11.32
6924,사극,2,22,케이블,24,58.6,4,주말심야,0,32,9.3
6925,사극,3,15,지상파,16,60.0,1,평일저녁,0,23,14.28
6926,코미디,2,28,케이블,16,55.0,3,평일심야,0,37,10.47
6927,판타지,2,26,케이블,16,78.6,3,평일저녁,0,36,10.88
6928,법정,5,26,지상파,32,38.6,4,평일심야,0,24,8.04
6929,사극,3,24,지상파,24,79.3,1,주말저녁,0,47,13.13
6930,법정,4,18,지상파,16,38.2,1,평일심야,0,20,9.4
6931,의학,2,29,지상파,24,58.6,4,주말저녁,0,38,11.13
6932,코미디,3,16,케이블,16,51.4,4,주말저녁,0,46,11.22
6933,판타지,2,25,케이블,20,85.4,1,평일저녁,0,25,10.98
6934,로맨스,2,19,케이블,16,56.4,3,주말심야,0,38,7.79
6935,로맨스,3,27,지상파,20,52.4,1,평일심야,0,29,11.17
6936,의학,3,17,지상파,20,13.7,2,주말저녁,1,27,10.13
6937,법정,5,24,케이블,12,9.1,3,평일심야,0,32,9.03
6938,코미디,3,6,지상파,12,20.9,2,평일저녁,0,24,12.19
6939,사극,2,7,케이블,12,44.0,2,평일저녁,1,37,10.14
6940,사극,3,9,지상파,16,38.5,2,평일심야,1,43,10.98
6941,로맨스,4,12,케이블,24,65.6,1,평일심야,1,39,8.85
6942,판타지,1,4,케이블,32,45.1,2,평일심야,0,25,6.5
6943,의학,3,12,지상파,8,93.0,1,주말저녁,1,44,13.62
6944,코미디,3,17,지상파,20,20.4,3,주말저녁,0,22,10.62
6945,법정,2,12,지상파,32,64.3,1,평일심야,0,24,10.31
6946,스릴러,5,16,OTT,12,48.3,3,주말심야,0,26,4.5
6947,사극,4,4,케이블,16,59.3,4,평일심야,0,31,7.96
6948,로맨스,1,24,OTT,12,43.1,2,평일저녁,0,21,12.43
6949,판타지,5,5,지상파,16,22.0,2,평일저녁,0,42,7.58
6950,법정,5,16,지상파,20,36.0,1,평일저녁,0,37,10.57
6951,로맨스,2,27,지상파,20,76.9,1,주말저녁,0,31,12.82
6952,코미디,3,8,OTT,16,8.3,1,주말저녁,0,50,8.43
6953,사극,1,19,지상파,24,50.5,2,주말저녁,0,40,15.19
6954,로맨스,3,12,지상파,32,15.2,1,평일심야,0,28,8.67
6955,로맨스,4,17,지상파,32,31.7,2,평일저녁,0,22,10.87
6956,판타지,3,15,OTT,16,49.4,3,주말저녁,0,43,8.78
6957,법정,3,17,지상파,8,9.5,3,주말저녁,0,38,12.28
6958,스릴러,1,4,케이블,12,47.4,3,평일저녁,1,25,7.27
6959,법정,5,8,케이블,20,32.4,2,평일저녁,0,46,7.25
6960,사극,2,3,지상파,16,32.9,1,평일심야,0,30,10.42
6961,의학,3,30,OTT,8,13.8,2,평일심야,0,35,6.03
6962,코미디,4,3,케이블,32,14.8,4,주말심야,1,36,4.52
6963,코미디,2,13,케이블,20,7.9,3,평일저녁,0,31,7.56
6964,판타지,2,20,지상파,24,38.1,4,평일저녁,0,29,10.94
6965,의학,3,18,지상파,20,14.2,4,평일저녁,0,44,13.84
6966,스릴러,2,27,OTT,16,61.2,4,평일저녁,0,27,6.21
6967,로맨스,5,21,지상파,20,87.4,4,평일저녁,1,26,10.03
6968,스릴러,2,24,지상파,12,41.8,3,주말저녁,0,47,15.61
6969,사극,2,21,케이블,32,32.8,2,주말저녁,0,21,11.6
6970,판타지,3,7,지상파,12,72.0,1,평일심야,1,45,9.46
6971,판타지,3,24,케이블,20,94.2,2,주말심야,0,48,8.97
6972,의학,5,15,케이블,16,70.4,2,평일저녁,0,48,5.57
6973,법정,3,23,지상파,32,96.9,4,평일저녁,1,25,8.55
6974,법정,4,24,케이블,16,78.9,1,평일저녁,0,43,5.12
6975,로맨스,3,8,지상파,16,17.0,4,평일심야,0,41,9.12
6976,판타지,5,21,케이블,12,49.5,1,주말심야,1,40,8.22
6977,사극,5,30,지상파,24,21.9,4,주말심야,0,21,6.37
6978,법정,5,9,지상파,12,20.5,2,평일저녁,0,24,6.49
6979,판타지,4,1,지상파,16,21.7,1,평일저녁,1,32,7.46
6980,법정,3,20,지상파,12,92.3,1,평일저녁,0,26,11.86
6981,코미디,5,27,지상파,20,66.3,4,주말심야,0,48,9.74
6982,의학,4,7,케이블,16,22.4,4,평일심야,0,39,5.22
6983,법정,4,15,케이블,16,31.3,1,평일저녁,1,46,7.77
6984,사극,1,7,케이블,32,51.5,1,주말저녁,1,35,9.56
6985,사극,5,18,지상파,24,35.8,3,평일저녁,0,25,11.17
6986,사극,3,8,지상파,16,43.9,1,평일저녁,1,21,9.56
6987,법정,2,14,지상파,12,11.6,1,평일저녁,0,21,13.64
6988,스릴러,2,13,지상파,32,55.0,3,평일심야,0,23,8.48
6989,사극,4,14,OTT,12,59.4,3,주말저녁,0,38,10.52
6990,의학,1,24,케이블,24,42.5,4,평일저녁,0,34,10.31
6991,코미디,3,21,케이블,16,31.4,4,평일심야,1,20,5.27
6992,사극,2,17,케이블,12,76.6,2,평일저녁,0,30,11.74
6993,코미디,3,30,케이블,16,38.6,2,평일저녁,0,33,7.7
6994,스릴러,2,16,지상파,12,98.9,3,주말저녁,1,42,10.4
6995,스릴러,2,20,케이블,16,56.9,2,평일저녁,0,29,11.76
6996,코미디,2,5,지상파,16,23.9,4,평일저녁,0,39,9.27
6997,사극,2,25,지상파,8,57.0,2,평일저녁,1,22,12.42
6998,코미디,5,27,케이블,16,84.1,4,평일저녁,0,33,6.09
6999,판타지,1,2,케이블,16,89.4,3,주말저녁,0,35,9.31
7000,의학,1,15,지상파,16,73.3,3,평일심야,0,27,12.49
7001,의학,3,14,OTT,12,71.3,2,주말심야,0,31,9.94
7002,의학,4,5,OTT,8,35.0,4,평일저녁,0,25,10.1
7003,의학,5,27,OTT,16,21.8,3,평일저녁,0,27,8.68
7004,로맨스,1,8,지상파,16,98.7,4,주말저녁,1,49,13.53
7005,판타지,4,1,케이블,20,25.9,2,주말저녁,0,44,10.08
7006,스릴러,2,16,케이블,12,80.6,4,평일심야,0,44,10.04
7007,코미디,4,12,OTT,24,11.7,2,평일저녁,0,39,9.27
7008,스릴러,2,2,지상파,8,24.9,3,평일저녁,1,38,6.98
7009,스릴러,2,14,케이블,16,40.3,1,평일심야,0,31,7.41
7010,로맨스,2,1,케이블,16,51.7,2,평일심야,0,42,7.41
7011,법정,4,17,OTT,16,28.1,4,주말심야,0,38,6.25
7012,판타지,3,9,케이블,20,71.7,1,평일저녁,0,46,4.37
7013,스릴러,5,13,OTT,8,57.8,2,주말저녁,0,29,6.69
7014,스릴러,1,20,케이블,24,46.2,2,평일심야,0,40,9.91
7015,스릴러,3,13,OTT,20,65.1,1,평일저녁,0,41,6.67
7016,스릴러,2,21,OTT,16,93.1,2,평일심야,0,46,9.6
7017,코미디,3,29,지상파,16,28.5,3,평일저녁,0,39,11.68
7018,법정,2,0,지상파,24,16.2,2,주말저녁,0,29,10.28
7019,스릴러,2,8,지상파,20,9.6,4,평일심야,0,29,7.17
7020,로맨스,3,2,지상파,12,82.2,2,평일심야,0,26,11.83
7021,의학,2,24,케이블,24,78.0,4,평일저녁,0,23,10.93
7022,스릴러,2,9,케이블,12,19.6,3,평일심야,0,48,7.19
7023,스릴러,1,6,케이블,24,47.9,1,평일심야,0,40,8.62
7024,코미디,3,30,케이블,8,11.9,2,평일저녁,0,28,9.27
7025,사극,5,3,OTT,20,50.3,3,평일저녁,0,48,5.96
7026,사극,2,29,지상파,16,34.9,1,평일저녁,0,40,12.47
7027,스릴러,1,17,케이블,24,23.7,3,주말저녁,0,36,11.87
7028,법정,3,20,지상파,12,60.5,1,평일심야,1,40,7.98
7029,코미디,3,3,케이블,16,20.9,1,평일저녁,0,45,7.98
7030,의학,1,3,지상파,32,99.4,4,평일저녁,1,32,10.3
7031,사극,3,12,지상파,16,94.2,4,평일저녁,0,23,13.21
7032,로맨스,5,20,케이블,16,61.7,4,평일저녁,0,39,7.65
7033,사극,3,18,케이블,16,90.6,2,주말저녁,0,37,10.7
7034,법정,5,20,케이블,24,34.6,4,주말저녁,0,49,9.17
7035,법정,2,18,지상파,16,48.3,2,평일저녁,1,30,12.1
7036,판타지,1,24,지상파,16,52.5,4,평일저녁,0,35,11.66
7037,사극,5,15,지상파,16,50.6,1,평일저녁,0,50,9.83
7038,로맨스,2,22,케이블,24,49.6,3,주말저녁,0,48,13.18
7039,로맨스,2,21,케이블,16,9.3,4,주말저녁,1,48,7.51
7040,스릴러,5,3,케이블,24,43.7,3,주말저녁,0,48,6.48
7041,판타지,1,6,지상파,8,55.2,3,평일저녁,0,29,10.92
7042,사극,4,8,지상파,16,79.8,1,주말저녁,0,50,14.35
7043,법정,4,21,지상파,24,13.2,3,주말심야,0,21,8.5
7044,로맨스,5,26,케이블,24,13.4,3,주말심야,0,21,6.22
7045,법정,5,4,지상파,8,15.1,2,평일저녁,0,35,10.62
7046,로맨스,2,1,지상파,16,34.4,1,평일저녁,1,24,11.67
7047,사극,2,14,지상파,16,23.5,2,주말심야,0,29,11.55
7048,로맨스,2,30,케이블,8,5.7,4,평일저녁,0,21,12.14
7049,법정,4,23,케이블,20,58.0,3,평일저녁,0,48,8.72
7050,법정,4,12,지상파,20,20.1,2,주말심야,1,40,9.93
7051,법정,5,24,지상파,20,33.6,4,평일저녁,0,21,9.84
7052,스릴러,1,18,케이블,16,75.4,4,주말심야,0,33,9.83
7053,코미디,4,1,케이블,20,11.6,1,평일저녁,0,25,4.6
7054,사극,1,8,OTT,32,72.3,4,주말저녁,0,42,12.33
7055,판타지,1,6,지상파,16,94.1,1,주말저녁,0,39,11.39
7056,코미디,5,14,케이블,20,84.5,4,주말저녁,0,44,7.91
7057,법정,2,10,케이블,24,46.7,1,평일저녁,1,39,6.33
7058,판타지,5,23,케이블,24,53.8,3,평일심야,0,31,5.97
7059,로맨스,2,14,OTT,16,20.8,3,주말저녁,0,21,11.0
7060,스릴러,4,19,지상파,12,41.3,2,평일저녁,0,25,7.31
7061,로맨스,5,6,OTT,20,71.3,2,평일저녁,0,35,8.56
7062,스릴러,2,14,케이블,20,40.8,3,평일저녁,0,31,8.75
7063,코미디,2,12,케이블,16,25.3,1,평일저녁,0,39,10.02
7064,로맨스,3,4,지상파,20,53.9,4,평일저녁,1,21,12.09
7065,사극,1,17,지상파,8,72.9,2,평일심야,0,37,9.78
7066,코미디,4,14,지상파,24,60.1,2,평일심야,0,42,6.68
7067,코미디,1,9,케이블,16,30.2,3,평일저녁,0,21,9.06
7068,법정,4,9,케이블,24,7.3,1,평일저녁,0,37,7.88
7069,사극,5,29,케이블,24,14.4,4,평일저녁,0,42,9.64
7070,사극,3,20,케이블,24,94.5,3,주말심야,0,28,7.36
7071,법정,2,23,케이블,8,33.8,4,주말저녁,0,33,11.69
7072,법정,2,11,지상파,16,75.7,2,주말저녁,0,32,11.2
7073,판타지,1,6,케이블,16,90.1,2,평일심야,0,41,8.03
7074,법정,1,7,OTT,12,93.3,3,주말저녁,0,43,11.54
7075,법정,5,0,지상파,16,47.1,2,주말저녁,1,24,10.55
7076,사극,3,8,OTT,20,76.3,3,평일심야,0,46,8.92
7077,코미디,4,29,OTT,16,13.3,2,평일저녁,0,40,7.05
7078,법정,3,14,OTT,12,99.6,2,평일저녁,1,44,10.3
7079,사극,5,17,케이블,12,65.9,4,주말저녁,0,37,8.75
7080,법정,3,0,지상파,20,41.3,4,평일저녁,0,32,11.28
7081,판타지,2,12,케이블,24,53.8,2,주말심야,0,42,7.67
7082,로맨스,2,0,지상파,16,14.0,1,주말저녁,0,48,10.47
7083,로맨스,3,14,케이블,8,71.7,4,평일심야,0,35,7.94
7084,사극,5,2,케이블,16,50.7,1,평일저녁,1,35,7.15
7085,판타지,3,7,케이블,20,8.9,3,주말저녁,0,36,6.86
7086,의학,3,21,지상파,16,54.4,1,평일저녁,0,24,10.56
7087,판타지,1,27,케이블,32,14.7,3,평일저녁,0,32,6.9
7088,사극,3,13,지상파,12,76.5,2,평일저녁,0,20,11.54
7089,로맨스,4,4,지상파,16,16.7,3,주말저녁,0,31,10.54
7090,판타지,5,24,지상파,16,47.7,4,주말저녁,0,24,10.09
7091,코미디,4,23,지상파,24,92.6,4,평일저녁,0,50,12.62
7092,법정,3,23,지상파,12,17.6,4,평일저녁,0,42,12.36
7093,코미디,5,19,케이블,20,95.9,1,평일심야,0,37,7.1
7094,로맨스,2,22,지상파,16,35.2,4,평일심야,1,41,9.12
7095,사극,3,4,OTT,20,27.7,3,평일저녁,0,37,9.83
7096,스릴러,1,16,OTT,24,58.0,2,주말저녁,0,42,8.76
7097,의학,5,28,지상파,12,57.6,4,평일심야,0,47,8.44
7098,로맨스,5,4,케이블,24,73.2,4,주말심야,0,28,5.43
7099,사극,1,22,OTT,12,31.5,2,주말심야,0,42,12.77
7100,사극,3,20,케이블,16,63.7,1,평일저녁,0,28,11.76
7101,의학,5,9,지상파,20,55.1,4,평일저녁,0,47,9.62
7102,스릴러,3,20,케이블,12,6.5,2,평일저녁,0,39,9.26
7103,코미디,5,24,지상파,8,63.2,1,주말저녁,1,31,8.47
7104,스릴러,2,25,지상파,16,61.3,2,주말저녁,0,27,12.34
7105,법정,4,27,케이블,12,12.2,2,평일저녁,0,31,10.85
7106,스릴러,5,26,지상파,16,59.5,1,평일심야,0,28,13.2
7107,스릴러,5,23,케이블,24,66.7,1,평일저녁,1,21,7.72
7108,스릴러,1,17,케이블,24,61.0,3,평일심야,0,25,3.71
7109,스릴러,4,9,지상파,20,88.0,1,평일저녁,0,28,11.8
7110,사극,4,12,OTT,16,77.6,3,평일저녁,1,30,7.26
7111,코미디,3,0,케이블,16,42.5,1,주말저녁,0,35,9.73
7112,판타지,5,16,지상파,12,45.6,2,평일심야,0,38,6.98
7113,코미디,2,26,지상파,16,9.5,3,평일저녁,0,23,9.0
7114,코미디,4,15,OTT,24,44.6,4,주말심야,0,28,6.72
7115,판타지,4,4,지상파,16,87.1,4,평일심야,0,26,11.34
7116,판타지,1,12,케이블,12,22.6,3,평일저녁,0,36,11.21
7117,판타지,2,19,지상파,16,38.4,4,평일저녁,0,36,9.67
7118,코미디,3,29,케이블,24,82.0,3,평일저녁,0,48,7.84
7119,의학,5,8,케이블,24,7.3,4,주말저녁,0,32,10.74
7120,스릴러,4,30,지상파,16,37.2,1,주말저녁,0,43,14.33
7121,스릴러,2,25,OTT,16,61.8,4,평일저녁,0,32,7.59
7122,판타지,4,26,케이블,16,87.2,1,주말저녁,0,27,12.27
7123,로맨스,4,3,케이블,12,71.4,4,주말심야,1,30,7.66
7124,스릴러,4,16,케이블,12,99.2,2,주말저녁,1,42,9.26
7125,스릴러,4,21,지상파,16,16.9,1,주말심야,1,26,6.73
7126,로맨스,4,14,케이블,24,81.0,1,평일저녁,1,20,7.54
7127,스릴러,3,20,케이블,16,54.5,1,주말저녁,0,50,10.35
7128,의학,2,15,케이블,16,65.2,3,평일심야,0,28,9.87
7129,로맨스,4,19,지상파,32,16.9,1,평일저녁,0,49,8.6
7130,사극,2,27,케이블,16,8.7,1,주말저녁,0,20,11.98
7131,법정,1,17,케이블,24,84.8,3,주말저녁,0,20,8.43
7132,법정,5,30,케이블,20,27.7,1,평일저녁,1,33,8.88
7133,사극,2,6,지상파,8,99.3,2,주말저녁,0,44,11.8
7134,의학,5,26,OTT,32,59.8,1,평일저녁,0,25,8.69
7135,의학,2,6,지상파,16,79.9,3,평일저녁,0,33,12.98
7136,법정,2,8,케이블,20,17.6,1,주말저녁,0,44,9.28
7137,코미디,2,6,OTT,16,38.8,1,주말심야,0,36,8.11
7138,코미디,5,8,OTT,20,60.3,4,주말저녁,0,50,8.0
7139,의학,2,6,케이블,16,99.3,4,주말저녁,1,29,10.58
7140,코미디,2,22,OTT,8,44.6,1,주말저녁,0,28,9.01
7141,법정,4,11,지상파,16,8.3,4,주말저녁,0,41,10.75
7142,스릴러,1,12,지상파,20,69.3,1,평일심야,1,43,8.58
7143,법정,1,6,케이블,8,29.9,1,주말심야,0,41,9.49
7144,코미디,2,24,케이블,12,97.5,3,주말저녁,0,43,12.06
7145,코미디,2,9,지상파,8,59.5,2,평일저녁,0,33,10.2
7146,스릴러,5,24,OTT,16,81.2,4,평일저녁,0,33,9.13
7147,사극,1,25,지상파,24,36.8,3,평일심야,0,41,13.44
7148,의학,2,1,지상파,20,77.8,3,평일심야,0,47,10.81
7149,판타지,5,17,OTT,8,87.6,2,주말심야,1,40,6.75
7150,코미디,4,27,지상파,16,28.2,4,주말저녁,0,46,13.12
7151,스릴러,3,12,케이블,8,51.9,2,평일심야,1,28,7.91
7152,판타지,1,19,케이블,8,15.5,2,평일심야,0,31,8.72
7153,판타지,1,8,OTT,16,45.6,3,평일저녁,0,23,8.74
7154,판타지,3,20,지상파,16,67.3,1,평일저녁,0,22,9.29
7155,판타지,3,12,지상파,24,51.0,3,주말저녁,0,48,7.87
7156,법정,5,29,지상파,8,84.6,1,주말저녁,0,47,12.48
7157,판타지,4,2,지상파,8,80.7,4,평일저녁,0,31,11.79
7158,스릴러,4,2,지상파,24,43.4,3,평일저녁,0,21,8.26
7159,법정,1,30,지상파,16,96.2,3,주말저녁,0,26,12.8
7160,법정,4,26,지상파,20,15.2,1,평일저녁,0,45,11.55
7161,법정,2,2,지상파,32,96.2,3,평일심야,0,39,7.92
7162,로맨스,5,9,지상파,8,72.2,4,평일저녁,0,26,10.32
7163,스릴러,2,21,지상파,12,85.1,3,평일저녁,0,45,10.1
7164,사극,3,11,케이블,8,71.9,1,평일심야,0,29,9.83
7165,판타지,4,15,케이블,16,72.1,1,평일저녁,0,50,10.16
7166,로맨스,5,7,케이블,12,54.7,3,평일심야,0,32,2.98
7167,스릴러,3,6,지상파,12,77.8,4,평일심야,0,35,8.12
7168,의학,3,17,지상파,24,17.7,4,주말심야,0,20,9.97
7169,판타지,3,0,케이블,16,75.0,3,주말저녁,0,30,9.57
7170,로맨스,3,16,지상파,24,59.2,1,평일저녁,0,42,14.29
7171,스릴러,5,23,케이블,32,36.3,3,주말저녁,0,22,5.39
7172,판타지,3,6,케이블,16,66.8,1,평일심야,0,36,7.16
7173,판타지,4,0,케이블,32,40.4,3,주말저녁,0,21,7.89
7174,스릴러,4,29,케이블,20,18.7,3,평일심야,0,40,6.88
7175,판타지,1,29,OTT,20,32.3,2,주말심야,0,31,10.16
7176,의학,2,20,지상파,24,40.5,4,주말저녁,0,24,13.13
7177,판타지,5,9,지상파,8,55.7,2,평일저녁,0,26,8.18
7178,코미디,4,23,지상파,20,12.4,4,주말심야,0,24,9.42
7179,스릴러,5,25,지상파,24,90.4,3,주말저녁,0,35,10.16
7180,코미디,1,11,케이블,16,13.5,1,평일심야,0,48,5.97
7181,법정,2,13,OTT,12,64.3,1,평일저녁,0,33,10.88
7182,로맨스,2,8,지상파,16,86.0,2,주말저녁,0,42,12.09
7183,스릴러,1,21,지상파,24,34.6,1,주말심야,0,37,10.24
7184,의학,3,21,케이블,12,28.8,2,평일심야,0,21,4.69
7185,사극,2,15,지상파,16,98.2,1,평일저녁,0,33,14.46
7186,스릴러,5,26,케이블,24,11.1,3,평일심야,0,42,6.73
7187,로맨스,4,14,케이블,24,52.4,2,주말저녁,0,36,10.76
7188,법정,5,21,OTT,24,39.7,2,평일저녁,0,34,9.63
7189,사극,4,29,케이블,16,52.3,3,주말저녁,0,39,9.1
7190,법정,2,6,케이블,20,74.3,1,주말저녁,0,28,12.41
7191,의학,1,26,지상파,12,79.6,3,주말저녁,0,28,15.95
7192,법정,3,13,케이블,16,16.6,4,평일심야,0,30,5.8
7193,스릴러,2,9,OTT,12,25.4,1,주말저녁,0,27,9.67
7194,의학,5,24,지상파,8,63.3,4,주말저녁,0,25,9.83
7195,법정,3,4,지상파,20,92.4,3,주말저녁,1,44,10.79
7196,코미디,3,9,지상파,16,84.6,1,평일저녁,0,32,12.48
7197,의학,4,27,케이블,16,94.3,2,주말저녁,0,45,9.32
7198,스릴러,1,11,케이블,24,23.4,3,평일저녁,0,37,9.61
7199,판타지,4,0,케이블,12,31.1,3,평일저녁,0,20,7.47
7200,코미디,2,22,지상파,12,98.5,4,평일저녁,0,30,11.72
7201,스릴러,2,15,OTT,12,43.9,2,평일저녁,1,31,9.12
7202,판타지,3,2,OTT,16,23.9,2,평일심야,0,27,6.28
7203,사극,1,7,지상파,12,47.7,4,주말저녁,0,42,15.64
7204,스릴러,5,2,케이블,16,55.0,1,주말저녁,0,39,8.1
7205,사극,1,3,케이블,8,89.6,1,주말저녁,0,20,14.72
7206,로맨스,5,21,지상파,16,83.7,2,평일저녁,0,46,9.74
7207,의학,2,23,케이블,16,17.9,2,주말심야,0,29,10.22
7208,로맨스,5,20,지상파,24,55.1,4,평일저녁,1,28,9.68
7209,로맨스,2,9,케이블,16,56.3,3,평일저녁,1,46,9.06
7210,코미디,4,24,지상파,8,42.5,4,평일저녁,0,20,9.59
7211,사극,1,26,지상파,12,35.8,2,평일심야,0,35,11.13
7212,사극,5,9,지상파,8,83.3,4,평일심야,0,30,9.02
7213,판타지,1,26,지상파,16,17.6,1,평일저녁,0,41,9.45
7214,법정,4,27,지상파,16,97.4,4,평일저녁,0,43,12.7
7215,법정,4,5,케이블,32,76.8,4,평일심야,0,26,4.53
7216,스릴러,5,23,케이블,12,94.3,1,평일심야,1,50,4.7
7217,스릴러,5,7,지상파,20,53.6,3,주말저녁,1,42,5.91
7218,법정,2,4,지상파,16,28.5,1,평일심야,0,29,7.44
7219,판타지,3,13,OTT,16,80.5,1,주말심야,0,39,7.92
7220,스릴러,1,7,지상파,8,53.4,1,주말저녁,0,27,11.08
7221,코미디,2,17,지상파,16,58.7,1,평일심야,0,46,5.92
7222,코미디,5,25,지상파,20,48.0,4,평일저녁,0,26,6.27
7223,사극,4,12,지상파,32,87.3,2,주말심야,0,45,8.62
7224,사극,1,0,지상파,32,97.9,1,평일저녁,0,39,12.29
7225,코미디,2,2,OTT,12,95.3,3,평일심야,1,25,6.87
7226,판타지,2,6,지상파,16,24.0,1,주말심야,0,41,11.46
7227,판타지,1,1,OTT,12,72.3,1,주말저녁,0,37,10.01
7228,사극,5,3,지상파,8,49.4,3,평일심야,0,45,8.76
7229,코미디,2,3,지상파,16,6.4,4,평일저녁,0,39,12.85
7230,의학,2,30,케이블,16,49.6,3,평일저녁,0,46,9.95
7231,판타지,4,18,케이블,16,50.3,1,평일심야,0,24,6.8
7232,사극,1,6,케이블,16,6.9,1,주말저녁,0,46,9.45
7233,사극,2,3,케이블,16,67.2,4,주말저녁,0,37,12.57
7234,판타지,4,7,케이블,16,60.5,3,평일심야,0,20,3.85
7235,법정,3,1,지상파,12,58.4,3,평일심야,0,32,5.45
7236,스릴러,5,16,지상파,12,5.9,2,평일심야,0,24,6.16
7237,사극,4,22,OTT,32,35.1,2,주말저녁,0,50,10.26
7238,스릴러,4,27,지상파,8,22.2,2,평일심야,0,34,6.73
7239,의학,1,27,지상파,16,9.0,4,주말저녁,0,41,13.47
7240,코미디,1,18,지상파,12,12.3,2,평일저녁,0,35,10.51
7241,로맨스,2,6,지상파,8,8.0,4,주말저녁,0,37,10.51
7242,사극,4,23,지상파,12,27.8,3,평일심야,0,43,9.8
7243,스릴러,2,27,지상파,24,27.4,1,평일저녁,1,49,10.26
7244,사극,5,9,지상파,16,87.8,4,주말저녁,0,46,11.54
7245,스릴러,5,18,케이블,20,64.4,4,주말저녁,0,35,9.85
7246,코미디,4,13,OTT,24,31.9,3,주말저녁,0,30,5.19
7247,사극,4,5,케이블,16,30.7,1,평일심야,0,33,7.52
7248,법정,2,3,OTT,16,22.1,4,평일심야,0,47,5.91
7249,의학,3,12,케이블,24,20.1,3,평일심야,0,44,4.52
7250,판타지,3,9,지상파,16,58.1,3,평일저녁,0,46,10.76
7251,로맨스,5,1,지상파,16,28.0,2,주말심야,0,35,6.99
7252,로맨스,2,20,지상파,16,46.2,1,평일저녁,0,21,13.17
7253,법정,3,5,케이블,20,29.9,3,주말저녁,0,24,11.0
7254,코미디,1,19,지상파,16,44.1,4,평일저녁,1,46,13.33
7255,사극,3,5,지상파,24,81.8,4,평일심야,0,42,8.73
7256,사극,1,6,지상파,12,76.1,1,주말저녁,0,45,14.1
7257,로맨스,5,0,OTT,24,60.5,3,평일저녁,0,48,4.42
7258,코미디,2,4,케이블,16,74.6,4,주말저녁,0,50,11.0
7259,스릴러,4,21,지상파,32,74.3,4,주말저녁,1,48,8.56
7260,판타지,2,11,지상파,16,75.3,1,평일저녁,1,34,9.97
7261,코미디,2,19,지상파,24,17.2,1,평일저녁,0,20,11.03
7262,판타지,3,1,케이블,24,34.7,4,평일저녁,0,37,7.23
7263,법정,2,4,케이블,20,91.6,1,평일저녁,0,28,7.97
7264,법정,1,5,OTT,12,94.7,4,주말저녁,0,30,8.35
7265,판타지,1,12,케이블,32,48.5,1,평일심야,0,26,7.3
7266,사극,3,21,지상파,16,50.9,2,평일저녁,0,48,15.34
7267,법정,1,15,케이블,20,57.9,1,평일심야,0,29,6.94
7268,판타지,4,1,케이블,20,98.2,4,평일심야,0,30,7.54
7269,법정,1,26,OTT,24,76.7,4,주말저녁,0,22,12.97
7270,스릴러,3,1,OTT,24,57.9,3,주말저녁,0,40,4.68
7271,의학,2,13,케이블,12,80.3,2,평일심야,0,28,9.07
7272,사극,4,15,케이블,16,85.5,1,주말심야,0,26,7.36
7273,로맨스,2,29,OTT,8,77.6,4,평일저녁,0,40,9.84
7274,사극,2,15,지상파,16,56.3,4,주말저녁,0,34,14.31
7275,사극,1,25,케이블,16,23.7,3,평일심야,1,38,8.74
7276,코미디,2,28,케이블,16,81.2,3,주말저녁,0,28,12.7
7277,사극,2,3,OTT,16,36.6,4,평일저녁,0,42,9.08
7278,사극,3,17,케이블,8,26.9,2,평일심야,0,24,7.99
7279,사극,5,24,지상파,12,8.7,1,평일심야,0,21,8.38
7280,사극,5,0,케이블,24,11.5,1,주말저녁,0,37,6.23
7281,판타지,3,16,지상파,20,38.5,4,주말저녁,0,41,11.41
7282,의학,3,2,OTT,8,50.5,1,평일심야,1,22,5.43
7283,로맨스,4,13,지상파,24,53.6,4,평일저녁,0,34,7.74
7284,의학,1,29,지상파,16,36.2,2,주말저녁,1,37,13.9
7285,판타지,3,28,지상파,8,17.8,1,주말저녁,0,43,12.3
7286,판타지,1,0,OTT,20,85.0,4,평일저녁,0,35,8.5
7287,로맨스,3,29,케이블,16,71.3,4,주말심야,0,32,10.63
7288,사극,2,9,OTT,24,60.7,4,평일심야,1,42,6.79
7289,코미디,4,19,OTT,24,7.5,2,평일심야,0,48,2.89
7290,로맨스,2,5,케이블,20,45.7,3,평일저녁,0,40,11.91
7291,스릴러,3,18,지상파,8,34.1,1,주말저녁,0,49,13.12
7292,판타지,4,4,지상파,16,42.7,2,평일저녁,1,34,10.26
7293,법정,3,21,지상파,24,37.4,3,주말저녁,0,36,7.79
7294,사극,4,7,케이블,20,37.4,2,평일저녁,0,27,7.69
7295,사극,2,18,지상파,12,24.4,1,주말저녁,0,21,13.19
7296,법정,2,25,지상파,24,97.4,4,주말저녁,0,44,10.81
7297,사극,3,9,케이블,16,88.2,1,평일심야,0,43,7.13
7298,법정,2,27,케이블,12,7.6,2,주말저녁,0,30,12.22
7299,로맨스,1,4,지상파,12,59.1,1,주말심야,0,36,10.69
7300,판타지,1,0,케이블,8,26.0,4,평일심야,0,36,6.26
7301,의학,4,7,OTT,16,85.8,1,평일저녁,1,30,10.82
7302,판타지,3,22,케이블,12,97.9,2,평일심야,0,25,5.99
7303,판타지,2,18,지상파,24,72.1,1,평일저녁,0,25,12.4
7304,법정,4,21,케이블,20,39.2,3,주말저녁,1,40,8.34
7305,사극,3,21,지상파,16,23.3,1,평일저녁,0,30,12.87
7306,판타지,1,9,지상파,24,32.1,3,주말저녁,0,33,11.03
7307,법정,3,17,지상파,16,86.9,3,주말심야,1,46,10.77
7308,판타지,3,6,케이블,20,32.9,4,평일저녁,1,47,9.37
7309,법정,2,5,지상파,24,29.6,4,주말저녁,0,42,9.71
7310,판타지,2,16,케이블,24,77.3,3,평일저녁,0,48,9.39
7311,판타지,1,29,지상파,12,32.5,2,평일저녁,1,41,11.53
7312,로맨스,4,24,지상파,20,31.2,3,주말저녁,0,31,9.63
7313,스릴러,4,9,OTT,16,64.4,1,주말저녁,0,28,7.79
7314,법정,3,1,지상파,24,66.4,4,주말저녁,1,38,11.6
7315,법정,2,8,케이블,16,58.9,2,평일심야,0,47,6.62
7316,판타지,5,20,지상파,16,12.6,4,주말저녁,0,27,11.49
7317,사극,5,5,케이블,20,38.3,4,평일심야,1,22,5.73
7318,법정,1,30,지상파,12,99.9,1,평일저녁,0,43,10.29
7319,법정,1,14,케이블,16,93.2,3,평일심야,0,27,9.24
7320,로맨스,3,12,지상파,20,93.5,4,평일저녁,0,44,13.57
7321,코미디,1,27,지상파,24,60.1,1,주말저녁,0,45,13.4
7322,코미디,3,0,지상파,32,7.7,3,평일저녁,0,31,7.79
7323,법정,1,29,케이블,12,65.0,1,주말저녁,0,21,13.51
7324,의학,3,6,OTT,16,47.3,1,평일저녁,0,40,9.65
7325,판타지,2,17,케이블,8,49.8,3,주말저녁,0,21,9.95
7326,코미디,3,8,OTT,16,82.7,2,평일저녁,0,23,12.07
7327,의학,1,8,OTT,24,91.4,4,평일저녁,0,39,11.01
7328,스릴러,5,9,지상파,8,71.1,1,평일저녁,0,47,10.36
7329,판타지,1,28,케이블,24,79.0,3,평일저녁,0,26,10.68
7330,법정,3,16,지상파,20,50.0,4,평일심야,0,28,8.06
7331,판타지,2,10,지상파,16,67.4,2,평일심야,0,40,9.44
7332,법정,5,2,케이블,20,73.1,2,주말저녁,0,22,7.57
7333,법정,5,10,케이블,8,15.5,1,평일저녁,0,39,9.0
7334,의학,4,28,지상파,16,85.9,1,주말저녁,1,38,11.69
7335,사극,2,16,지상파,24,79.1,4,평일저녁,1,20,10.61
7336,법정,1,30,케이블,20,82.0,3,주말저녁,0,23,10.64
7337,코미디,1,26,OTT,20,87.9,3,평일저녁,0,34,12.07
7338,판타지,3,23,OTT,16,65.2,2,평일저녁,0,36,4.84
7339,스릴러,1,30,케이블,24,7.1,2,평일심야,0,20,9.18
7340,법정,5,24,지상파,12,73.7,2,평일저녁,1,40,11.22
7341,판타지,3,14,지상파,20,80.6,1,주말저녁,0,29,12.3
7342,판타지,4,14,케이블,20,44.3,2,주말심야,0,41,6.3
7343,스릴러,5,12,케이블,24,83.5,3,평일저녁,0,49,5.9
7344,스릴러,3,28,OTT,20,12.2,1,평일저녁,0,23,10.48
7345,코미디,5,8,지상파,16,14.3,2,평일저녁,0,37,10.18
7346,법정,5,2,케이블,16,75.1,1,평일저녁,0,49,7.66
7347,코미디,2,12,지상파,12,44.7,3,평일저녁,0,34,6.1
7348,사극,3,18,케이블,16,23.4,1,평일저녁,0,23,5.49
7349,사극,5,28,케이블,16,14.2,1,주말저녁,0,43,9.7
7350,의학,3,28,케이블,32,7.0,1,평일심야,0,21,4.88
7351,의학,3,17,지상파,16,65.0,4,평일심야,0,25,11.4
7352,사극,5,10,OTT,16,75.8,4,주말저녁,0,37,7.82
7353,판타지,3,1,지상파,12,32.6,2,평일저녁,0,28,10.81
7354,법정,5,1,케이블,8,95.6,4,평일저녁,1,44,8.07
7355,코미디,2,12,지상파,8,31.3,1,평일심야,0,30,7.47
7356,코미디,1,6,지상파,16,40.8,4,주말저녁,0,42,10.3
7357,사극,4,28,케이블,16,33.4,4,평일저녁,0,48,8.41
7358,스릴러,3,7,지상파,20,57.1,1,평일저녁,0,37,8.59
7359,의학,4,16,케이블,16,5.8,4,주말저녁,0,29,8.03
7360,판타지,3,2,케이블,16,14.9,3,평일심야,0,41,6.86
7361,의학,3,13,케이블,32,42.0,4,평일저녁,0,21,9.6
7362,판타지,2,6,케이블,8,43.6,3,평일심야,1,20,8.52
7363,사극,1,8,지상파,16,68.2,2,주말저녁,0,21,12.64
7364,사극,2,1,지상파,24,29.5,4,주말저녁,0,33,14.29
7365,로맨스,2,14,지상파,20,50.2,3,평일심야,0,38,11.11
7366,코미디,5,24,케이블,16,53.8,4,주말저녁,0,20,9.45
7367,로맨스,5,3,지상파,16,64.9,1,평일저녁,0,27,12.6
7368,코미디,5,9,케이블,24,64.4,3,주말저녁,0,34,9.15
7369,로맨스,3,14,지상파,16,54.9,3,주말저녁,0,38,9.75
7370,코미디,1,4,지상파,20,59.3,3,평일저녁,1,25,11.17
7371,판타지,5,25,케이블,12,80.4,2,주말저녁,1,44,8.6
7372,로맨스,2,16,지상파,16,94.0,1,평일심야,0,30,9.68
7373,법정,2,26,케이블,8,33.7,2,주말저녁,1,50,9.97
7374,법정,4,30,케이블,16,10.2,3,평일저녁,0,43,8.59
7375,로맨스,5,26,지상파,12,17.0,1,주말저녁,0,27,13.31
7376,스릴러,2,8,지상파,12,47.1,4,평일저녁,0,23,10.3
7377,판타지,3,15,케이블,20,72.5,4,주말저녁,0,48,8.4
7378,법정,1,10,케이블,12,34.4,4,평일저녁,0,20,11.53
7379,법정,1,15,케이블,20,16.7,1,주말저녁,0,39,9.53
7380,코미디,2,2,케이블,20,99.4,2,평일심야,0,22,9.68
7381,로맨스,2,14,지상파,24,16.6,2,평일심야,0,47,9.39
7382,스릴러,2,20,지상파,24,90.6,4,평일저녁,0,26,11.59
7383,코미디,2,12,케이블,16,95.7,1,주말저녁,0,23,11.15
7384,코미디,4,27,지상파,16,29.1,1,평일심야,1,50,9.52
7385,법정,1,2,케이블,20,80.3,4,평일심야,0,29,11.58
7386,법정,5,14,케이블,8,75.5,2,평일심야,0,35,6.33
7387,법정,1,5,지상파,32,36.8,2,주말저녁,0,37,11.33
7388,스릴러,5,12,케이블,16,30.7,2,주말저녁,0,36,6.23
7389,법정,4,23,OTT,16,48.1,4,주말심야,0,41,8.41
7390,의학,4,11,케이블,16,30.7,1,평일저녁,0,24,8.3
7391,사극,2,0,케이블,16,57.9,1,평일심야,0,25,8.11
7392,판타지,5,24,케이블,24,8.8,2,평일심야,1,29,3.31
7393,사극,3,27,지상파,20,25.5,3,평일심야,0,44,11.58
7394,스릴러,5,22,케이블,16,72.5,4,평일저녁,0,26,7.28
7395,판타지,3,23,지상파,16,53.8,3,평일저녁,0,27,12.64
7396,로맨스,5,5,OTT,8,62.7,2,주말저녁,0,45,10.8
7397,코미디,2,13,케이블,12,86.7,4,주말저녁,0,41,9.01
7398,로맨스,4,1,지상파,20,25.8,1,주말저녁,0,33,8.11
7399,사극,5,0,지상파,12,59.1,4,주말심야,0,26,10.97
7400,판타지,3,1,케이블,12,99.5,4,평일저녁,0,30,6.82
7401,로맨스,2,12,OTT,20,21.2,4,주말심야,1,46,9.61
7402,의학,3,4,지상파,16,11.9,3,주말심야,1,43,6.07
7403,로맨스,2,2,지상파,8,77.7,4,주말저녁,0,27,12.73
7404,판타지,5,9,케이블,20,33.4,1,주말저녁,0,20,7.9
7405,코미디,1,30,OTT,20,59.7,4,주말저녁,0,42,12.78
7406,법정,2,3,케이블,12,12.8,2,평일심야,1,26,6.41
7407,의학,5,9,지상파,16,72.2,1,주말저녁,0,46,10.86
7408,로맨스,2,23,지상파,12,62.8,2,평일심야,0,43,10.42
7409,사극,4,15,OTT,16,19.8,4,주말저녁,0,22,8.9
7410,스릴러,1,5,케이블,20,28.5,4,주말저녁,1,33,7.47
7411,로맨스,2,18,케이블,12,31.9,3,주말저녁,0,26,12.85
7412,의학,5,21,지상파,16,29.3,1,주말저녁,0,48,9.14
7413,의학,2,4,지상파,8,13.3,2,평일저녁,0,39,7.2
7414,법정,5,12,OTT,16,75.4,2,주말저녁,0,27,8.85
7415,스릴러,2,20,OTT,24,92.4,1,주말심야,0,25,9.17
7416,판타지,1,27,OTT,16,54.4,2,평일심야,0,44,9.32
7417,의학,4,6,케이블,16,71.0,2,주말저녁,0,47,8.79
7418,코미디,1,15,케이블,24,63.8,3,평일저녁,0,41,12.53
7419,코미디,3,12,지상파,8,68.1,1,평일심야,0,42,8.07
7420,스릴러,2,3,케이블,12,73.2,1,주말저녁,0,32,11.81
7421,로맨스,5,16,지상파,24,51.7,1,평일저녁,0,39,7.28
7422,판타지,1,4,지상파,12,17.8,1,주말심야,0,44,8.1
7423,판타지,4,20,OTT,20,89.7,2,주말저녁,0,35,8.4
7424,스릴러,1,5,지상파,16,93.7,2,평일심야,0,25,11.12
7425,의학,1,20,지상파,12,14.3,3,평일심야,0,42,12.4
7426,스릴러,3,17,지상파,16,15.3,1,주말심야,0,31,11.99
7427,판타지,2,24,지상파,24,97.9,3,주말저녁,0,39,13.44
7428,코미디,2,7,OTT,16,47.4,2,평일심야,1,36,4.29
7429,법정,2,7,OTT,16,8.5,3,평일저녁,0,22,11.39
7430,스릴러,3,1,OTT,24,79.6,3,주말저녁,0,45,10.69
7431,의학,2,0,케이블,12,68.5,3,평일저녁,0,35,10.07
7432,판타지,5,5,지상파,16,85.8,1,주말저녁,0,41,12.29
7433,코미디,4,3,OTT,12,91.4,2,주말저녁,0,31,8.61
7434,판타지,4,2,지상파,16,33.2,3,주말저녁,0,40,8.11
7435,로맨스,1,3,지상파,20,39.2,3,평일저녁,0,38,12.69
7436,법정,2,13,지상파,16,26.6,2,평일저녁,0,48,11.11
7437,코미디,1,1,지상파,12,71.6,3,주말저녁,0,34,10.9
7438,판타지,1,20,케이블,12,69.1,4,평일심야,0,36,8.26
7439,스릴러,4,7,지상파,20,33.8,4,주말저녁,0,30,8.11
7440,스릴러,3,6,케이블,24,97.4,1,평일저녁,0,48,7.74
7441,의학,3,26,케이블,12,6.7,3,주말저녁,0,25,8.69
7442,사극,3,2,케이블,20,93.7,4,주말저녁,0,27,12.91
7443,스릴러,1,15,지상파,16,50.7,1,평일저녁,0,23,13.16
7444,법정,4,16,OTT,16,79.1,1,평일저녁,0,28,11.13
7445,판타지,3,14,지상파,24,96.6,1,평일심야,0,41,10.41
7446,로맨스,2,0,지상파,12,46.1,1,평일저녁,0,47,10.33
7447,스릴러,3,14,지상파,16,51.7,1,주말저녁,0,38,12.39
7448,코미디,2,1,OTT,16,13.1,2,평일저녁,0,27,6.69
7449,코미디,4,11,케이블,12,21.2,2,평일저녁,0,42,7.61
7450,판타지,4,15,케이블,32,59.7,2,평일저녁,0,39,9.78
7451,스릴러,1,2,OTT,16,36.1,2,평일심야,0,22,6.55
7452,의학,1,16,OTT,24,14.9,3,평일심야,1,39,6.77
7453,사극,3,21,케이블,16,44.5,3,주말저녁,0,32,14.42
7454,의학,1,2,케이블,16,41.7,4,평일저녁,1,23,10.22
7455,코미디,5,16,지상파,20,5.4,3,평일심야,0,45,4.32
7456,코미디,4,11,케이블,20,67.3,1,평일저녁,0,23,8.29
7457,판타지,5,19,OTT,16,15.1,2,주말저녁,0,30,4.91
7458,의학,3,2,케이블,24,73.4,1,평일심야,0,43,5.72
7459,판타지,5,22,케이블,16,33.5,3,주말저녁,0,26,9.13
7460,의학,2,10,지상파,16,77.0,2,주말심야,0,32,8.18
7461,코미디,3,25,지상파,16,9.9,3,평일심야,0,23,9.34
7462,판타지,4,24,OTT,16,40.7,2,평일저녁,1,23,7.53
7463,의학,1,18,지상파,20,29.7,2,평일심야,0,45,10.28
7464,의학,5,19,지상파,12,10.8,3,평일저녁,1,20,10.98
7465,사극,2,9,케이블,12,32.8,2,주말저녁,1,37,9.05
7466,코미디,2,3,케이블,32,84.8,3,평일저녁,0,28,8.07
7467,스릴러,3,13,케이블,24,90.1,4,평일저녁,0,24,8.25
7468,로맨스,2,4,지상파,8,89.2,3,주말저녁,0,22,12.33
7469,스릴러,2,13,지상파,12,85.8,3,주말심야,0,49,11.83
7470,코미디,5,2,지상파,12,54.3,1,주말심야,0,43,9.31
7471,법정,2,26,케이블,16,75.5,4,주말심야,1,32,10.91
7472,의학,1,24,지상파,24,60.9,3,평일저녁,0,28,12.66
7473,로맨스,4,20,OTT,20,14.4,4,평일저녁,0,49,7.45
7474,법정,3,8,케이블,12,39.0,3,평일저녁,0,43,8.33
7475,사극,5,9,지상파,16,31.2,2,주말저녁,0,40,8.94
7476,사극,4,15,OTT,16,34.6,3,평일저녁,0,20,7.7
7477,스릴러,5,1,지상파,24,75.4,3,평일저녁,0,29,9.53
7478,로맨스,3,15,지상파,20,27.4,2,주말저녁,0,40,11.03
7479,사극,3,7,케이블,16,70.0,4,주말저녁,0,25,9.76
7480,판타지,2,28,OTT,12,35.1,2,주말심야,0,33,11.24
7481,코미디,4,17,OTT,12,89.6,4,주말심야,0,42,8.64
7482,의학,3,25,지상파,16,38.1,4,평일저녁,0,25,10.57
7483,판타지,5,7,지상파,16,13.5,3,평일저녁,0,23,7.71
7484,코미디,3,6,케이블,12,8.5,1,평일저녁,0,44,6.17
7485,로맨스,4,6,지상파,24,52.4,2,평일저녁,0,26,10.8
7486,로맨스,2,15,케이블,20,48.8,1,주말저녁,0,36,12.52
7487,스릴러,3,0,OTT,16,61.3,3,주말심야,1,21,9.72
7488,의학,5,21,지상파,16,64.5,2,주말저녁,0,46,11.51
7489,로맨스,1,30,OTT,16,94.1,3,평일저녁,0,43,12.97
7490,코미디,5,6,지상파,24,74.9,4,주말저녁,0,45,9.95
7491,판타지,2,28,지상파,16,8.0,3,평일저녁,0,29,10.49
7492,사극,3,18,지상파,12,91.0,3,주말저녁,0,30,12.96
7493,로맨스,5,15,케이블,12,12.0,2,주말저녁,0,49,4.83
7494,코미디,4,7,케이블,24,94.6,4,평일심야,0,42,6.87
7495,코미디,2,13,케이블,8,76.8,3,평일저녁,0,24,7.45
7496,사극,3,26,지상파,8,92.7,4,평일저녁,0,26,16.03
7497,로맨스,5,22,지상파,20,11.9,4,평일심야,1,26,6.49
7498,판타지,5,18,지상파,12,87.9,1,평일심야,0,26,9.16
7499,스릴러,2,4,OTT,24,49.5,1,주말심야,0,47,8.31
7500,법정,5,28,지상파,16,24.1,3,주말저녁,1,46,8.24
7501,법정,4,21,OTT,12,27.8,4,주말심야,0,34,8.0
7502,판타지,1,0,OTT,20,96.0,1,주말심야,0,24,6.28
7503,코미디,5,13,케이블,16,52.0,4,주말저녁,1,21,7.15
7504,코미디,4,3,케이블,32,15.1,1,주말저녁,0,35,6.4
7505,스릴러,2,11,지상파,16,23.6,2,주말저녁,0,30,7.57
7506,의학,4,24,지상파,32,76.6,4,평일저녁,0,24,12.39
7507,코미디,1,21,케이블,20,6.4,3,평일저녁,0,25,10.58
7508,의학,4,17,지상파,16,17.1,4,평일저녁,0,21,11.04
7509,판타지,2,25,OTT,16,98.1,3,평일저녁,0,37,11.06
7510,코미디,4,13,OTT,16,98.2,3,주말저녁,0,26,8.89
7511,의학,3,27,OTT,8,31.6,4,평일저녁,0,39,8.44
7512,사극,4,12,케이블,24,50.2,4,평일저녁,0,24,6.67
7513,스릴러,1,4,지상파,12,66.4,4,평일심야,0,26,10.66
7514,코미디,5,30,OTT,16,94.8,3,평일저녁,0,47,6.95
7515,스릴러,2,16,지상파,16,39.1,1,평일저녁,0,32,9.94
7516,법정,5,9,지상파,24,50.9,3,평일심야,0,36,10.01
7517,사극,2,25,OTT,16,97.2,2,주말저녁,0,36,9.11
7518,판타지,5,13,케이블,8,21.1,2,평일저녁,0,25,6.36
7519,로맨스,3,24,지상파,16,41.2,2,주말심야,0,36,9.74
7520,법정,2,13,OTT,32,29.8,1,평일저녁,0,45,9.72
7521,판타지,5,22,지상파,16,19.5,3,평일저녁,0,46,10.29
7522,사극,5,11,케이블,16,92.5,4,평일저녁,0,42,8.28
7523,의학,1,27,케이블,16,29.4,2,주말저녁,0,31,10.81
7524,의학,5,0,지상파,12,82.3,2,주말저녁,0,48,11.48
7525,로맨스,5,9,케이블,12,53.0,4,주말심야,0,21,6.39
7526,사극,2,25,지상파,12,98.7,2,주말저녁,0,23,14.34
7527,사극,3,0,케이블,16,31.5,1,주말저녁,0,23,9.51
7528,판타지,3,12,OTT,16,55.3,4,평일저녁,0,44,7.67
7529,로맨스,2,3,OTT,20,26.9,1,주말저녁,0,30,8.25
7530,사극,3,15,OTT,12,97.5,1,평일저녁,0,22,9.29
7531,판타지,4,0,지상파,16,94.1,1,평일심야,0,48,10.75
7532,코미디,1,27,지상파,16,16.4,1,주말저녁,0,25,11.64
7533,스릴러,2,12,지상파,24,89.4,2,평일저녁,0,38,13.54
7534,사극,3,0,케이블,20,59.2,2,평일심야,0,25,7.8
7535,스릴러,1,3,지상파,16,93.7,3,평일저녁,0,39,10.76
7536,판타지,2,6,케이블,16,36.6,4,주말저녁,0,35,10.95
7537,법정,1,30,케이블,24,71.4,4,평일저녁,1,23,11.89
7538,판타지,1,12,케이블,8,58.3,2,주말저녁,1,42,13.04
7539,법정,5,30,케이블,12,79.3,3,주말저녁,0,21,8.76
7540,스릴러,4,14,OTT,16,45.0,4,주말심야,0,37,5.36
7541,코미디,1,1,지상파,16,16.0,1,주말저녁,0,33,11.41
7542,코미디,2,29,지상파,12,7.5,2,주말저녁,0,42,11.19
7543,법정,1,9,OTT,24,95.6,2,평일저녁,0,39,11.01
7544,사극,2,4,케이블,8,33.0,2,평일심야,0,41,10.09
7545,스릴러,2,2,OTT,20,100.0,4,주말저녁,1,46,9.08
7546,법정,1,28,케이블,16,27.3,4,주말저녁,0,25,14.14
7547,사극,5,25,케이블,24,38.0,3,주말저녁,0,30,9.98
7548,판타지,1,15,지상파,16,73.2,3,평일심야,0,27,9.93
7549,로맨스,3,21,지상파,24,48.7,1,주말심야,0,30,7.78
7550,로맨스,4,1,OTT,16,23.0,2,평일저녁,0,36,8.79
7551,스릴러,3,26,케이블,16,35.2,1,주말저녁,1,36,8.81
7552,스릴러,1,3,케이블,32,97.9,1,주말저녁,0,27,9.4
7553,법정,1,15,케이블,20,52.8,3,평일저녁,0,49,9.3
7554,코미디,1,28,OTT,16,79.0,2,평일저녁,0,41,11.08
7555,사극,5,23,OTT,16,11.9,2,평일저녁,0,25,9.39
7556,사극,2,19,케이블,16,48.6,2,평일저녁,0,38,8.34
7557,사극,2,3,케이블,16,10.5,3,주말심야,0,39,7.94
7558,로맨스,4,10,케이블,16,13.7,4,평일저녁,0,36,9.03
7559,법정,5,29,케이블,20,16.4,1,주말심야,1,38,6.87
7560,로맨스,5,4,지상파,16,85.8,3,평일저녁,0,23,10.82
7561,판타지,1,7,OTT,16,90.5,3,주말저녁,0,21,10.94
7562,법정,5,2,지상파,24,76.5,2,평일저녁,0,42,8.77
7563,법정,1,26,OTT,8,49.1,2,평일저녁,0,47,12.88
7564,법정,3,25,OTT,24,53.8,3,평일심야,0,45,5.67
7565,판타지,2,5,지상파,16,8.4,4,주말심야,1,46,5.94
7566,의학,4,30,케이블,16,25.2,1,주말심야,1,34,9.45
7567,사극,4,0,지상파,16,6.5,1,평일심야,0,25,6.49
7568,법정,2,29,케이블,16,12.3,3,평일저녁,1,37,9.5
7569,코미디,3,9,지상파,16,52.8,3,주말심야,0,43,8.54
7570,사극,3,18,지상파,16,41.9,1,주말저녁,0,47,13.91
7571,코미디,3,8,지상파,24,64.8,4,평일저녁,0,42,8.45
7572,로맨스,2,11,케이블,16,78.9,3,평일저녁,1,38,10.88
7573,코미디,4,6,OTT,16,43.2,2,주말저녁,0,36,7.47
7574,판타지,1,18,케이블,32,12.3,3,평일저녁,0,39,10.6
7575,판타지,1,19,OTT,16,37.0,4,평일심야,0,46,9.24
7576,로맨스,1,6,케이블,20,44.9,4,평일심야,0,42,7.84
7577,판타지,3,11,지상파,12,50.4,2,주말심야,1,41,7.45
7578,법정,1,29,지상파,16,45.4,1,주말심야,0,30,10.13
7579,법정,2,19,지상파,12,88.1,2,평일저녁,0,41,12.0
7580,로맨스,5,28,OTT,12,21.4,3,평일저녁,0,27,5.3
7581,판타지,2,6,지상파,16,34.4,2,주말저녁,0,44,12.01
7582,코미디,1,30,지상파,20,20.6,4,주말저녁,0,41,13.5
7583,로맨스,2,13,지상파,20,5.9,4,주말저녁,0,50,10.84
7584,사극,5,15,지상파,12,99.9,4,평일저녁,1,45,12.73
7585,의학,1,24,OTT,32,31.4,4,평일저녁,1,38,9.59
7586,코미디,2,6,OTT,12,36.5,1,평일심야,1,22,10.0
7587,법정,2,14,케이블,32,43.2,4,주말심야,1,36,7.11
7588,스릴러,1,11,OTT,24,75.1,4,평일저녁,0,40,11.35
7589,스릴러,4,5,OTT,16,52.3,3,평일저녁,1,48,6.71
7590,의학,4,10,OTT,16,80.7,2,주말저녁,0,33,8.01
7591,법정,3,1,케이블,8,34.4,4,주말심야,1,35,11.13
7592,로맨스,5,9,지상파,16,6.6,2,평일저녁,0,46,7.47
7593,코미디,4,25,케이블,20,72.8,2,주말저녁,0,24,8.12
7594,법정,3,1,OTT,16,41.9,2,평일저녁,0,35,10.01
7595,의학,4,10,OTT,24,15.7,2,평일저녁,0,23,8.99
7596,의학,3,15,케이블,16,67.0,4,평일심야,0,43,7.66
7597,법정,1,20,지상파,16,14.0,4,평일심야,0,50,10.47
7598,의학,3,10,지상파,16,14.1,2,주말저녁,0,36,11.01
7599,의학,1,15,지상파,20,47.0,1,평일심야,1,24,12.14
7600,로맨스,3,16,케이블,8,86.2,1,주말저녁,0,22,14.56
7601,법정,4,15,지상파,8,40.5,3,평일저녁,0,25,11.72
7602,스릴러,3,29,케이블,16,90.4,2,주말저녁,0,23,12.52
7603,코미디,2,26,지상파,16,43.4,1,주말저녁,0,35,11.9
7604,스릴러,5,21,지상파,24,70.4,3,평일저녁,0,25,8.32
7605,로맨스,3,24,지상파,16,54.7,1,주말저녁,0,41,14.25
7606,로맨스,5,4,지상파,8,77.9,2,평일저녁,0,43,8.93
7607,사극,5,25,지상파,16,74.3,4,주말저녁,0,50,13.16
7608,코미디,3,21,지상파,16,37.5,1,평일저녁,0,46,8.58
7609,로맨스,3,6,OTT,16,98.0,4,주말저녁,0,37,6.79
7610,스릴러,3,29,지상파,24,44.0,3,주말저녁,0,29,13.41
7611,법정,5,28,케이블,16,49.5,1,평일저녁,0,35,10.41
7612,로맨스,2,22,케이블,12,43.8,3,평일심야,0,42,11.24
7613,의학,4,16,케이블,20,88.2,1,평일심야,0,31,7.14
7614,의학,1,30,지상파,24,20.2,3,평일저녁,0,28,10.44
7615,스릴러,5,8,지상파,24,69.8,2,평일심야,0,43,9.23
7616,법정,3,12,지상파,32,40.2,4,주말심야,1,27,8.7
7617,법정,1,17,지상파,12,98.1,4,주말저녁,0,23,14.35
7618,사극,3,28,OTT,12,31.6,4,평일저녁,0,41,11.72
7619,스릴러,1,30,케이블,8,49.9,4,주말심야,0,34,13.9
7620,판타지,1,27,지상파,32,38.4,1,주말심야,1,47,8.74
7621,법정,1,24,OTT,24,56.3,3,주말저녁,0,50,10.7
7622,코미디,5,20,케이블,20,19.7,3,평일저녁,0,40,9.04
7623,사극,4,1,케이블,12,89.6,4,주말저녁,1,41,9.18
7624,로맨스,1,27,케이블,16,12.2,3,주말저녁,0,37,10.16
7625,의학,5,30,지상파,12,82.4,1,주말저녁,0,41,11.75
7626,의학,2,5,지상파,20,60.2,4,주말저녁,0,42,16.02
7627,법정,3,16,OTT,16,81.9,2,평일저녁,0,24,10.89
7628,로맨스,3,2,지상파,8,50.9,1,평일심야,0,27,6.86
7629,의학,5,7,OTT,20,94.1,1,평일저녁,0,39,9.15
7630,로맨스,3,5,OTT,16,61.9,2,주말저녁,0,33,10.82
7631,로맨스,3,4,지상파,16,79.4,1,평일저녁,0,26,9.86
7632,의학,1,24,지상파,20,41.6,2,평일저녁,0,42,15.98
7633,스릴러,4,8,지상파,32,69.0,4,평일저녁,0,37,9.81
7634,코미디,3,25,케이블,16,64.8,2,평일저녁,0,32,6.76
7635,의학,5,2,지상파,16,6.3,3,주말저녁,0,27,9.07
7636,코미디,2,11,지상파,16,39.2,2,평일심야,1,22,8.21
7637,법정,3,24,케이블,16,63.3,1,평일저녁,1,46,9.95
7638,사극,5,24,지상파,24,19.8,3,주말심야,0,39,7.58
7639,판타지,4,14,케이블,24,66.3,4,평일심야,0,49,6.4
7640,의학,2,6,OTT,12,69.8,2,주말저녁,0,30,11.26
7641,법정,1,6,OTT,24,45.4,1,주말저녁,0,37,9.07
7642,의학,5,1,OTT,16,65.9,3,주말저녁,1,50,7.73
7643,법정,2,19,지상파,16,37.2,2,주말저녁,0,33,10.96
7644,사극,3,15,지상파,16,27.2,1,주말저녁,0,30,13.42
7645,판타지,4,6,지상파,12,90.1,3,평일저녁,0,20,11.28
7646,스릴러,5,9,지상파,20,57.6,2,평일저녁,0,30,9.92
7647,스릴러,1,1,케이블,16,36.9,2,평일저녁,0,29,10.49
7648,코미디,1,7,지상파,32,53.4,1,주말저녁,1,21,12.38
7649,판타지,4,28,케이블,16,61.8,2,평일심야,1,43,6.26
7650,의학,5,5,지상파,16,71.8,2,주말저녁,0,31,11.25
7651,판타지,1,29,지상파,16,8.8,3,평일저녁,0,44,10.81
7652,의학,2,6,OTT,16,42.5,3,주말저녁,0,28,7.83
7653,판타지,2,22,케이블,12,7.5,1,평일저녁,1,41,7.2
7654,코미디,2,11,지상파,32,91.3,3,주말저녁,0,48,11.43
7655,스릴러,5,16,케이블,16,60.3,4,주말저녁,0,26,8.86
7656,사극,3,22,OTT,20,19.4,4,주말심야,0,32,8.59
7657,법정,4,27,지상파,12,39.4,4,주말심야,1,34,9.49
7658,법정,4,17,케이블,20,5.5,1,주말심야,0,26,7.77
7659,의학,1,15,지상파,8,72.4,1,주말저녁,1,40,12.69
7660,사극,4,0,지상파,20,12.9,2,평일저녁,1,46,9.49
7661,법정,4,14,지상파,8,84.6,3,평일저녁,0,30,9.79
7662,로맨스,4,21,케이블,16,11.9,2,주말심야,0,38,7.57
7663,스릴러,1,2,OTT,12,32.3,2,주말저녁,0,50,8.75
7664,판타지,2,1,지상파,20,52.0,1,주말저녁,0,37,9.05
7665,의학,1,26,케이블,16,29.0,1,평일심야,0,21,8.74
7666,사극,3,18,케이블,12,47.5,1,평일저녁,0,33,8.23
7667,판타지,2,14,지상파,16,73.9,1,평일심야,0,22,10.22
7668,판타지,3,11,케이블,20,79.0,2,평일심야,0,41,8.53
7669,로맨스,3,0,케이블,24,84.0,1,평일저녁,1,37,8.21
7670,코미디,3,5,케이블,24,85.4,1,주말심야,0,21,7.32
7671,법정,2,28,케이블,16,98.6,1,평일심야,0,26,10.16
7672,의학,2,13,케이블,16,33.4,2,평일저녁,0,49,10.37
7673,사극,3,5,지상파,16,25.2,3,주말저녁,0,21,12.81
7674,의학,3,18,지상파,16,95.9,3,주말저녁,0,22,11.71
7675,스릴러,4,5,지상파,16,46.0,3,주말심야,0,37,5.12
7676,의학,3,9,케이블,24,56.0,2,평일저녁,1,39,6.7
7677,코미디,4,12,케이블,16,93.3,1,평일심야,0,45,8.77
7678,코미디,2,23,OTT,24,43.8,2,주말저녁,0,50,9.89
7679,판타지,4,1,지상파,16,60.9,2,평일저녁,0,36,9.58
7680,사극,3,6,케이블,16,45.3,4,주말심야,1,27,8.83
7681,스릴러,4,20,지상파,20,67.8,4,평일저녁,0,24,11.23
7682,의학,4,16,케이블,20,98.2,4,주말저녁,0,47,11.28
7683,사극,3,8,케이블,16,33.1,1,주말저녁,0,40,10.07
7684,코미디,3,5,케이블,16,53.4,4,주말저녁,0,26,11.2
7685,법정,4,12,지상파,24,81.2,1,평일저녁,0,20,11.4
7686,판타지,3,30,지상파,12,81.4,1,평일심야,1,50,10.03
7687,의학,3,12,케이블,16,96.6,1,평일저녁,0,48,9.89
7688,사극,1,12,지상파,24,8.1,4,평일저녁,0,38,13.72
7689,스릴러,4,4,지상파,20,51.8,3,평일심야,0,35,9.66
7690,사극,4,14,지상파,16,58.2,3,평일저녁,0,41,13.31
7691,법정,3,26,OTT,12,45.4,3,평일저녁,0,32,10.75
7692,로맨스,2,21,지상파,12,20.5,3,주말심야,0,31,11.26
7693,스릴러,4,4,지상파,16,43.6,4,평일심야,0,50,5.37
7694,로맨스,3,10,케이블,16,37.8,3,평일심야,0,34,6.7
7695,법정,1,18,지상파,8,38.3,3,평일심야,0,50,10.74
7696,의학,1,18,케이블,8,80.1,3,주말저녁,1,28,10.64
7697,법정,3,10,지상파,12,46.0,1,평일심야,0,20,7.78
7698,로맨스,3,0,지상파,12,75.0,2,주말저녁,0,20,8.75
7699,사극,3,21,지상파,24,64.4,2,평일심야,0,34,12.64
7700,스릴러,1,26,OTT,16,71.8,3,주말저녁,0,34,12.63
7701,법정,3,30,지상파,8,66.1,4,평일심야,0,31,11.77
7702,코미디,5,3,OTT,12,35.8,3,평일저녁,0,30,8.41
7703,사극,3,7,OTT,12,19.4,2,주말저녁,0,26,9.49
7704,사극,4,14,지상파,16,65.5,1,평일저녁,0,22,13.15
7705,법정,1,11,케이블,24,58.3,1,평일저녁,0,31,8.59
7706,사극,5,19,지상파,24,46.3,3,주말저녁,0,38,7.35
7707,의학,1,9,OTT,24,98.9,4,평일저녁,0,32,9.17
7708,의학,2,3,OTT,16,6.8,2,주말심야,0,24,5.99
7709,판타지,1,22,지상파,12,48.1,4,주말저녁,0,35,11.22
7710,판타지,5,7,지상파,32,36.5,4,평일저녁,0,33,4.67
7711,사극,1,23,지상파,32,100.0,1,주말저녁,0,49,14.48
7712,법정,1,11,케이블,20,87.7,1,평일저녁,0,40,10.13
7713,법정,4,5,OTT,24,21.3,2,평일저녁,0,39,8.03
7714,사극,4,22,지상파,24,86.3,2,주말심야,0,35,8.83
7715,법정,5,20,지상파,20,67.9,4,평일저녁,0,39,7.95
7716,사극,1,9,케이블,20,17.1,4,평일저녁,0,33,11.24
7717,의학,2,7,지상파,16,39.3,3,주말저녁,0,20,9.31
7718,의학,4,9,OTT,20,56.3,4,평일저녁,0,21,7.96
7719,판타지,5,11,지상파,32,51.3,3,주말저녁,0,34,7.76
7720,의학,5,18,지상파,24,86.9,3,주말저녁,0,41,8.73
7721,의학,5,6,OTT,8,90.0,1,평일저녁,0,45,7.87
7722,사극,4,1,지상파,32,6.1,4,평일저녁,1,43,6.11
7723,코미디,3,21,지상파,12,42.0,2,주말저녁,0,39,11.4
7724,법정,5,23,OTT,16,31.1,4,평일심야,1,30,4.49
7725,의학,3,5,케이블,12,55.3,3,주말저녁,0,32,9.55
7726,의학,5,17,케이블,16,31.1,4,주말저녁,1,35,12.55
7727,코미디,4,11,OTT,20,55.7,3,평일저녁,0,36,6.41
7728,스릴러,4,4,OTT,16,77.0,3,평일저녁,0,40,5.72
7729,사극,2,0,지상파,20,40.3,3,평일저녁,0,48,12.0
7730,코미디,5,24,케이블,16,55.5,3,평일심야,0,34,6.81
7731,사극,2,14,케이블,16,79.2,1,평일심야,0,30,8.95
7732,로맨스,5,11,케이블,16,11.3,2,주말저녁,0,36,5.7
7733,사극,4,18,지상파,16,44.0,2,평일저녁,1,43,13.04
7734,스릴러,4,6,지상파,20,53.2,3,주말저녁,0,22,9.82
7735,판타지,1,8,케이블,12,57.0,4,평일저녁,0,26,12.54
7736,사극,5,16,케이블,8,16.2,2,평일저녁,0,33,8.68
7737,판타지,1,6,지상파,16,17.0,1,평일심야,1,38,11.85
7738,스릴러,2,11,케이블,24,42.8,1,평일저녁,0,22,9.87
7739,의학,4,16,OTT,16,39.9,4,주말저녁,0,24,8.82
7740,사극,1,27,케이블,20,67.7,2,평일저녁,0,32,12.69
7741,의학,3,0,케이블,8,65.4,2,평일저녁,0,46,9.63
7742,사극,1,13,OTT,24,20.4,1,평일심야,0,25,7.08
7743,의학,3,24,OTT,16,90.2,1,평일저녁,0,38,9.23
7744,판타지,4,27,지상파,16,46.4,4,평일저녁,0,28,12.24
7745,판타지,2,19,케이블,16,69.9,1,평일저녁,0,43,7.9
7746,사극,4,18,케이블,12,76.3,4,주말심야,1,39,7.27
7747,사극,4,21,OTT,24,88.7,4,평일저녁,0,30,10.09
7748,법정,2,19,케이블,12,43.6,3,주말저녁,0,23,9.95
7749,로맨스,5,16,OTT,8,70.7,4,평일심야,0,31,7.33
7750,코미디,2,5,지상파,12,21.7,4,주말심야,1,24,8.89
7751,사극,2,2,지상파,16,78.7,4,주말저녁,1,23,11.79
7752,의학,1,6,케이블,16,73.4,1,평일심야,0,33,10.7
7753,의학,2,17,케이블,8,65.3,4,주말심야,0,34,7.06
7754,스릴러,4,30,지상파,32,25.5,2,주말저녁,0,47,10.77
7755,코미디,2,2,케이블,12,84.0,4,주말저녁,0,43,9.51
7756,법정,1,14,케이블,16,99.8,3,평일저녁,0,25,7.75
7757,로맨스,5,26,지상파,32,56.7,2,주말저녁,0,36,12.98
7758,로맨스,4,17,케이블,16,16.6,4,평일심야,0,43,6.87
7759,스릴러,5,20,지상파,12,42.0,4,주말저녁,0,30,10.93
7760,의학,5,3,OTT,20,11.8,1,평일저녁,0,34,6.18
7761,법정,2,8,케이블,20,64.7,4,주말저녁,0,30,10.68
7762,로맨스,2,4,케이블,16,6.9,1,평일저녁,0,44,9.19
7763,의학,1,29,OTT,24,66.8,4,평일저녁,0,20,12.22
7764,법정,2,5,지상파,24,18.2,2,주말저녁,0,25,12.76
7765,판타지,5,4,케이블,12,54.9,4,주말저녁,0,44,9.51
7766,사극,1,2,OTT,24,45.2,4,평일심야,0,44,9.79
7767,판타지,3,27,OTT,24,21.8,2,평일저녁,0,30,7.32
7768,코미디,4,11,지상파,16,6.4,3,주말저녁,0,49,10.21
7769,로맨스,2,11,지상파,16,76.2,3,주말저녁,0,35,12.63
7770,판타지,3,25,지상파,24,76.3,4,평일심야,0,23,5.57
7771,코미디,5,28,케이블,16,25.8,2,주말저녁,1,46,7.37
7772,사극,4,26,지상파,24,38.7,3,주말심야,0,45,10.33
7773,법정,1,18,케이블,24,54.8,4,평일저녁,1,34,8.16
7774,판타지,4,5,케이블,20,48.0,2,평일저녁,0,43,4.02
7775,로맨스,5,6,지상파,20,14.3,3,주말심야,0,22,7.93
7776,사극,5,11,케이블,16,87.9,2,주말저녁,0,49,10.48
7777,의학,2,11,OTT,16,50.8,1,평일심야,0,41,9.1
7778,로맨스,1,14,지상파,24,17.6,1,평일심야,0,27,8.11
7779,법정,3,29,케이블,8,5.2,2,평일저녁,1,22,7.18
7780,의학,5,2,지상파,12,50.2,3,주말저녁,1,25,9.44
7781,사극,2,3,케이블,16,34.0,3,평일저녁,0,35,9.71
7782,사극,1,26,OTT,16,31.3,3,평일심야,0,48,11.52
7783,법정,4,29,지상파,20,92.5,4,평일저녁,0,41,10.17
7784,의학,5,7,케이블,16,63.2,1,평일심야,0,32,3.35
7785,판타지,1,3,케이블,20,54.0,1,평일저녁,0,44,12.63
7786,스릴러,2,30,케이블,24,19.7,1,평일심야,0,29,5.97
7787,코미디,5,29,지상파,16,88.7,2,평일심야,0,46,9.06
7788,의학,2,2,지상파,16,9.5,2,주말저녁,0,26,12.57
7789,로맨스,1,7,지상파,16,58.0,2,평일심야,0,30,7.8
7790,법정,1,16,지상파,12,98.6,3,주말저녁,0,34,12.52
7791,스릴러,5,25,지상파,20,9.6,2,주말저녁,0,33,8.73
7792,판타지,3,27,지상파,16,49.7,3,주말저녁,0,24,11.13
7793,의학,1,24,케이블,16,90.4,2,평일저녁,0,21,8.2
7794,코미디,3,13,OTT,8,56.6,2,주말심야,0,20,11.46
7795,판타지,4,25,OTT,16,89.1,2,주말심야,0,33,8.5
7796,코미디,3,10,지상파,16,58.0,3,주말저녁,0,21,13.99
7797,판타지,5,4,OTT,20,95.2,3,평일저녁,1,39,5.61
7798,사극,4,23,케이블,12,18.6,3,평일저녁,0,38,9.53
7799,코미디,1,3,케이블,16,76.7,3,주말저녁,1,43,12.34
7800,법정,2,0,지상파,24,29.7,4,주말저녁,0,22,9.2
7801,로맨스,5,25,OTT,12,61.2,1,평일저녁,0,27,9.47
7802,스릴러,4,6,지상파,32,47.6,2,평일저녁,0,45,8.8
7803,로맨스,1,15,케이블,24,35.7,2,평일심야,0,22,10.36
7804,사극,3,14,케이블,20,97.6,4,평일심야,0,32,8.67
7805,스릴러,5,16,지상파,20,25.2,3,평일저녁,0,27,10.35
7806,법정,5,21,지상파,16,95.0,3,평일저녁,0,44,9.99
7807,사극,4,11,케이블,12,16.2,2,평일심야,0,44,6.17
7808,의학,2,30,케이블,16,50.6,2,평일저녁,0,26,11.45
7809,코미디,4,21,지상파,32,92.8,3,평일심야,0,25,8.22
7810,로맨스,4,3,지상파,20,83.4,1,주말심야,0,39,7.93
7811,판타지,4,15,케이블,16,74.5,2,평일저녁,0,39,8.51
7812,코미디,3,10,지상파,24,50.9,2,평일심야,0,25,4.56
7813,판타지,3,19,케이블,8,40.6,3,주말저녁,0,36,11.78
7814,스릴러,1,15,OTT,20,24.2,4,평일저녁,0,47,10.14
7815,판타지,4,26,지상파,20,18.5,3,평일저녁,0,30,9.93
7816,의학,4,3,케이블,16,99.9,1,주말저녁,0,49,11.16
7817,법정,1,18,지상파,12,81.0,2,주말심야,0,47,13.68
7818,사극,2,26,지상파,20,89.9,4,평일저녁,0,22,14.73
7819,코미디,5,26,OTT,24,41.3,2,평일저녁,0,43,6.67
7820,판타지,1,18,OTT,32,60.1,3,주말심야,0,34,9.74
7821,스릴러,2,21,케이블,16,35.0,3,평일심야,0,22,9.66
7822,사극,4,4,케이블,16,13.9,4,평일저녁,0,27,8.38
7823,사극,5,10,케이블,16,76.2,4,평일저녁,0,25,8.81
7824,사극,4,8,케이블,20,57.6,4,주말저녁,0,22,11.8
7825,의학,1,16,지상파,16,51.4,1,평일저녁,0,44,11.75
7826,법정,1,25,OTT,16,98.8,3,주말저녁,0,39,10.38
7827,사극,2,10,OTT,8,48.1,1,평일저녁,0,37,9.91
7828,판타지,2,3,OTT,20,97.5,4,주말저녁,0,32,10.55
7829,사극,1,11,케이블,12,9.4,1,평일저녁,0,31,8.71
7830,의학,1,19,지상파,24,99.7,4,주말심야,0,30,11.54
7831,로맨스,3,7,케이블,16,96.3,4,주말저녁,0,32,8.07
7832,판타지,3,24,OTT,12,85.0,3,주말심야,1,23,7.64
7833,코미디,2,20,케이블,16,64.7,4,평일저녁,0,42,10.28
7834,코미디,4,14,케이블,24,11.8,1,평일저녁,0,46,8.37
7835,스릴러,2,27,OTT,16,53.9,3,평일저녁,1,46,10.27
7836,스릴러,2,12,케이블,12,84.4,4,평일심야,0,41,9.9
7837,의학,3,12,케이블,12,83.6,4,평일저녁,0,43,9.71
7838,스릴러,2,13,지상파,16,69.9,4,평일저녁,0,37,9.48
7839,사극,4,6,OTT,16,43.1,1,주말저녁,0,22,7.04
7840,판타지,4,6,OTT,8,73.0,1,평일저녁,0,48,4.59
7841,판타지,1,9,OTT,20,48.9,1,평일심야,0,26,8.63
7842,의학,1,6,지상파,12,96.4,3,평일저녁,1,32,11.71
7843,로맨스,4,2,OTT,16,93.1,3,주말저녁,0,49,7.68
7844,스릴러,5,0,지상파,24,37.7,1,주말저녁,1,23,7.37
7845,로맨스,5,28,지상파,12,19.9,2,주말저녁,1,39,10.15
7846,스릴러,4,24,OTT,12,83.1,1,평일저녁,0,42,8.58
7847,의학,3,2,케이블,12,46.3,4,평일저녁,0,32,10.04
7848,코미디,3,24,지상파,16,10.0,2,주말저녁,0,31,8.95
7849,사극,4,30,케이블,16,85.8,3,평일저녁,0,43,10.57
7850,코미디,3,13,지상파,24,52.9,1,주말심야,1,44,6.35
7851,판타지,3,5,OTT,16,92.6,2,평일저녁,0,46,8.69
7852,법정,1,2,지상파,20,49.0,2,평일저녁,0,49,10.86
7853,의학,4,3,케이블,32,34.4,1,평일저녁,0,34,6.48
7854,판타지,2,10,지상파,16,84.1,4,평일저녁,1,40,10.47
7855,로맨스,2,1,케이블,20,34.1,2,주말저녁,0,32,7.69
7856,사극,4,19,지상파,24,43.5,2,평일저녁,0,38,10.37
7857,로맨스,1,7,케이블,16,11.4,4,주말심야,0,34,5.81
7858,법정,1,15,지상파,24,10.2,3,주말저녁,0,42,10.62
7859,법정,5,0,케이블,32,72.5,2,주말저녁,0,28,8.6
7860,로맨스,4,28,케이블,12,90.3,1,평일저녁,0,43,8.67
7861,사극,4,11,지상파,16,11.6,3,평일저녁,0,26,9.09
7862,사극,1,25,지상파,32,99.0,4,평일심야,0,31,14.17
7863,코미디,5,2,지상파,16,63.5,3,평일저녁,0,45,9.47
7864,판타지,3,20,지상파,12,93.2,4,평일저녁,0,24,9.47
7865,코미디,5,4,지상파,16,95.6,1,평일저녁,0,40,11.29
7866,코미디,1,11,지상파,24,38.3,2,주말심야,0,21,8.58
7867,코미디,4,26,지상파,12,42.2,1,평일심야,0,26,9.74
7868,의학,1,23,케이블,16,49.8,1,평일저녁,1,24,10.36
7869,판타지,2,19,케이블,20,82.0,3,주말저녁,0,27,11.9
7870,로맨스,4,23,지상파,12,82.5,2,평일저녁,1,36,9.19
7871,코미디,4,10,케이블,20,46.4,2,주말심야,1,47,6.85
7872,판타지,2,20,OTT,16,8.7,2,평일심야,0,43,6.44
7873,의학,2,18,케이블,20,57.2,4,평일저녁,0,23,10.07
7874,사극,5,28,지상파,12,5.5,4,평일저녁,0,32,10.91
7875,코미디,1,1,케이블,16,51.0,4,평일저녁,0,25,11.93
7876,로맨스,5,13,케이블,20,67.1,4,평일저녁,0,41,3.4
7877,판타지,3,17,지상파,16,38.9,1,평일심야,0,32,10.76
7878,코미디,4,5,지상파,8,36.2,1,평일심야,0,49,8.17
7879,코미디,4,15,OTT,16,99.2,3,주말저녁,0,31,9.79
7880,로맨스,1,3,지상파,24,57.8,1,평일저녁,0,21,12.21
7881,판타지,5,26,케이블,20,75.9,1,주말저녁,0,46,8.76
7882,코미디,1,7,케이블,12,46.9,3,주말심야,0,28,11.58
7883,의학,1,10,케이블,20,75.7,4,평일저녁,0,27,10.75
7884,로맨스,2,15,지상파,16,13.1,1,평일저녁,0,27,9.46
7885,로맨스,2,12,OTT,24,20.5,2,평일저녁,0,40,9.89
7886,스릴러,4,7,OTT,16,42.2,1,주말저녁,0,50,8.53
7887,법정,1,8,지상파,32,82.3,1,주말저녁,0,36,10.45
7888,스릴러,5,16,지상파,24,56.4,2,주말저녁,0,36,12.07
7889,스릴러,4,11,케이블,24,42.1,2,주말저녁,0,43,7.84
7890,로맨스,3,12,OTT,8,87.9,2,평일심야,0,30,5.18
7891,코미디,4,7,케이블,12,6.4,3,평일저녁,0,28,7.28
7892,로맨스,3,16,지상파,20,90.4,2,평일심야,0,39,9.59
7893,판타지,5,5,OTT,16,94.4,1,주말저녁,0,49,8.71
7894,코미디,3,16,지상파,12,99.6,1,평일저녁,0,21,11.26
7895,판타지,2,28,케이블,24,38.6,2,평일저녁,0,25,11.79
7896,로맨스,2,18,지상파,8,44.1,1,평일저녁,0,35,10.35
7897,사극,1,2,케이블,24,77.4,2,평일저녁,0,34,10.75
7898,코미디,4,8,지상파,32,45.6,4,평일저녁,0,35,8.39
7899,사극,4,11,지상파,20,65.8,2,주말저녁,0,46,12.22
7900,스릴러,4,17,OTT,24,55.4,1,주말심야,0,29,5.9
7901,스릴러,2,27,OTT,16,65.6,2,주말저녁,0,40,10.88
7902,법정,5,2,OTT,8,87.2,2,평일저녁,0,43,7.6
7903,법정,5,29,케이블,20,50.4,1,주말저녁,1,36,9.21
7904,코미디,1,16,OTT,32,87.3,4,평일심야,0,33,7.9
7905,코미디,3,26,케이블,16,88.1,4,평일심야,0,27,10.73
7906,로맨스,4,12,OTT,20,5.3,3,평일저녁,0,21,7.66
7907,사극,1,11,OTT,16,43.3,1,평일심야,1,22,8.48
7908,의학,1,18,케이블,16,7.6,4,주말저녁,0,49,14.13
7909,코미디,4,27,지상파,12,91.8,1,평일저녁,0,36,14.14
7910,판타지,1,12,케이블,20,20.4,4,평일심야,1,41,7.59
7911,법정,1,13,지상파,16,48.2,2,주말저녁,0,23,10.78
7912,코미디,3,14,지상파,8,39.5,4,평일저녁,0,23,11.28
7913,코미디,4,2,OTT,16,89.2,3,주말저녁,0,42,9.93
7914,스릴러,4,30,지상파,24,21.0,3,주말저녁,0,42,13.31
7915,의학,4,18,OTT,16,91.6,4,평일저녁,0,45,13.16
7916,스릴러,4,18,OTT,20,41.5,3,주말저녁,0,49,10.14
7917,로맨스,1,15,지상파,16,75.6,4,평일심야,1,22,10.39
7918,의학,5,21,케이블,32,94.7,2,평일저녁,0,38,9.38
7919,의학,2,22,OTT,16,82.0,1,평일심야,0,25,11.81
7920,판타지,4,18,지상파,24,90.1,1,평일심야,0,35,9.38
7921,스릴러,5,30,케이블,32,52.0,3,평일저녁,0,38,9.9
7922,스릴러,4,27,케이블,16,68.9,4,주말심야,0,30,10.12
7923,판타지,1,29,케이블,16,73.1,4,주말저녁,0,28,10.84
7924,스릴러,2,11,케이블,16,27.3,2,평일저녁,0,43,9.5
7925,코미디,1,18,지상파,16,77.2,3,주말저녁,0,48,12.87
7926,코미디,3,27,지상파,16,28.0,3,평일저녁,0,36,10.68
7927,스릴러,4,1,케이블,20,56.6,4,평일저녁,0,32,8.29
7928,코미디,5,15,케이블,20,52.6,3,주말심야,0,30,7.94
7929,로맨스,5,5,케이블,12,49.4,1,주말저녁,0,42,9.88
7930,코미디,4,18,케이블,16,17.4,3,주말저녁,0,36,6.88
7931,판타지,2,0,케이블,16,63.6,1,평일심야,0,24,7.32
7932,법정,3,5,케이블,16,46.6,3,평일저녁,0,48,9.17
7933,코미디,4,28,지상파,16,16.8,2,평일심야,0,26,6.71
7934,의학,3,18,OTT,16,47.3,3,평일저녁,0,42,8.32
7935,로맨스,1,9,지상파,20,99.5,1,평일심야,1,45,9.34
7936,판타지,2,10,케이블,8,82.5,3,평일저녁,1,20,8.94
7937,사극,2,15,케이블,12,74.6,1,평일저녁,1,21,10.09
7938,로맨스,4,18,지상파,24,21.4,4,주말심야,0,42,11.97
7939,법정,1,7,지상파,24,19.9,2,평일저녁,0,49,10.4
7940,판타지,3,28,OTT,16,59.4,3,주말저녁,1,34,10.58
7941,코미디,3,10,지상파,16,50.2,3,평일저녁,0,31,9.78
7942,스릴러,4,8,지상파,32,93.2,3,주말저녁,0,48,9.31
7943,의학,3,15,케이블,12,44.3,4,주말저녁,0,45,13.23
7944,로맨스,3,14,케이블,16,95.9,4,주말저녁,0,43,8.71
7945,의학,1,29,지상파,32,35.1,1,주말저녁,0,23,15.05
7946,의학,5,10,케이블,24,55.2,1,평일저녁,1,47,11.24
7947,의학,3,24,OTT,24,47.1,2,평일저녁,0,32,8.25
7948,코미디,2,16,지상파,24,10.5,3,주말저녁,1,44,11.87
7949,스릴러,1,6,케이블,12,54.6,1,평일저녁,0,34,11.15
7950,사극,3,26,케이블,16,17.7,4,주말저녁,0,45,10.56
7951,법정,4,2,케이블,16,69.7,1,평일심야,0,21,6.55
7952,코미디,3,24,케이블,24,59.9,2,평일저녁,0,47,9.25
7953,판타지,4,6,케이블,24,20.6,2,평일심야,1,23,9.53
7954,사극,5,16,지상파,16,56.5,3,평일저녁,0,45,9.59
7955,의학,5,6,지상파,16,71.1,2,평일심야,0,28,9.66
7956,스릴러,4,22,지상파,16,83.6,1,평일저녁,1,48,11.65
7957,코미디,2,3,OTT,16,50.3,4,평일저녁,0,33,9.34
7958,스릴러,5,16,OTT,24,35.5,4,주말심야,0,36,6.7
7959,로맨스,3,3,OTT,16,17.2,1,평일저녁,0,27,9.13
7960,로맨스,5,21,지상파,16,97.4,2,주말저녁,0,28,14.13
7961,판타지,4,23,지상파,32,91.0,1,평일저녁,0,33,9.65
7962,법정,1,19,지상파,12,78.1,3,평일저녁,0,49,15.62
7963,코미디,4,10,OTT,16,44.2,1,주말심야,0,20,6.52
7964,법정,1,18,OTT,24,73.8,2,평일저녁,0,37,11.02
7965,코미디,5,5,케이블,8,8.3,1,평일심야,1,27,1.74
7966,판타지,1,22,지상파,20,19.6,4,평일심야,0,41,6.27
7967,의학,5,11,지상파,12,98.9,3,평일저녁,0,42,10.93
7968,법정,3,18,지상파,12,23.4,4,평일심야,0,43,9.43
7969,법정,4,10,지상파,16,20.8,3,주말저녁,0,48,10.55
7970,로맨스,4,8,케이블,16,20.3,3,평일심야,0,41,3.9
7971,사극,1,14,지상파,32,60.6,2,평일저녁,0,28,13.38
7972,의학,3,18,케이블,8,7.4,3,평일심야,0,44,5.64
7973,판타지,5,14,지상파,16,19.9,1,주말저녁,0,39,8.84
7974,의학,5,21,지상파,16,35.0,3,주말저녁,0,28,12.61
7975,판타지,1,3,지상파,16,40.6,3,평일심야,0,31,7.95
7976,로맨스,3,30,지상파,20,33.0,4,평일저녁,1,22,15.63
7977,판타지,1,9,케이블,16,83.1,4,평일심야,1,28,5.52
7978,사극,1,25,케이블,20,74.9,3,평일저녁,0,26,14.85
7979,판타지,5,16,지상파,16,67.2,4,주말저녁,0,42,10.48
7980,로맨스,3,23,케이블,20,46.9,3,평일저녁,1,22,9.26
7981,스릴러,2,25,케이블,24,19.8,2,평일저녁,0,42,7.55
7982,의학,4,22,지상파,20,46.6,4,평일저녁,0,40,10.51
7983,판타지,3,3,케이블,16,18.1,2,평일심야,0,43,6.0
7984,판타지,4,10,OTT,12,80.5,4,평일심야,0,43,6.22
7985,코미디,5,14,OTT,8,28.4,2,평일저녁,0,33,4.02
7986,의학,2,26,케이블,20,51.7,1,평일저녁,0,34,9.96
7987,의학,1,7,케이블,16,9.6,4,평일저녁,0,39,9.55
7988,스릴러,4,29,케이블,16,34.5,1,평일저녁,1,32,7.63
7989,의학,3,10,케이블,12,34.3,2,주말저녁,0,33,7.78
7990,로맨스,5,15,케이블,12,56.6,4,주말저녁,0,23,10.35
7991,사극,5,17,케이블,8,67.7,3,주말저녁,0,26,11.3
7992,의학,4,22,지상파,16,31.9,1,주말저녁,0,37,8.12
7993,스릴러,3,19,케이블,16,8.7,4,평일저녁,0,21,9.63
7994,로맨스,5,24,케이블,24,37.6,3,주말저녁,0,22,10.66
7995,사극,1,24,케이블,16,62.5,4,평일심야,1,32,8.31
7996,사극,3,18,케이블,20,50.7,2,평일저녁,0,40,8.47
7997,로맨스,1,19,케이블,16,67.3,4,평일저녁,0,46,9.49
7998,사극,3,4,OTT,12,15.1,2,평일저녁,0,41,7.95
7999,스릴러,3,13,지상파,24,59.8,2,주말저녁,0,34,12.45
